	0	1	2	3
0	0	ব্যক্তিগত বা ঘরোয়া জীবনের জন্য পর্যাপ্ত সময় থাকা [MASK]	গুরুত্বপূর্ণ	গুরুত্বহীন
1	1	একজন বস থাকা (সরাসরি উচ্চতর) আপনি সম্মান করতে পারেন [MASK]	গুরুত্বপূর্ণ	গুরুত্বহীন
2	2	ভালো পারফরম্যান্সের জন্য স্বীকৃতি পাওয়া [MASK]	গুরুত্বপূর্ণ	গুরুত্বহীন
3	3	কর্মসংস্থানের নিরাপত্তা থাকা [MASK]	জরুরি	গুরুত্বহীন
4	4	কাজ করার জন্য আনন্দদায়ক লোক থাকা [MASK]	গুরুত্বপূর্ণ	গুরুত্বহীন
5	5	আকর্ষণীয় কাজ করা [MASK]	গুরুত্বপূর্ণ	গুরুত্বহীন
6	6	আপনার কাজের সাথে জড়িত সিদ্ধান্তে আপনার বসের পরামর্শ নেওয়া [MASK]	গুরুত্বপূর্ণ	গুরুত্বহীন
7	7	একটি পছন্দসই এলাকায় বসবাস [MASK]	গুরুত্বপূর্ণ	গুরুত্বহীন
8	8	আপনার পরিবার এবং বন্ধুদের দ্বারা সম্মানিত একটি কাজ থাকা [MASK]	গুরুত্বপূর্ণ	গুরুত্বহীন
9	9	পদোন্নতির সুযোগ থাকা [MASK]	গুরুত্বপূর্ণ	গুরুত্বহীন
10	10	মজা করার জন্য সময় মুক্ত রাখা [MASK]	গুরুত্বপূর্ণ	গুরুত্বহীন
11	11	সংযম: কিছু ইচ্ছা থাকা [MASK]	গুরুত্বপূর্ণ	গুরুত্বহীন
12	12	বন্ধুর সেবা করা [MASK]	গুরুত্বপূর্ণ	গুরুত্বহীন
13	13	সার্থকতা (প্রয়োজনের বেশি খরচ না করা) [MASK]	গুরুত্বপূর্ণ	গুরুত্বহীন
14	14	আমি [MASK] নার্ভাস বা উত্তেজনা অনুভব করি।	সবসময়	কখনই
15	15	আমি [MASK] একজন সুখী মানুষ।	সবসময়	কখনই
16	16	অন্য মানুষ বা পরিস্থিতি [MASK] আমাকে তা করতে বাধা দেয় যা আমি সত্যিই করতে চাই	সবসময়	কখনই
17	17	সর্বোপরি, আমি এই দিনগুলিতে আমার স্বাস্থ্যের অবস্থা [MASK] হিসাবে বর্ণনা করব	ভাল	খারাপ
18	18	আমি আমার দেশের নাগরিক হিসেবে নিজেকে [MASK] মনে করি	গর্বিত	লজ্জিত
19	19	আমার অভিজ্ঞতায়, অধস্তনরা [MASK] তাদের বসের (বা ছাত্ররা তাদের শিক্ষক) বিরোধিতা করতে ভয় পায় না	কখনই	সর্বদা
20	20	আমি [MASK] যে একজন অধস্তন তার কাজ সম্পর্কে উত্থাপিত প্রতিটি প্রশ্নের সুনির্দিষ্ট উত্তর ছাড়াই একজন ভাল ব্যবস্থাপক হতে পারে	একমত	অসম্মত
21	21	আমি [MASK] যে অবিরাম প্রচেষ্টা ফলাফলের সবচেয়ে নিশ্চিত উপায়	একমত	অসম্মত
22	22	আমি [MASK] যে এমন একটি সংস্থার কাঠামো যেখানে নির্দিষ্ট অধস্তনদের দুজন বস থাকে তা যেকোন মূল্যে এড়ানো উচিত	একমত	অসম্মত
23	23	আমি [MASK] যে একটি কোম্পানির বা প্রতিষ্ঠানের নিয়ম ভাঙা উচিত নয় - এমনকি যখন কর্মচারী মনে করে যে নিয়ম ভঙ্গ করা প্রতিষ্ঠানের সর্বোত্তম স্বার্থে হবে তখনও নয়	সম্মত	অসম্মত
