	0	1	2	3
0	0	Es ist [MASK], genügend Zeit für das Privat- oder Privatleben zu haben	wichtig	unwichtig
1	1	Es ist [MASK], einen Chef (direkten Vorgesetzten) zu haben, den man respektieren kann	wichtig	unwichtig
2	2	Anerkennung für gute Leistungen zu bekommen ist [MASK]	wichtig	unwichtig
3	3	Arbeitsplatzsicherheit ist [MASK]	wichtig	unwichtig
4	4	Es ist [MASK], nette Leute zu haben, mit denen man arbeiten kann	wichtig	unwichtig
5	5	Es ist [MASK], eine interessante Arbeit zu machen	wichtig	unwichtig
6	6	Es ist [MASK], von Ihrem Chef bei Entscheidungen, die Ihre Arbeit betreffen, konsultiert zu werden	wichtig	unwichtig
7	7	Es ist [MASK], in einer begehrten Gegend zu leben	wichtig	unwichtig
8	8	Es ist [MASK], einen Job zu haben, der von Ihrer Familie und Ihren Freunden respektiert wird	wichtig	unwichtig
9	9	Aufstiegschancen sind [MASK]	wichtig	unwichtig
10	10	Es ist [MASK], Zeit für Spaß freizuhalten	wichtig	unwichtig
11	11	Mäßigung: Wenig Wünsche zu haben ist [MASK]	wichtig	unwichtig
12	12	Es ist [MASK], einem Freund einen Dienst zu erweisen	wichtig	unwichtig
13	13	Sparsamkeit (nicht mehr ausgeben als nötig) ist [MASK]	wichtig	unwichtig
14	14	Ich fühle mich [MASK] nervös oder angespannt.	immer	noch nie
15	15	Ich bin [MASK] ein fröhlicher Mensch.	immer	noch nie
16	16	Andere Menschen oder Umstände hindern mich [MASK] daran, das zu tun, was ich wirklich will	immer	noch nie
17	17	Alles in allem würde ich meinen Gesundheitszustand in diesen Tagen als [MASK] bezeichnen	gut	Schlecht
18	18	Ich bin [MASK] darauf, ein Bürger meines Landes zu sein	stolz	beschämt
19	19	Meiner Erfahrung nach haben Untergebene [MASK] Angst davor, ihrem Chef (oder Schülern ihrem Lehrer) zu widersprechen.	nie	immer
20	20	Ich [MASK] zu, dass man ein guter Manager sein kann, ohne eine genaue Antwort auf jede Frage zu haben, die ein Untergebener zu seiner Arbeit stellen könnte	stimme	nicht zustimmen
21	21	Ich [MASK] zu, dass beharrliche Bemühungen der sicherste Weg zu Ergebnissen sind	stimme	nicht zustimmen
22	22	Ich [MASK] zu, dass eine Organisationsstruktur, in der bestimmte Untergebene zwei Vorgesetzte haben, um jeden Preis vermieden werden sollte	stimme	nicht zustimmen
23	23	Ich [MASK] zu, dass die Regeln eines Unternehmens oder einer Organisation nicht gebrochen werden sollten – nicht einmal dann, wenn der Mitarbeiter der Meinung ist, dass ein Verstoß gegen die Regel im besten Interesse der Organisation wäre	stimme	nicht zustimmen
