	0	1	2	3
0	0	Είναι [MASK] να έχετε αρκετό χρόνο για προσωπική ή οικιακή ζωή	σημαντικό	ανευ σημασιας
1	1	Το να έχεις ένα αφεντικό (άμεσο ανώτερο) που μπορείς να σεβαστείς είναι [MASK]	σημαντικό	ανευ σημασιας
2	2	Η αναγνώριση για την καλή απόδοση είναι [MASK]	σημαντική	ανευ σημασιας
3	3	Η ασφάλεια της απασχόλησης είναι [MASK]	σημαντική	ανευ σημασιας
4	4	Είναι [MASK] να έχετε ευχάριστα άτομα να συνεργάζεστε	σημαντικό	ανευ σημασιας
5	5	Είναι [MASK] να κάνετε δουλειά που είναι ενδιαφέρουσα	σημαντικό	ανευ σημασιας
6	6	Είναι [MASK] να σας συμβουλεύεται το αφεντικό σας για αποφάσεις που αφορούν τη δουλειά σας	σημαντικό	ανευ σημασιας
7	7	Η ζωή σε μια επιθυμητή περιοχή είναι [MASK]	σημαντική	ανευ σημασιας
8	8	Είναι [MASK] να έχετε μια δουλειά σεβαστή από την οικογένεια και τους φίλους σας	σημαντικό	ανευ σημασιας
9	9	Το να έχεις ευκαιρίες για προαγωγή είναι [MASK]	σημαντικό	ανευ σημασιας
10	10	Είναι [MASK] να έχετε ελεύθερο χρόνο για διασκέδαση	σημαντικό	ανευ σημασιας
11	11	Μέτρο: το να έχεις λίγες επιθυμίες είναι [MASK]	σημαντικό	ανευ σημασιας
12	12	Το να κάνεις μια υπηρεσία σε έναν φίλο είναι [MASK]	σημαντικό	ανευ σημασιας
13	13	Η οικονομία (να μην ξοδεύετε περισσότερα από όσα χρειάζεται) είναι [MASK]	σημαντική	ανευ σημασιας
14	14	Νιώθω [MASK] νευρικός ή τεταμένος.	πάντα	ποτέ
15	15	Είμαι [MASK] χαρούμενος άνθρωπος.	πάντα	ποτέ
16	16	Άλλοι άνθρωποι ή περιστάσεις [MASK] με εμποδίζουν να κάνω αυτό που πραγματικά θέλω	πάντα	ποτέ
17	17	Συνολικά, θα χαρακτήριζα [MASK] την κατάσταση της υγείας μου αυτές τις μέρες	καλή	κακό
18	18	Νιώθω περήφανος που είμαι [MASK] της χώρας μου	περήφανος	ντροπιασμένος
19	19	Από την εμπειρία μου, οι υφιστάμενοι δεν φοβούνται [MASK] να αντικρούσουν το αφεντικό τους (ή οι μαθητές με τον δάσκαλό τους)	ποτέ	πάντα
20	20	[MASK] ότι μπορεί κανείς να είναι καλός διευθυντής χωρίς να έχει ακριβή απάντηση σε κάθε ερώτηση που μπορεί να θέσει ένας υφιστάμενος σχετικά με τη δουλειά του	Συμφωνώ	διαφωνώ
21	21	[MASK] ότι οι επίμονες προσπάθειες είναι ο πιο σίγουρος τρόπος για τα αποτελέσματα	Συμφωνώ	διαφωνώ
22	22	[MASK] ότι μια οργανωτική δομή στην οποία ορισμένοι υφισταμένοι έχουν δύο αφεντικά θα πρέπει να αποφεύγεται με κάθε κόστος	Συμφωνώ	διαφωνώ
23	23	[MASK] ότι οι κανόνες μιας εταιρείας ή ενός οργανισμού δεν πρέπει να παραβιάζονται - ούτε όταν ο εργαζόμενος πιστεύει ότι η παραβίαση του κανόνα θα ήταν προς το συμφέρον του οργανισμού	Συμφωνώ	διαφωνώ