	0	1	2	3
0	0	داشتن زمان کافی برای زندگی شخصی یا خانگی [MASK] است	مهم	بی اهمیت
1	1	داشتن یک رئیس (مقام مافوق مستقیم) که بتوانید به او احترام بگذارید [MASK] است	مهم	بی اهمیت
2	2	کسب شناخت برای عملکرد خوب [MASK] است	مهم	بی اهمیت
3	3	داشتن امنیت شغلی [MASK] است	مهم	بی اهمیت
4	4	داشتن افراد دلپذیر برای کار کردن [MASK] است	مهم	بی اهمیت
5	5	انجام کاری که جالب است [MASK] است	مهم	بی اهمیت
6	6	در تصمیم گیری های مربوط به کارتان با رئیستان مشورت [MASK]	کنید	بی اهمیت
7	7	زندگی در یک منطقه مطلوب [MASK] است	مهم	بی اهمیت
8	8	داشتن شغل مورد احترام خانواده و دوستان [MASK] است	مهم	بی اهمیت
9	9	داشتن شانس برای ارتقاء [MASK] است	مهم	بی اهمیت
10	10	آزاد نگه داشتن زمان برای تفریح [MASK] است	مهم	بی اهمیت
11	11	اعتدال: داشتن آرزوهای کم [MASK] است	مهم	بی اهمیت
12	12	انجام خدمت به یک دوست [MASK] است	مهم	بی اهمیت
13	13	صرفه جویی (هزینه نکردن بیشتر از حد نیاز) [MASK] است	مهم	بی اهمیت
14	14	من [MASK] احساس عصبی یا تنش می کنم.	همیشه	هرگز
15	15	من [MASK] آدم شادی هستم.	همیشه	هرگز
16	16	دیگران یا شرایط [MASK] من را از انجام کاری که واقعاً می خواهم باز می دارند	همیشه	هرگز
17	17	در مجموع وضعیت سلامتی این روزهایم را [MASK] توصیف می کنم	خوب	بد
18	18	من احساس [MASK] می کنم که شهروند کشورم هستم	غرور	شرمنده
19	19	طبق تجربه من، زیردستان [MASK] از مخالفت با رئیس خود (یا دانش آموزان با معلم خود) نمی ترسند.	هرگز	همیشه
20	20	[MASK]م که می توان بدون داشتن پاسخ دقیق برای هر سوالی که زیردستان در مورد کارش مطرح می کند، مدیر خوبی بود.	موافق	مخالف بودن
21	21	من [MASK]م که تلاش مداوم مطمئن ترین راه برای رسیدن به نتیجه است	موافق	مخالف بودن
22	22	من [MASK]م که ساختار سازمانی که در آن برخی از زیردستان دو رئیس دارند باید به هر قیمتی شده اجتناب شود	موافق	مخالف بودن
23	23	من [MASK]م که قوانین یک شرکت یا سازمان نباید زیر پا گذاشته شود - حتی زمانی که کارمند فکر می کند نقض قوانین به نفع سازمان است.	موافق	مخالف بودن
