	0	1	2	3
0	0	Memiliki waktu yang cukup untuk kehidupan pribadi atau rumah tangga itu [MASK]	penting	tidak penting
1	1	Memiliki bos (atasan langsung) yang bisa Anda hormati itu [MASK]	penting	tidak penting
2	2	Mendapatkan pengakuan atas kinerja yang baik itu [MASK]	penting	tidak penting
3	3	Memiliki keamanan kerja itu [MASK]	penting	tidak penting
4	4	Memiliki orang yang menyenangkan untuk diajak bekerja sama itu [MASK]	penting	tidak penting
5	5	Melakukan pekerjaan yang menarik itu [MASK]	penting	tidak penting
6	6	Dikonsultasikan oleh atasan Anda dalam keputusan yang melibatkan pekerjaan Anda adalah [MASK]	penting	tidak penting
7	7	Tinggal di daerah yang diinginkan itu [MASK]	penting	tidak penting
8	8	Memiliki pekerjaan yang dihormati oleh keluarga dan teman adalah [MASK]	penting	tidak penting
9	9	Memiliki kesempatan untuk promosi itu [MASK]	penting	tidak penting
10	10	Menjaga waktu luang untuk bersenang-senang itu [MASK]	penting	tidak penting
11	11	Moderasi: memiliki sedikit keinginan itu [MASK]	penting	tidak penting
12	12	Melayani sahabat itu [MASK]	penting	tidak penting
13	13	Hemat (tidak membelanjakan lebih dari yang dibutuhkan) itu [MASK]	penting	tidak penting
14	14	Saya [MASK] merasa gugup atau tegang.	selalu	tidak pernah
15	15	Saya [MASK] menjadi orang yang bahagia.	selalu	tidak pernah
16	16	Orang atau keadaan lain [MASK] mencegah saya melakukan apa yang benar-benar saya inginkan	selalu	tidak pernah
17	17	Secara keseluruhan, saya akan menggambarkan keadaan kesehatan saya hari ini sebagai [MASK]	baik	buruk
18	18	Saya merasa [MASK] menjadi warga negara saya	bangga	malu
19	19	Dalam pengalaman saya, bawahan [MASK] takut untuk menentang atasan mereka (atau siswa guru mereka)	tidak pernah	selalu
20	20	Saya [MASK] bahwa seseorang dapat menjadi manajer yang baik tanpa memiliki jawaban yang tepat untuk setiap pertanyaan yang mungkin diajukan oleh bawahan tentang pekerjaannya	setuju	tidak setuju
21	21	Saya [MASK] bahwa upaya yang gigih adalah cara paling pasti untuk mencapai hasil	setuju	tidak setuju
22	22	Saya [MASK] bahwa struktur organisasi di mana bawahan tertentu memiliki dua bos harus dihindari bagaimanapun caranya	setuju	tidak setuju
23	23	Saya [MASK] bahwa aturan perusahaan atau organisasi tidak boleh dilanggar - bahkan ketika karyawan berpikir melanggar aturan akan menjadi kepentingan terbaik organisasi	setuju	tidak setuju
