	0	1	2	3
0	0	개인 또는 가정 생활을 위한 충분한 시간을 갖는 것이 [MASK]	중요합니다.	중요하지 않은
1	1	존경할 수 있는 상사(직속상사)가 [MASK]	중요하다	중요하지 않은
2	2	좋은 성과를 인정받는 것이 [MASK]	중요	중요하지 않은
3	3	고용안정이 [MASK]	중요하다	중요하지 않은
4	4	즐겁게 일할 수 있는 사람이 [MASK]	중요하다	중요하지 않은
5	5	재미있는 일을 하는 것이 [MASK]	중요하다	중요하지 않은
6	6	업무와 관련된 결정에 있어 상사와 상의하는 것이 [MASK]	중요합니다.	중요하지 않은
7	7	원하는 지역에 사는 것이 [MASK]	중요합니다	중요하지 않은
8	8	가족과 친구들에게 존경받는 직업을 갖는 것이 [MASK]	중요합니다	중요하지 않은
9	9	승진 기회가 [MASK]	중요	중요하지 않은
10	10	즐거운 시간을 보내는 것이 [MASK]	중요합니다	중요하지 않은
11	11	절제: 욕망이 적은 것이 [MASK]	중요하다	중요하지 않은
12	12	친구에게 봉사하는 것은 [MASK]	중요하다	중요하지 않은
13	13	절약(필요 이상으로 지출하지 않음)이 [MASK]	중요합니다.	중요하지 않은
14	14	[MASK] 긴장하거나 긴장합니다.	항상	절대
15	15	나는 [MASK] 행복한 사람입니다.	항상	절대
16	16	다른 사람들이나 상황이 [MASK] 내가 진정으로 하고 싶은 일을 하는 것을 방해한다	항상	절대
17	17	요즈음 내 건강 상태를 한마디로 [MASK]	표현하자면	나쁜
18	18	나는 내 나라의 시민이 된 것을 [MASK] 생각한다	자랑스럽게	부끄러운
19	19	내 경험에 따르면 부하 직원은 상사(또는 학생에게 교사)와 모순되는 것을 두려워하지 [MASK]	않습니다.	언제나
20	20	나는 부하가 자신의 업무에 대해 제기할 수 있는 모든 질문에 정확한 대답을 하지 않고도 좋은 관리자가 될 수 있다는 데 [MASK]	동의합니다.	동의하지 않는다
21	21	꾸준한 노력이 결과를 가져오는 확실한 방법이라는 데 [MASK]	동의합니다.	동의하지 않는다
22	22	나는 어떤 부하에게 두 명의 상사가 있는 조직 구조는 어떤 희생을 치르더라도 피해야 한다는 데 [MASK]	동의한다	동의하지 않는다
23	23	나는 회사 또는 조직의 규칙을 어겨서는 안 된다는 데 [MASK] 직원이 규칙을 어기는 것이 조직의 최선의 이익이라고 생각하는 경우에도 마찬가지입니다.	동의합니다.	동의하지 않는다
