	0	1	2	3
0	0	Mempunyai masa yang mencukupi untuk kehidupan peribadi atau rumah adalah [MASK]	penting	tak penting
1	1	Mempunyai bos (orang atasan langsung) yang anda boleh hormati adalah [MASK]	penting	tak penting
2	2	Mendapat pengiktirafan untuk prestasi yang baik adalah [MASK]	penting	tak penting
3	3	Mempunyai keselamatan pekerjaan adalah [MASK]	penting	tak penting
4	4	Mempunyai orang yang menyenangkan untuk bekerja adalah [MASK]	penting	tak penting
5	5	Melakukan kerja yang menarik adalah [MASK]	penting	tak penting
6	6	Dirujuk oleh bos anda dalam keputusan yang melibatkan kerja anda adalah [MASK]	penting	tak penting
7	7	Tinggal di kawasan yang diingini adalah [MASK]	penting	tak penting
8	8	Mempunyai pekerjaan yang dihormati oleh keluarga dan rakan anda adalah [MASK]	penting	tak penting
9	9	Mempunyai peluang untuk kenaikan pangkat adalah [MASK]	penting	tak penting
10	10	Menjaga masa lapang untuk berseronok adalah [MASK]	penting	tak penting
11	11	Kesederhanaan: mempunyai sedikit keinginan adalah [MASK]	penting	tak penting
12	12	Melakukan perkhidmatan kepada rakan adalah [MASK]	penting	tak penting
13	13	Berjimat cermat (tidak berbelanja melebihi keperluan) adalah [MASK]	penting	tak penting
14	14	Saya [MASK] berasa gementar atau tegang.	sentiasa	tidak pernah
15	15	Saya [MASK] seorang yang gembira.	sentiasa	tidak pernah
16	16	Orang atau keadaan lain [MASK] menghalang saya daripada melakukan apa yang saya mahukan	sentiasa	tidak pernah
17	17	Secara keseluruhannya, saya akan menggambarkan keadaan kesihatan saya hari ini sebagai [MASK]	baik	teruk
18	18	Saya berasa [MASK] menjadi rakyat negara saya	bangga	malu
19	19	Dalam pengalaman saya, orang bawahan [MASK] takut untuk bercanggah dengan bos mereka (atau pelajar guru mereka)	tidak pernah	sentiasa
20	20	Saya ber[MASK] bahawa seseorang boleh menjadi pengurus yang baik tanpa mempunyai jawapan yang tepat kepada setiap soalan yang dibangkitkan oleh bawahan tentang kerjanya	setuju	tidak bersetuju
21	21	Saya ber[MASK] bahawa usaha berterusan adalah cara yang paling pasti untuk mencapai hasil	setuju	tidak bersetuju
22	22	Saya ber[MASK] bahawa struktur organisasi di mana orang bawahan tertentu mempunyai dua ketua harus dielakkan pada semua kos	setuju	tidak bersetuju
23	23	Saya ber[MASK] bahawa peraturan syarikat atau organisasi tidak boleh dilanggar - walaupun pekerja berpendapat bahawa melanggar peraturan itu adalah untuk kepentingan terbaik organisasi	setuju	tidak bersetuju
