	0	1	2	3
0	0	Este [MASK] să aveți suficient timp pentru viața personală sau de acasă	important	neimportant
1	1	Este [MASK] să ai un șef (superior direct) pe care îl poți respecta	important	neimportant
2	2	Este [MASK] să obțineți recunoaștere pentru performanța bună	important	neimportant
3	3	Este [MASK] să ai securitatea în muncă	important	neimportant
4	4	Este [MASK] să ai oameni plăcuti cu care să lucrezi	important	neimportant
5	5	Este [MASK] să faci o muncă interesantă	important	neimportant
6	6	Este [MASK] să fii consultat de șeful tău în deciziile care implică munca ta	important	neimportant
7	7	Este [MASK] să trăiești într-o zonă dorită	important	neimportant
8	8	Este [MASK] să ai un loc de muncă respectat de familia și prietenii tăi	important	neimportant
9	9	Este [MASK] să ai șanse de promovare	important	neimportant
10	10	Este [MASK] să păstrezi timpul liber pentru distracție	important	neimportant
11	11	Moderație: a avea puține dorințe este [MASK]	important	neimportant
12	12	Este [MASK] să faci un serviciu unui prieten	important	neimportant
13	13	Economie (nu cheltuiți mai mult decât este necesar) este [MASK]ă	important	neimportant
14	14	Mă simt [MASK] nervos sau tensionat.	mereu	nu
15	15	Sunt [MASK] o persoană fericită.	mereu	nu
16	16	Alte persoane sau circumstanțe mă [MASK] întotdeauna să fac ceea ce îmi doresc cu adevărat	împiedică	nu
17	17	Una peste alta, aș descrie starea mea de sănătate în aceste zile ca fiind [MASK]ă	bun	rău
18	18	Mă simt [MASK] că sunt cetățean al țării mele	mândru	ruşinat
19	19	Din experiența mea, subordonaților [MASK] le este niciodată frică să-și contrazică șeful (sau elevii profesorului lor)	nu	mereu
20	20	Sunt [MASK] că cineva poate fi un bun manager fără a avea un răspuns precis la fiecare întrebare pe care o poate ridica un subordonat despre munca sa	de acord	dezacord
21	21	Sunt [MASK] că eforturile persistente sunt cea mai sigură cale către rezultate	de acord	dezacord
22	22	Sunt [MASK] că o structură organizatorică în care anumiți subalterni au doi șefi ar trebui evitată cu orice preț	de acord	dezacord
23	23	Sunt [MASK] că regulile unei companii sau ale unei organizații nu trebuie încălcate - nici măcar atunci când angajatul crede că încălcarea regulii ar fi în interesul organizației	de acord	dezacord
