	0	1	2	3
0	0	[MASK] је имати довољно времена за лични или кућни живот	Важно	неважно
1	1	[MASK] је имати шефа (директно надређеног) којег можете поштовати	Важно	неважно
2	2	[MASK] је добити признање за добар учинак	Важно	неважно
3	3	Сигурност запослења је [MASK]	важна	неважно
4	4	[MASK] је имати пријатне људе за рад	Важно	неважно
5	5	Важно је радити посао који је [MASK]	занимљив	неважно
6	6	[MASK] је да вас шеф консултује у одлукама које се тичу вашег рада	важно	неважно
7	7	Живот у пожељном подручју је [MASK]	важан	неважно
8	8	Важно је да ваша породица и пријатељи поштују [MASK]	посао	неважно
9	9	[MASK] је имати шансе за унапређење	Важно	неважно
10	10	Одржавање слободног времена за забаву је [MASK]	важно	неважно
11	11	Умереност: [MASK] је имати мало жеља	важно	неважно
12	12	Учинити услугу пријатељу је [MASK]	важно	неважно
13	13	Штедљивост (не трошити више него што је потребно) је [MASK]	важна	неважно
14	14	[MASK] се осећам нервозно или напето.	Увек	никад
15	15	Ја сам [MASK] срећна особа.	увек	никад
16	16	Други људи или околности ме [MASK] спречавају да радим оно што заиста желим	увек	никад
17	17	Све у свему, стање мог здравља ових дана бих описао као [MASK]	добро	лоше
18	18	[MASK] сам што сам грађанин своје земље	Поносан	стиди се
19	19	По мом искуству, подређени се [MASK]а не плаше да противрече свом шефу (или ученицима свом наставнику)	никад	увек
20	20	[MASK] се да се може бити добар менаџер без прецизног одговора на свако питање које подређени може да постави о свом раду	Слажем	не слазем се
21	21	Слажем [MASK] да су упорни напори најсигурнији пут до резултата	се	не слазем се
22	22	[MASK] се да организациону структуру у којој одређени подређени имају два шефа треба избегавати по сваку цену	Слажем	не слазем се
23	23	[MASK] се да правила компаније или организације не би требало да се крше - чак ни када запослени мисли да би кршење правила било у најбољем интересу организације	Слажем	не слазем се