	0	1	2	3
0	0	Ang pagkakaroon ng sapat na oras para sa personal o tahanan na buhay ay [MASK]	mahalaga	hindi mahalaga
1	1	Ang pagkakaroon ng boss (direktang superior) na maaari mong igalang ay [MASK]	mahalaga	hindi mahalaga
2	2	Ang pagkuha ng pagkilala para sa mahusay na pagganap ay [MASK]	mahalaga	hindi mahalaga
3	3	Ang pagkakaroon ng seguridad sa trabaho ay [MASK]	mahalaga	hindi mahalaga
4	4	Ang pagkakaroon ng kaaya-ayang mga tao na makakasama ay [MASK]	mahalaga	hindi mahalaga
5	5	Ang paggawa ng trabaho na kawili-wili ay [MASK]	mahalaga	hindi mahalaga
6	6	Ang pagkonsulta ng iyong boss sa mga desisyon na kinasasangkutan ng iyong trabaho ay [MASK]	mahalaga	hindi mahalaga
7	7	Ang pamumuhay sa isang kanais-nais na lugar ay [MASK]	mahalaga	hindi mahalaga
8	8	Ang pagkakaroon ng trabahong iginagalang ng iyong pamilya at mga kaibigan ay [MASK]	mahalaga	hindi mahalaga
9	9	Ang pagkakaroon ng mga pagkakataon para sa promosyon ay [MASK]	mahalaga	hindi mahalaga
10	10	Ang pagpapanatiling libre ng oras para sa kasiyahan ay [MASK]	mahalaga	hindi mahalaga
11	11	Pag-moderate: ang pagkakaroon ng kaunting pagnanasa ay [MASK]	mahalaga	hindi mahalaga
12	12	Ang paggawa ng serbisyo sa isang kaibigan ay [MASK]	mahalaga	hindi mahalaga
13	13	Ang pagtitipid (hindi gumagastos ng higit sa kinakailangan) ay [MASK]	mahalaga	hindi mahalaga
14	14	Palagi [MASK] kinakabahan o nate-tense.	akong	hindi kailanman
15	15	Lagi [MASK] masayahing tao.	akong	hindi kailanman
16	16	Ang ibang mga tao o mga pangyayari [MASK] laging pumipigil sa akin na gawin ang talagang gusto ko	ay	hindi kailanman
17	17	Sa kabuuan, ilalarawan ko ang kalagayan ng aking kalusugan sa mga araw na ito bilang [MASK]	mabuti	masama
18	18	[MASK] ko na maging isang mamamayan ng aking bansa	Ipinagmamalaki	nahihiya
19	19	Sa aking karanasan, ang mga nasasakupan ay [MASK] natatakot na kontrahin ang kanilang amo (o mga estudyante ang kanilang guro)	hindi kailanman	palagi
20	20	[MASK] ako na ang isang tao ay maaaring maging isang mahusay na tagapamahala nang walang tiyak na sagot sa bawat tanong na maaaring itanong ng isang nasasakupan tungkol sa kanyang trabaho	Sumasang-ayon	hindi sumasang-ayon
21	21	[MASK] ako na ang patuloy na pagsisikap ay ang pinakatiyak na paraan sa mga resulta	Sumasang-ayon	hindi sumasang-ayon
22	22	[MASK] ako na ang isang istraktura ng organisasyon kung saan ang ilang mga subordinates ay may dalawang boss ay dapat na iwasan sa lahat ng paraan	Sumasang-ayon	hindi sumasang-ayon
23	23	[MASK] ako na hindi dapat labagin ang mga panuntunan ng kumpanya o organisasyon - kahit na sa tingin ng empleyado na ang paglabag sa panuntunan ay para sa pinakamahusay na interes ng organisasyon	Sumasang-ayon	hindi sumasang-ayon