	0	1	2	3
0	0	Kişisel veya ev hayatı için yeterli zamana sahip olmak [MASK]dir	önemli	önemsiz
1	1	Saygı duyabileceğiniz bir patrona (doğrudan üstün) sahip olmak [MASK]dir	önemli	önemsiz
2	2	İyi performans için tanınma almak [MASK]dir	önemli	önemsiz
3	3	İş güvencesine sahip olmak [MASK]	önemli	önemsiz
4	4	Birlikte çalışmak için hoş insanlara sahip olmak [MASK]dir	önemli	önemsiz
5	5	İlginç olan bir iş yapmak [MASK]dir	önemli	önemsiz
6	6	İşinizle ilgili kararlarda patronunuza danışılması [MASK]dir	önemli	önemsiz
7	7	İstenilen bir bölgede yaşamak [MASK]dir	önemli	önemsiz
8	8	Aileniz ve arkadaşlarınız tarafından saygı duyulan bir işe sahip olmak [MASK]dir	önemli	önemsiz
9	9	Terfi şansına sahip olmak [MASK]dir	önemli	önemsiz
10	10	Eğlenmek için boş zaman ayırmak [MASK]dir	önemli	önemsiz
11	11	Ilımlılık: az arzuya sahip olmak [MASK]dir	önemli	önemsiz
12	12	Bir arkadaşa hizmet etmek [MASK]dir	önemli	önemsiz
13	13	Tasarruf (gerekenden fazla harcamamak) [MASK]dir	önemli	önemsiz
14	14	[MASK] zaman gergin veya gergin hissediyorum.	Her	asla
15	15	Ben [MASK] mutlu bir insanım.	her zaman	asla
16	16	Diğer insanlar veya koşullar [MASK] gerçekten yapmak istediğim şeyi yapmamı engelliyor.	her zaman	asla
17	17	Sonuç olarak, bugünlerde sağlığımın durumunu [MASK] olarak tanımlardım.	iyi	kötü
18	18	ülkemin vatandaşı olmaktan [MASK]	gurur duyuyorum	utanmış
19	19	Tecrübelerime göre, astlar patronlarıyla (veya öğrencileriyle öğretmenleriyle) çelişmekten [MASK] korkmazlar.	asla	her zaman
20	20	Bir astın işiyle ilgili sorabileceği her soruya kesin bir yanıt vermeden iyi bir yönetici olabileceğine [MASK].	katılıyorum	aynı fikirde olmamak
21	21	Kalıcı çabaların sonuçlara ulaşmanın en kesin yolu olduğuna [MASK]	katılıyorum	aynı fikirde olmamak
22	22	Bazı astların iki patrona sahip olduğu bir organizasyon yapısından ne pahasına olursa olsun kaçınılması gerektiğine [MASK].	katılıyorum	aynı fikirde olmamak
23	23	Bir şirketin veya kuruluşun kurallarının çiğnenmemesi gerektiğine [MASK] - çalışan kuralı çiğnemenin kuruluşun çıkarına olacağını düşünse bile	katılıyorum	aynı fikirde olmamak