	0	1	2	3
0	0	ذاتی یا گھریلو زندگی کے لیے کافی وقت کا ہونا [MASK] ہے۔	ضروری	غیر اہم
1	1	ایک باس (براہ راست اعلیٰ) کا ہونا [MASK] ہے جس کا آپ احترام کر سکتے ہیں۔	ضروری	غیر اہم
2	2	اچھی کارکردگی کے لیے پہچان حاصل کرنا [MASK] ہے۔	ضروری	غیر اہم
3	3	روزگار کا تحفظ [MASK] ہے۔	ضروری	غیر اہم
4	4	کام کرنے کے لیے خوشگوار لوگوں کا ہونا [MASK] ہے۔	ضروری	غیر اہم
5	5	دلچسپ کام کرنا [MASK] ہے۔	ضروری	غیر اہم
6	6	آپ کے کام سے متعلق فیصلوں میں اپنے باس سے مشورہ لینا [MASK] ہے۔	ضروری	غیر اہم
7	7	ایک مطلوبہ علاقے میں رہنا [MASK] ہے۔	ضروری	غیر اہم
8	8	آپ کے خاندان اور دوستوں کی طرف سے قابل احترام ملازمت کا ہونا [MASK] ہے۔	ضروری	غیر اہم
9	9	پروموشن کے امکانات کا ہونا [MASK] ہے۔	ضروری	غیر اہم
10	10	تفریح کے لیے وقت کو خالی رکھنا [MASK] ہے۔	ضروری	غیر اہم
11	11	اعتدال: کچھ خواہشات کا ہونا [MASK] ہے۔	ضروری	غیر اہم
12	12	کسی دوست کی خدمت کرنا [MASK] ہے۔	ضروری	غیر اہم
13	13	کفایت شعاری (ضرورت سے زیادہ خرچ نہ کرنا) [MASK] ہے۔	اہم	غیر اہم
14	14	میں [MASK] گھبراہٹ یا تناؤ محسوس کرتا ہوں۔	ہمیشہ	کبھی نہیں
15	15	میں [MASK] خوش رہنے والا انسان ہوں۔	ہمیشہ	کبھی نہیں
16	16	دوسرے لوگ یا حالات [MASK] مجھے وہ کرنے سے روکتے ہیں جو میں واقعی کرنا چاہتا ہوں۔	ہمیشہ	کبھی نہیں
17	17	مجموعی طور پر، میں ان دنوں اپنی صحت کی حالت کو اچھا بتاؤں [MASK]	گا۔	برا
18	18	مجھے اپنے ملک کا شہری ہونے پر [MASK] محسوس ہوتا ہے۔	فخر	شرمندہ
19	19	میرے تجربے میں، ماتحت کبھی بھی اپنے باس (یا طلباء اپنے استاد) سے متصادم [MASK] ہوتے	نہیں	ہمیشہ
20	20	میں اس بات سے [MASK] کرتا ہوں کہ کوئی بھی شخص اپنے کام کے بارے میں اٹھائے جانے والے ہر سوال کا قطعی جواب دیئے بغیر ایک اچھا مینیجر بن سکتا ہے۔	اتفاق	متفق نہیں
21	21	میں اس بات سے [MASK] کرتا ہوں کہ مسلسل کوششیں نتائج کا یقینی طریقہ ہے۔	اتفاق	متفق نہیں
22	22	میں اس بات سے [MASK] کرتا ہوں کہ ایک تنظیمی ڈھانچہ جس میں بعض ماتحتوں کے دو مالک ہوں، ہر قیمت پر گریز کیا جانا چاہیے۔	اتفاق	متفق نہیں
23	23	میں اس بات سے [MASK] کرتا ہوں کہ کسی کمپنی یا تنظیم کے قواعد کو نہیں توڑا جانا چاہیے - تب بھی نہیں جب ملازم یہ سوچتا ہو کہ قاعدہ کو توڑنا تنظیم کے بہترین مفاد میں ہوگا۔	اتفاق	متفق نہیں
