	0	1	2	3
0	0	Có đủ thời gian cho cuộc sống cá nhân hoặc gia đình là điều [MASK]	quan trọng	không quan trọng
1	1	Có một ông chủ (cấp trên trực tiếp) mà bạn có thể tôn trọng là điều [MASK]	quan trọng	không quan trọng
2	2	Nhận được sự công nhận về hiệu suất tốt là [MASK]	quan trọng	không quan trọng
3	3	Đảm bảo việc làm là [MASK]	quan trọng	không quan trọng
4	4	Có những người dễ chịu để làm việc cùng là điều [MASK]	quan trọng	không quan trọng
5	5	Làm công việc thú vị là [MASK]	quan trọng	không quan trọng
6	6	Được sếp tư vấn trong các quyết định liên quan đến công việc của bạn là điều [MASK]	quan trọng	không quan trọng
7	7	Sống trong một khu vực mong muốn là [MASK]	quan trọng	không quan trọng
8	8	Có một công việc được gia đình và bạn bè tôn trọng là điều [MASK]	quan trọng	không quan trọng
9	9	Có cơ hội thăng tiến là [MASK]	quan trọng	không quan trọng
10	10	Giữ thời gian rảnh rỗi để giải trí là điều [MASK]	quan trọng	không quan trọng
11	11	Điều độ: có ít ham muốn là [MASK]	quan trọng	không quan trọng
12	12	Phục vụ một người bạn là [MASK]	quan trọng	không quan trọng
13	13	Tiết kiệm (không chi tiêu nhiều hơn mức cần thiết) là [MASK]	quan trọng	không quan trọng
14	14	Tôi [MASK] cảm thấy lo lắng hoặc căng thẳng.	luôn	không bao giờ
15	15	Tôi [MASK] là một người hạnh phúc.	luôn	không bao giờ
16	16	Những người khác hoặc hoàn cảnh [MASK] ngăn cản tôi làm những gì tôi thực sự muốn	luôn	không bao giờ
17	17	Nói chung, tôi sẽ mô tả tình trạng sức khỏe của tôi những ngày này là [MASK]	tốt	tồi tệ
18	18	Tôi cảm thấy [MASK] là một công dân của đất nước tôi	tự hào	hổ thẹn
19	19	Theo kinh nghiệm của tôi, cấp dưới [MASK] sợ mâu thuẫn với sếp của họ (hoặc học viên là giáo viên của họ)	không bao giờ	luôn
20	20	Tôi [MASK] rằng một người có thể trở thành một nhà quản lý giỏi mà không cần có câu trả lời chính xác cho mọi câu hỏi mà cấp dưới có thể nêu ra về công việc của họ	đồng ý	không đồng ý
21	21	Tôi [MASK] rằng những nỗ lực bền bỉ là cách chắc chắn nhất để đạt được kết quả	đồng ý	không đồng ý
22	22	Tôi [MASK] rằng nên tránh một cơ cấu tổ chức trong đó cấp dưới nhất định có hai sếp bằng mọi giá	đồng ý	không đồng ý
23	23	Tôi [MASK] rằng không nên phá vỡ các quy tắc của công ty hoặc tổ chức - ngay cả khi nhân viên nghĩ rằng vi phạm quy tắc sẽ vì lợi ích tốt nhất của tổ chức	đồng ý	không đồng ý