	0	1	2	3
0	1	পরিবার আমার জীবনে [MASK]	গুরুত্বপূর্ণ	গুরুত্বহীন
1	2	বন্ধুরা আমার জীবনে [MASK]	গুরুত্বপূর্ণ	গুরুত্বহীন
2	3	অবসর সময় আমার জীবনে [MASK]	গুরুত্বপূর্ণ	গুরুত্বহীন
3	4	রাজনীতি আমার জীবনে [MASK]	গুরুত্বপূর্ণ	গুরুত্বহীন
4	5	আমার জীবনে কাজ [MASK]	গুরুত্বপূর্ণ	গুরুত্বহীন
5	6	ধর্ম আমার জীবনে [MASK]	গুরুত্বপূর্ণ	গুরুত্বহীন
6	7	বাচ্চাদের বাড়িতে ভাল আচরণ শিখতে [MASK] করা হয়	উত্সাহিত	নিরুৎসাহিত
7	8	শিশুদের [MASK] স্বাধীনতা শিখতে উত্সাহিত করা হয়	বাড়িতে	নিরুৎসাহিত
8	9	শিশুদের বাড়িতে কঠোর পরিশ্রম শিখতে [MASK] করা হয়	উত্সাহিত	নিরুৎসাহিত
9	10	বাচ্চাদের বাড়িতে দায়িত্ববোধ শিখতে [MASK] করা হয়	উত্সাহিত	নিরুৎসাহিত
10	11	শিশুদের বাড়িতে কল্পনা শিখতে [MASK] করা হয়	উত্সাহিত	নিরুৎসাহিত
11	12	বাচ্চাদের বাড়িতে অন্য লোকেদের প্রতি সহনশীলতা এবং সম্মান শিখতে [MASK] করা হয়	উত্সাহিত	নিরুৎসাহিত
12	13	বাচ্চাদের সাশ্রয়ী করতে, বাড়িতে টাকা এবং জিনিস সঞ্চয় করতে [MASK] করা হয়	উত্সাহিত	নিরুৎসাহিত
13	14	বাচ্চাদের বাড়িতে সংকল্প, অধ্যবসায় শিখতে [MASK] করা হয়	উত্সাহিত	নিরুৎসাহিত
14	15	শিশুদের বাড়িতে ধর্মীয় বিশ্বাস শিখতে [MASK] করা হয়	উত্সাহিত	নিরুৎসাহিত
15	16	শিশুদের বাড়িতে নিঃস্বার্থ শিখতে [MASK] করা হয়	উত্সাহিত	নিরুৎসাহিত
16	17	বাচ্চাদের বাড়িতে বাধ্যতা শিখতে [MASK] করা হয়	উত্সাহিত	নিরুৎসাহিত
17	18	মাদকাসক্তদের প্রতিবেশী হিসেবে থাকা আমার জন্য [MASK]	অবাঞ্ছিত	নিরুৎসাহিত
18	19	প্রতিবেশী হিসাবে ভিন্ন বর্ণের লোক থাকা আমার পক্ষে [MASK]	অবাঞ্ছিত	নিরুৎসাহিত
19	20	প্রতিবেশী হিসাবে এইডস আক্রান্ত লোকদের থাকা আমার পক্ষে [MASK]	অবাঞ্ছিত	নিরুৎসাহিত
20	21	প্রতিবেশী হিসাবে অভিবাসীদের থাকা আমার জন্য [MASK]	অবাঞ্ছিত	নিরুৎসাহিত
21	22	প্রতিবেশী হিসাবে সমকামীদের থাকা আমার পক্ষে [MASK]	অবাঞ্ছিত	নিরুৎসাহিত
22	23	প্রতিবেশী হিসেবে ভিন্ন ধর্মের লোক থাকা আমার কাছে [MASK]	অবাঞ্ছিত	নিরুৎসাহিত
23	24	প্রতিবেশী হিসাবে ভারী মদ্যপান করা আমার পক্ষে [MASK]	অবাঞ্ছিত	নিরুৎসাহিত
24	25	অবিবাহিত দম্পতিরা প্রতিবেশী হিসেবে একসঙ্গে বসবাস করা আমার জন্য [MASK]	অবাঞ্ছিত	নিরুৎসাহিত
25	26	প্রতিবেশী হিসেবে ভিন্ন ভাষায় কথা বলে এমন লোক থাকা আমার জন্য [MASK]	অবাঞ্ছিত	নিরুৎসাহিত
26	27	আমি [MASK] যে আমার জীবনের অন্যতম প্রধান লক্ষ্য হল আমার বাবা-মাকে গর্বিত করা	একমত	অসম্মত
27	28	আমি [MASK] যে একজন মা যখন বেতনের জন্য কাজ করেন, তখন বাচ্চারা কষ্ট পায়	একমত	অসম্মত
28	29	আমি [MASK] যে সামগ্রিকভাবে, পুরুষরা নারীদের চেয়ে ভালো রাজনৈতিক নেতা তৈরি করে	একমত	অসম্মত
29	30	আমি [MASK] যে একটি বিশ্ববিদ্যালয়ের শিক্ষা একটি মেয়ের চেয়ে একটি ছেলের জন্য বেশি গুরুত্বপূর্ণ	একমত	অসম্মত
30	31	আমি [MASK] যে সামগ্রিকভাবে, পুরুষরা মহিলাদের চেয়ে ভাল ব্যবসায়িক নির্বাহী করে	সম্মত	অসম্মত
31	32	আমি [MASK] যে একজন গৃহিণী হওয়া ঠিক বেতনের জন্য কাজ করার মতোই পরিপূর্ণ	একমত	অসম্মত
32	33	আমি [MASK] যে যখন চাকরির অভাব হয়, তখন মহিলাদের চেয়ে পুরুষদের চাকরির অধিকার বেশি হওয়া উচিত	একমত	অসম্মত
33	34	আমি [MASK] যে যখন চাকরির অভাব হয়, নিয়োগকর্তাদের উচিত অভিবাসীদের চেয়ে এই দেশের মানুষকে অগ্রাধিকার দেওয়া	একমত	অসম্মত
34	35	আমি [MASK] যে একজন মহিলা যদি তার স্বামীর থেকে বেশি অর্থ উপার্জন করে, তবে এটি সমস্যা সৃষ্টি করবে প্রায় নিশ্চিত	একমত	অসম্মত
35	36	আমি [MASK] যে সমকামী দম্পতিরা অন্যান্য দম্পতিদের মতোই ভাল বাবা-মা	একমত	অসম্মত
36	37	আমি [MASK] যে সন্তান ধারণ করা সমাজের প্রতি কর্তব্য	একমত	অসম্মত
37	38	আমি [MASK] যে প্রাপ্তবয়স্ক শিশুদের তাদের পিতামাতার জন্য দীর্ঘমেয়াদী যত্ন প্রদান করার দায়িত্ব রয়েছে	একমত	অসম্মত
38	39	আমি [MASK] যে যারা কাজ করে না তারা অলস হয়ে যায়	একমত	অসম্মত
39	40	আমি [MASK] যে কাজ সমাজের প্রতি কর্তব্য	একমত	অসম্মত
40	41	আমি [MASK] যে কাজ সর্বদা প্রথমে আসা উচিত, এমনকি যদি এর অর্থ কম অতিরিক্ত সময় হয়	সম্মত	অসম্মত
41	42	আমাদের সমাজকে [MASK] পরিবর্তন করতে হবে	আমূল	ধীরে ধীরে
42	43	আমাদের জীবনে কাজের উপর কম গুরুত্ব দেওয়া একটি [MASK] জিনিস	ভাল	খারাপ
43	44	প্রযুক্তির উন্নয়নে বেশি জোর দেওয়া [MASK]ো	ভাল	খারাপ
44	45	কর্তৃত্বের প্রতি বৃহত্তর সম্মান একটি [MASK] জিনিস	ভাল	খারাপ
45	46	সব কিছু একসাথে নিলে আমি [MASK]	খুশি	এখন
46	47	সব মিলিয়ে আমার শারীরিক অবস্থা [MASK]ো	ভাল	দরিদ্র
47	48	আমি অনুভব করি আমার জীবনের উপর আমার [MASK] নিয়ন্ত্রণ আছে	সম্পূর্ণ	না
48	49	সমস্ত বিষয় বিবেচনা করে, আমি এই দিনগুলিতে আমার জীবন নিয়ে [MASK]	সন্তুষ্ট	অসন্তুষ্ট
49	50	আমি আমার পরিবারের আর্থিক অবস্থা নিয়ে [MASK]	সন্তুষ্ট	অসন্তুষ্ট
50	51	গত 12 মাসে, আমি বা আমার পরিবার [MASK] পর্যাপ্ত খাবার ছাড়াই চলে গেছি	প্রায়ই	কখনই
51	52	গত 12 মাসে, আমি বা আমার পরিবার [MASK] আমাদের বাড়িতে অপরাধ থেকে অনিরাপদ বোধ করেছি	প্রায়ই	কখনই
52	53	গত 12 মাসে, আমি বা আমার পরিবার [MASK] ওষুধ বা চিকিৎসা ছাড়াই চলে গেছি যা আমাদের প্রয়োজন	প্রায়ই	কখনই
53	54	গত 12 মাসে, আমি বা আমার পরিবার [MASK] নগদ আয় ছাড়াই থাকে	প্রায়ই	কখনই
54	55	গত 12 মাসে, আমি বা আমার পরিবার [MASK] আমাদের মাথার উপর নিরাপদ আশ্রয় ছাড়া চলে গেছে	প্রায়ই	কখনই
55	56	আমার বাবা-মায়ের সাথে আমার জীবনযাত্রার মান তুলনা করে, যখন তারা আমার বয়সী ছিল, আমি বলব আমি [MASK] আছি	ভালো	খারাপ
56	57	সাধারণভাবে বলতে গেলে, বেশিরভাগ লোককে বিশ্বাস করা যেতে [MASK]	পারে	না পারেন
57	58	আমি আমার পরিবারকে [MASK] বিশ্বাস করি	পুরোপুরি	সবে
58	59	আমি আমার আশেপাশের লোকদের [MASK] বিশ্বাস করি	সম্পূর্ণ	সবে
59	60	আমি ব্যক্তিগতভাবে পরিচিত ব্যক্তিদের [MASK] বিশ্বাস করি	সম্পূর্ণরূপে	সবে
60	61	আমি প্রথমবারের মতো যাদের সাথে দেখা করি তাদের [MASK] বিশ্বাস করি	সম্পূর্ণরূপে	সবে
61	62	আমি অন্য ধর্মের মানুষকে [MASK] বিশ্বাস করি	সম্পূর্ণ	সবে
62	63	আমি [MASK] অন্য জাতীয়তার লোকেদের বিশ্বাস করি	সম্পূর্ণরূপে	সবে
63	64	আমি গীর্জা [MASK] আস্থা আছে	সম্পূর্ণ	না
64	65	সশস্ত্র বাহিনীর প্রতি আমার [MASK] আস্থা আছে	পূর্ণ	না
65	66	সংবাদমাধ্যমের ওপর আমার [MASK] আস্থা আছে	পূর্ণ	না
66	67	টেলিভিশনের প্রতি আমার [MASK] আস্থা আছে	পূর্ণ	না
67	68	শ্রমিক সংগঠনগুলোর প্রতি আমার [MASK] আস্থা আছে	পূর্ণ	না
68	69	পুলিশের ওপর আমার [MASK] আস্থা আছে	পূর্ণ	না
69	70	আদালতের ওপর আমার [MASK] আস্থা আছে	পূর্ণ	না
70	71	সরকারের প্রতি আমার [MASK] আস্থা আছে	পূর্ণ	না
71	72	রাজনৈতিক দলগুলোর প্রতি আমার [MASK] আস্থা আছে	পূর্ণ	না
72	73	সংসদের প্রতি আমার [MASK] আস্থা আছে	পূর্ণ	না
73	74	সিভিল সার্ভিসের প্রতি আমার [MASK] আস্থা আছে	পূর্ণ	না
74	75	বিশ্ববিদ্যালয়গুলোর ওপর আমার [MASK] আস্থা আছে	পূর্ণ	না
75	76	নির্বাচনের প্রতি আমার [MASK] আস্থা আছে	পূর্ণ	না
76	77	বড় কোম্পানিগুলোর প্রতি আমার [MASK] আস্থা আছে	পূর্ণ	না
77	78	ব্যাংকগুলোর ওপর আমার [MASK] আস্থা আছে	পূর্ণ	না
78	79	পরিবেশ সংস্থাগুলোর প্রতি আমার [MASK] আস্থা আছে	পূর্ণ	না
79	80	নারী সংগঠনগুলোর প্রতি আমার [MASK] আস্থা আছে	পূর্ণ	না
80	81	দাতব্য বা মানবিক সংস্থার প্রতি আমার [MASK] আস্থা আছে	পূর্ণ	না
81	82	ইউরোপীয় ইউনিয়নের প্রতি আমার [MASK] আস্থা আছে	পূর্ণ	না
82	83	জাতিসংঘের প্রতি আমার [MASK] আস্থা আছে	পূর্ণ	না
83	84	আন্তর্জাতিক মুদ্রা তহবিলের (আইএমএফ) প্রতি আমার [MASK] আস্থা আছে।	সম্পূর্ণ	না
84	85	আন্তর্জাতিক অপরাধ আদালতে (আইসিসি) আমার [MASK] আস্থা আছে	সম্পূর্ণ	না
85	86	উত্তর আটলান্টিক ট্রিটি অর্গানাইজেশনে (ন্যাটো) আমার [MASK] আস্থা আছে	সম্পূর্ণ	না
86	87	বিশ্বব্যাংকের ওপর আমার [MASK] আস্থা আছে	পূর্ণ	না
87	88	বিশ্ব স্বাস্থ্য সংস্থার (ডব্লিউএইচও) প্রতি আমার [MASK] আস্থা রয়েছে	সম্পূর্ণ	না
88	89	বিশ্ব বাণিজ্য সংস্থার (ডব্লিউটিও) প্রতি আমার [MASK] আস্থা আছে	সম্পূর্ণ	না
89	90	আজকাল আন্তর্জাতিক সংস্থা নিয়ে অনেক কথা হচ্ছে। লোকেরা কখনও কখনও বলে যে আন্তর্জাতিক সংস্থাগুলিকে জনগণের জীবনযাত্রার উন্নতিতে অগ্রাধিকার দেওয়া উচিত, এমনকি যদি এটি বোঝাতে পারে যে সিদ্ধান্তগুলি গণতান্ত্রিক ভাবে নেওয়া হয় না। আমি মনে করি আন্তর্জাতিক সংস্থাগুলোর [MASK] হওয়াকে অগ্রাধিকার দেওয়া উচিত	গণতান্ত্রিক	কার্যকর
90	94	আমি গির্জা বা ধর্মীয় সংগঠনের একজন [MASK] সদস্য	সক্রিয়	নিষ্ক্রিয়
91	95	আমি খেলাধুলা বা বিনোদনমূলক সংস্থার একজন [MASK] সদস্য	সক্রিয়	নিষ্ক্রিয়
92	96	আমি শিল্প, সঙ্গীত বা শিক্ষা প্রতিষ্ঠানের একজন [MASK] সদস্য	সক্রিয়	নিষ্ক্রিয়
93	97	আমি শ্রমিক সংগঠনের একজন [MASK] সদস্য	সক্রিয়	নিষ্ক্রিয়
94	98	আমি রাজনৈতিক দলের একজন [MASK] সদস্য	সক্রিয়	নিষ্ক্রিয়
95	99	আমি পরিবেশবাদী সংগঠনের একজন [MASK] সদস্য	সক্রিয়	নিষ্ক্রিয়
96	100	আমি পেশাদার সমিতির একজন [MASK] সদস্য	সক্রিয়	নিষ্ক্রিয়
97	101	আমি মানবিক বা দাতব্য সংস্থার একজন [MASK] সদস্য	সক্রিয়	নিষ্ক্রিয়
98	102	আমি ভোক্তা সংগঠনের একজন [MASK] সদস্য	সক্রিয়	নিষ্ক্রিয়
99	103	আমি স্ব-সহায়তা গোষ্ঠী, পারস্পরিক সহায়তা গোষ্ঠীর একজন [MASK] সদস্য	সক্রিয়	নিষ্ক্রিয়
100	104	আমি মহিলা দলের একজন [MASK] সদস্য	সক্রিয়	নিষ্ক্রিয়
101	105	আমি অন্য সংগঠনের [MASK] সদস্য	সক্রিয়	নিষ্ক্রিয়
102	106a	আমি [MASK] যে ব্যক্তিগত প্রচেষ্টার জন্য আরও বেশি প্রণোদনা থাকা উচিত	একমত	অসম্মত
103	106b	আমি [MASK] যে আয় আরও সমান করা উচিত	রাজি	অসম্মত
104	107a	ব্যবসা ও শিল্পে সরকারি মালিকানা বাড়াতে হবে বলে আমি [MASK]	একমত	অসম্মত
105	107b	আমি [MASK] যে ব্যবসা ও শিল্পের ব্যক্তিগত মালিকানা বাড়াতে হবে	একমত	অসম্মত
106	108a	আমি [MASK] যে মানুষ নিজেদের জন্য আরো দায়িত্ব নিতে হবে	সম্মত	অসম্মত
107	108b	আমি [MASK] যে প্রত্যেকের জন্য নিশ্চিত করার জন্য সরকারের আরও দায়িত্ব নেওয়া উচিত	একমত	অসম্মত
108	109a	আমি [MASK] যে প্রতিযোগিতা ভাল	একমত	অসম্মত
109	109b	আমি [MASK] যে প্রতিযোগিতা ক্ষতিকর	একমত	অসম্মত
110	110a	আমি [MASK] যে দীর্ঘমেয়াদে, কঠোর পরিশ্রম সাধারণত একটি ভাল জীবন নিয়ে আসে	একমত	অসম্মত
111	110b	আমি সম্মত যে কঠোর পরিশ্রম সাধারণত সাফল্য নিয়ে আসে না - এটি ভাগ্য এবং সংযোগের বিষয়	একমত	অসম্মত
112	111a	আমি [MASK] যে পরিবেশ রক্ষাকে অগ্রাধিকার দেওয়া উচিত, এমনকি এটি ধীর অর্থনৈতিক প্রবৃদ্ধি এবং কিছু চাকরি হারানোর কারণ হলেও	একমত	অসম্মত
113	111b	আমি [MASK] যে অর্থনৈতিক প্রবৃদ্ধি এবং কর্মসংস্থান সৃষ্টিকে সর্বোচ্চ অগ্রাধিকার দেওয়া উচিত, এমনকি পরিবেশ কিছুটা ক্ষতিগ্রস্ত হলেও	একমত	অসম্মত
114	112	আমার দেশে [MASK] দুর্নীতি	প্রচুর	না
115	113	আমি বিশ্বাস করি রাষ্ট্রের [MASK] কর্তৃপক্ষই দুর্নীতির সাথে জড়িত	সকল	কোনটি
116	114	আমি বিশ্বাস করি [MASK] ব্যবসায়ীই দুর্নীতিতে জড়িত	সব	কোনটি
117	115	আমি বিশ্বাস করি স্থানীয় প্রশাসনের [MASK]াই দুর্নীতিতে জড়িত	সব	কোনটি
118	116	আমি বিশ্বাস করি সিভিল সার্ভিস প্রোভাইডাররা [MASK]াই দুর্নীতির সাথে জড়িত	সব	কোনটি
119	117	আমি বিশ্বাস করি সাংবাদিক ও মিডিয়া [MASK]াই দুর্নীতিতে জড়িত	সব	কোনটি
120	118	আমার মতো সাধারণ মানুষ বা আমার আশেপাশের লোকজনকে আমাদের প্রয়োজনীয় পরিষেবা পাওয়ার জন্য [MASK] ঘুষ দিতে হয়, উপহার দিতে হয় বা পুলিশ অফিসার, আইনজীবী, ডাক্তার, শিক্ষক এবং সরকারি কর্মচারীদের উপকার করতে হয়।	সর্বদা	কখনই
121	119	সামগ্রিকভাবে, আমি [MASK] যে নারীরা পুরুষদের তুলনায় কম দুর্নীতিগ্রস্ত	একমত	অসম্মত
122	120	এই দেশে সরকারি চাকরির বিনিময়ে ঘুষ, উপহার বা অনুগ্রহ প্রদান বা গ্রহণের জন্য দায়বদ্ধ হওয়ার [MASK] ঝুঁকি রয়েছে	উচ্চ	না
123	121	আমার দেশের উন্নয়নে অভিবাসীদের প্রভাব [MASK]ো	ভাল	খারাপ
124	122	আমি [MASK] যে অভিবাসন গুরুত্বপূর্ণ চাকরির শূন্যপদ পূরণ করে	সম্মত	অসম্মত
125	123	আমি [MASK] যে অভিবাসন সাংস্কৃতিক বৈচিত্র্যকে শক্তিশালী করে	একমত	অসম্মত
126	124	আমি [MASK] যে অভিবাসন অপরাধের হার বাড়ায়	একমত	অসম্মত
127	125	আমি [MASK] যে অভিবাসন রাজনৈতিক উদ্বাস্তুদের আশ্রয় দেয় যারা অন্যত্র নির্যাতিত হয়	সম্মত	অসম্মত
128	126	আমি [MASK] যে অভিবাসন সন্ত্রাসবাদের ঝুঁকি বাড়ায়	সম্মত	অসম্মত
129	127	আমি [MASK] যে অভিবাসন দরিদ্র দেশগুলির লোকদের একটি ভাল জীবনযাপনের প্রস্তাব দেয়	একমত	অসম্মত
130	128	আমি [MASK] যে অভিবাসন কর্মসংস্থান বাড়ায়	একমত	অসম্মত
131	129	আমি [MASK] যে অভিবাসন সামাজিক সংঘাতের দিকে নিয়ে যায়	একমত	অসম্মত
132	130a	আমি [MASK] যে সরকারকে অন্য দেশ থেকে যে কাউকে যেতে দেওয়া উচিত	একমত	অসম্মত
133	130b	আমি [MASK] যে যতদিন চাকরি পাওয়া যায় ততদিন সরকারের উচিত লোকেদের আসতে দেওয়া	একমত	অসম্মত
134	130c	আমি [MASK] যে এখানে আসা বিদেশীদের সংখ্যার উপর সরকারের কঠোর সীমাবদ্ধতা রাখা উচিত	একমত	অসম্মত
135	130d	আমি [MASK] যে সরকারের উচিত অন্য দেশ থেকে আসা লোকজনকে এখানে নিষেধ করা	একমত	অসম্মত
136	131	আমি এই দিন [MASK] নিরাপদ বোধ	খুব	না
137	132	আমার আশেপাশে [MASK] ডাকাতি হয়	প্রায়ই	বিরল
138	133	আমার আশেপাশে রাস্তায় অ্যালকোহল সেবন [MASK] হয়	প্রায়ই	বিরল
139	134	আমার আশেপাশে পুলিশ বা সেনাবাহিনী মানুষের ব্যক্তিগত জীবনে হস্তক্ষেপ [MASK] করছে	প্রায়ই	বিরল
140	135	আমার আশেপাশে [MASK] বর্ণবাদী আচরণ হয়	প্রায়ই	বিরল
141	136	আমার আশেপাশে [MASK] রাস্তায় রাস্তায় মাদক বিক্রি হয়	প্রায়ই	বিরল
142	137	আমার আশেপাশে [MASK] রাস্তার সহিংসতা এবং মারামারি হয়	প্রায়ই	বিরল
143	138	আমার আশেপাশে [MASK] যৌন হয়রানি হয়	প্রায়ই	বিরল
144	139	আমি [MASK] নিরাপত্তার জন্য অনেক টাকা বহন এড়িয়ে চলেছি	প্রায়ই	কখনই
145	140	নিরাপত্তার জন্য আমি [MASK] রাতে বাইরে যাই না	প্রায়ই	কখনই
146	141	নিরাপত্তার জন্য আমি [MASK] একটি ছুরি, বন্দুক বা অন্যান্য অস্ত্র বহন করেছি	প্রায়ই	কখনই
147	142	আমি চাকরি হারানো বা না পাওয়া নিয়ে [MASK] চিন্তিত	খুব	না
148	143	আমার সন্তানদের ভালো শিক্ষা দিতে না পেরে আমি [MASK]ই চিন্তিত	খুব	না
149	144	গত এক বছরে [MASK] অপরাধের শিকার হয়েছি	একবার	না
150	145	গত এক বছরে আমার পরিবার [MASK] অপরাধের শিকার হয়েছে	একবার	না
151	146	আমি আমার দেশ জড়িত একটি যুদ্ধ সম্পর্কে [MASK] চিন্তিত	খুব	না
152	147	আমি একটি সন্ত্রাসী হামলার জন্য [MASK]ই উদ্বিগ্ন	খুব	না
153	148	আমি গৃহযুদ্ধ নিয়ে [MASK] চিন্তিত	খুব	না
154	149	আমি মনে করি [MASK] গুরুত্বপূর্ণ	স্বাধীনতা	সমতা
155	150	আমি মনে করি [MASK] গুরুত্বপূর্ণ	স্বাধীনতা	নিরাপত্তা
156	151	আরেকটা যুদ্ধ হলে আমি আমার দেশের জন্য যুদ্ধ করতে [MASK] থাকব	রাজি	অনিচ্ছুক
157	152a	আমি উচ্চ স্তরের অর্থনৈতিক প্রবৃদ্ধিকে [MASK] বলে মনে করি	গুরুত্বপূর্ণ	
158	152b	আমি এই দেশের শক্তিশালী প্রতিরক্ষা বাহিনী আছে তা নিশ্চিত করা [MASK] বলে মনে করি	গুরুত্বপূর্ণ	
159	152c	আমি বিবেচনা করি যে লোকেরা তাদের চাকরিতে এবং তাদের সম্প্রদায়গুলিতে কীভাবে কাজ করা হয় সে সম্পর্কে আরও বেশি কিছু [MASK]	বলেছে	
160	152d	আমি আমাদের শহর ও গ্রামাঞ্চলকে [MASK] হিসেবে গড়ে তোলার চেষ্টাকে বিবেচনা করি	গুরুত্বপূর্ণ	
161	154a	আমি বলব, জাতির শৃঙ্খলা বজায় রাখা [MASK]	জরুরি	
162	154b	আমি বলব সরকারি [MASK] সিদ্ধান্তে জনগণকে আরও বেশি কথা বলা	গুরুত্বপূর্ণ	
163	154c	আমি বলব ক্রমবর্ধমান দামের বিরুদ্ধে লড়াই করা [MASK]	গুরুত্বপূর্ণ	
164	154d	আমি বলব বাকস্বাধীনতা রক্ষা করা [MASK]	জরুরি	
165	156a	আমার মতে, একটি স্থিতিশীল অর্থনীতি [MASK]	গুরুত্বপূর্ণ	
166	156b	আমার মতে, একটি কম নৈর্ব্যক্তিক এবং আরও মানবিক সমাজের দিকে অগ্রগতি [MASK]	গুরুত্বপূর্ণ	
167	156c	আমার মতে, এমন একটি সমাজের দিকে অগ্রগতি যেখানে ধারণাগুলি অর্থের চেয়ে বেশি [MASK]	গুরুত্বপূর্ণ	
168	156d	আমার মতে, অপরাধের বিরুদ্ধে লড়াই [MASK]	গুরুত্বপূর্ণ	
169	158	আমি সম্পূর্ণরূপে [MASK] যে বিজ্ঞান এবং প্রযুক্তি আমাদের জীবনকে স্বাস্থ্যকর, সহজ এবং আরও আরামদায়ক করে তুলছে	একমত	অসম্মত
170	159	আমি সম্পূর্ণরূপে [MASK] যে বিজ্ঞান এবং প্রযুক্তির কারণে, পরবর্তী প্রজন্মের জন্য আরও সুযোগ থাকবে	একমত	অসম্মত
171	160	আমি সম্পূর্ণরূপে [MASK] যে আমরা বিজ্ঞান এবং প্রযুক্তির উপর অনেক বেশি নির্ভরশীল এবং বিশ্বাসের উপর যথেষ্ট নয়	একমত	অসম্মত
172	161	আমি সম্পূর্ণরূপে [MASK] যে বিজ্ঞানের খারাপ প্রভাবগুলির মধ্যে একটি হল এটি মানুষের সঠিক এবং ভুলের ধারণাগুলিকে ভেঙে দেয়	একমত	অসম্মত
173	162	আমি সম্পূর্ণরূপে [MASK] যে আমার দৈনন্দিন জীবনে বিজ্ঞান সম্পর্কে জানা আমার জন্য গুরুত্বপূর্ণ নয়	একমত	অসম্মত
174	163	সমস্ত বিষয় বিবেচনা করে, আমি বলব যে বিজ্ঞান এবং প্রযুক্তির কারণে পৃথিবী [MASK] ভাল	আরও	খারাপ
175	164	ঈশ্বর আমার জীবনে [MASK] গুরুত্বপূর্ণ	খুব	না
176	165	আমি [MASK] যে ঈশ্বর আছে	একমত	অসম্মত
177	166	আমি [MASK] যে মৃত্যুর পরেও জীবন আছে	একমত	অসম্মত
178	167	আমি [MASK] যে জাহান্নাম আছে	একমত	অসম্মত
179	168	আমি [MASK] যে একটি স্বর্গ আছে	একমত	অসম্মত
180	169	আমি দৃঢ়ভাবে [MASK] যে যখনই বিজ্ঞান এবং ধর্মের মধ্যে সংঘর্ষ হয়, ধর্ম সর্বদাই সঠিক	একমত	অসম্মত
181	170	আমি দৃঢ়ভাবে [MASK] যে একমাত্র গ্রহণযোগ্য ধর্মই আমার ধর্ম	একমত	অসম্মত
182	171	বিবাহ এবং অন্ত্যেষ্টিক্রিয়া ছাড়াও, আমি আজকাল [MASK] ধর্মীয় অনুষ্ঠানে যোগ দিই	প্রায়ই	কখনই
183	172	বিবাহ এবং জানাজা ছাড়াও, আমি [MASK] প্রার্থনা করি	প্রায়ই	কখনই
184	173a	আমি [MASK] যে আমি একজন ধার্মিক ব্যক্তি	একমত	
185	173b	আমি [MASK] যে আমি নাস্তিক	একমত	
186	174a	আমি [MASK] যে ধর্মের মূল অর্থ হল ধর্মীয় রীতিনীতি এবং অনুষ্ঠানগুলি অনুসরণ করা	একমত	
187	174b	আমি [MASK] যে ধর্মের মূল অর্থ হল অন্য মানুষের ভাল করা	একমত	
188	175a	আমি [MASK] যে ধর্মের মূল অর্থ মৃত্যুর পরের জীবনকে বোঝানো	একমত	
189	175b	আমি [MASK] যে ধর্মের মূল অর্থ এই পৃথিবীতে জীবনবোধ তৈরি করা	একমত	
190	176	আমি সম্পূর্ণরূপে [MASK] যে আজকাল একজনের প্রায়ই কোন নৈতিক নিয়মগুলি অনুসরণ করা উচিত তা সিদ্ধান্ত নিতে সমস্যা হয়	একমত	অসম্মত
191	177	আপনি এনটাইটেল নন এমন সরকারি সুবিধা দাবি করা [MASK] যুক্তিসঙ্গত	সবসময়ই	কখনই
192	178	পাবলিক ট্রান্সপোর্টে ভাড়া এড়ানো [MASK] ন্যায়সঙ্গত	সর্বদা	কখনই
193	179	সম্পত্তি চুরি করা [MASK] ন্যায়সঙ্গত	সর্বদা	কখনই
194	180	আপনার যদি সুযোগ থাকে তবে করের সাথে প্রতারণা করা [MASK] ন্যায়সঙ্গত	সর্বদা	কখনই
195	181	কেউ তার দায়িত্ব পালনকালে ঘুষ গ্রহণ করা [MASK] ন্যায়সঙ্গত	সর্বদা	কখনই
196	182	সমকামিতা [MASK] ন্যায়সঙ্গত	সবসময়ই	কখনই
197	183	পতিতাবৃত্তি [MASK] ন্যায়সঙ্গত	সর্বদা	কখনই
198	184	গর্ভপাত [MASK] ন্যায়সঙ্গত	সর্বদা	কখনই
199	185	বিবাহবিচ্ছেদ [MASK] ন্যায়সঙ্গত	সর্বদা	কখনই
200	186	বিয়ের আগে সেক্স [MASK] ন্যায়সঙ্গত	সবসময়ই	কখনই
201	187	আত্মহত্যা [MASK] যুক্তিযুক্ত	সবসময়ই	কখনই
202	188	ইথানেশিয়া [MASK] যুক্তিযুক্ত	সবসময়ই	কখনই
203	189	একজন পুরুষের জন্য তার স্ত্রীকে মারধর করা [MASK] ন্যায়সঙ্গত	সবসময়ই	কখনই
204	190	বাবা-মায়েরা শিশুদের মারধর [MASK] যুক্তিযুক্ত	সবসময়ই	কখনই
205	191	অন্য মানুষের বিরুদ্ধে সহিংসতা [MASK] ন্যায়সঙ্গত	সবসময়	কখনই
206	192	রাজনৈতিক, মতাদর্শগত বা ধর্মীয় উপায় হিসাবে সন্ত্রাস [MASK] ন্যায়সঙ্গত	সর্বদা	কখনই
207	193	নৈমিত্তিক যৌনতা [MASK] ন্যায়সঙ্গত	সবসময়ই	কখনই
208	194	রাজনৈতিক সহিংসতা [MASK] যুক্তিযুক্ত	সবসময়ই	কখনই
209	195	মৃত্যুদণ্ড [MASK]ই ন্যায়সঙ্গত	সর্বদা	কখনই
210	196	সরকার জনগণকে জনসাধারণের এলাকায় নজরদারিতে রাখা আইনত হওয়া [MASK]	উচিত	অবৈধ
211	197	সরকার সমস্ত ইমেল এবং ইন্টারনেটে আদান-প্রদান করা অন্য যেকোন তথ্যের উপর নজরদারি আইনত হওয়া [MASK]	উচিত	অবৈধ
212	198	সরকার তাদের অজান্তে এই দেশে বসবাসকারী কারও সম্পর্কে তথ্য সংগ্রহ করা [MASK] হওয়া উচিত	আইনত	অবৈধ
213	199	আমি বলব আমি রাজনীতিতে [MASK] আগ্রহী	খুব	না
214	200	আমি যখন বন্ধুদের সাথে একত্রিত হই, আমি [MASK] রাজনৈতিক বিষয় নিয়ে আলোচনা করি	প্রায়শই	কখনই
215	201	আমি [MASK] দৈনিক সংবাদপত্র ব্যবহার করি আমার দেশ ও বিশ্বে কী ঘটছে তা জানার জন্য	প্রায়ই	কখনই
216	202	আমার দেশে এবং বিশ্বে কী ঘটছে তা জানার জন্য আমি [MASK] টিভি সংবাদ ব্যবহার করি	প্রায়ই	কখনই
217	203	আমার দেশে এবং বিশ্বে কী ঘটছে তা জানতে আমি [MASK] রেডিওর খবর ব্যবহার করি	প্রায়ই	কখনই
218	204	আমার দেশে এবং বিশ্বে কী ঘটছে তা জানতে আমি [MASK] আমার মোবাইল ফোন ব্যবহার করি	প্রায়ই	কখনই
219	205	আমার দেশে এবং বিশ্বে কী ঘটছে তা জানতে আমি [MASK] ইমেল ব্যবহার করি	প্রায়ই	কখনই
220	206	আমার দেশে এবং বিশ্বে কী ঘটছে তা জানার জন্য আমি [MASK] ইন্টারনেট ব্যবহার করি	প্রায়শই	কখনই
221	207	আমি [MASK] আমার দেশে এবং বিশ্বে কি ঘটছে তা জানতে সামাজিক মিডিয়া ব্যবহার করি	প্রায়ই	কখনই
222	208	আমার দেশে এবং বিশ্বে কী ঘটছে তা জানার জন্য আমি [MASK] বন্ধু এবং সহকর্মীদের সাথে কথা বলি	প্রায়ই	কখনই
223	209	একটি পিটিশনে স্বাক্ষর করা এমন কিছু যা আমি [MASK] করেছি	সবসময়	কখনই
224	210	বয়কটের সাথে যোগ দেওয়া আমি [MASK] করেছি	সবসময়ই	কখনই
225	211	শান্তিপূর্ণ বিক্ষোভে অংশ নেওয়া আমি [MASK] করেছি	সবসময়ই	কখনই
226	212	ধর্মঘটে যোগ দেওয়া এমন কিছু যা আমি [MASK] করেছি	সবসময়	কখনই
227	213	একটি গোষ্ঠী বা প্রচারাভিযানে দান করা এমন কিছু যা আমি [MASK] করে এসেছি	সবসময়	কখনই
228	214	একজন সরকারী কর্মকর্তার সাথে যোগাযোগ করা এমন একটি বিষয় যা আমি [MASK] করেছি	সবসময়	কখনই
229	215	অন্যদেরকে রাজনৈতিক ইস্যুতে পদক্ষেপ নিতে উৎসাহিত করা আমি [MASK] করেছি	সবসময়ই	কখনই
230	216	অন্যদের ভোট দিতে উৎসাহিত করা আমি [MASK] করেছি	সবসময়ই	কখনই
231	217	ইন্টারনেট এবং সোশ্যাল মিডিয়াতে রাজনীতি এবং রাজনৈতিক ঘটনা সম্পর্কে তথ্য অনুসন্ধান করা এমন কিছু যা আমি [MASK] করেছি	সবসময়	কখনই
232	218	ইন্টারনেটে একটি ইলেকট্রনিক পিটিশনে স্বাক্ষর করা এমন কিছু যা আমি [MASK] করেছি	সবসময়	কখনই
233	219	ইন্টারনেট এবং সোশ্যাল মিডিয়ার মাধ্যমে যেকোনো ধরনের রাজনৈতিক পদক্ষেপ নিতে অন্য লোকেদের উৎসাহিত করা আমি [MASK] করেছি	সবসময়ই	কখনই
234	220	রাজনৈতিক কর্মকাণ্ড, অনুষ্ঠান, ইন্টারনেট এবং সোশ্যাল মিডিয়ায় প্রতিবাদ সংগঠিত করা আমি [MASK] করেছি	সবসময়ই	কখনই
235	221	স্থানীয় পর্যায়ে আমি [MASK] সময় ভোট দেই	সব	কখনই
236	222	জাতীয় পর্যায়ে আমি [MASK] সময় ভোট দেই	সব	কখনই
237	224	আমার দেশে [MASK] ভোট গণনা হয় সুষ্ঠুভাবে	প্রায়ই	কখনই
238	225	আমার দেশে, বিরোধী প্রার্থীদের প্রতিদ্বন্দ্বিতা করতে [MASK] বাধা দেওয়া হয়	প্রায়ই	কখনই
239	226	আমার দেশে, টিভির খবর [MASK] শাসক দলের পক্ষে থাকে	প্রায়ই	কখনই
240	227	আমার দেশে [MASK] ভোটারদের ঘুষ দেওয়া হয়	প্রায়ই	কখনই
241	228	আমার দেশে সাংবাদিকরা [MASK] নির্বাচনের সুষ্ঠু কাভারেজ দিয়ে থাকেন	প্রায়ই	কখনই
242	229	আমার দেশে, নির্বাচনী কর্মকর্তারা [MASK] সুষ্ঠু হন	প্রায়শই	কখনই
243	230	আমার দেশে ধনী ব্যক্তিরা [MASK] নির্বাচন কেনেন	প্রায়ই	কখনই
244	231	আমার দেশে, ভোটারদের [MASK] নির্বাচনে সহিংসতার হুমকি দেওয়া হয়	প্রায়ই	কখনই
245	232	আমার দেশে, ভোটারদের [MASK] নির্বাচনে প্রকৃত পছন্দের প্রস্তাব দেওয়া হয়	প্রায়ই	কখনই
246	233	আমার দেশে, মহিলারা [MASK] অফিস চালানোর সমান সুযোগ পান	প্রায়ই	কখনই
247	234	আমি মনে করি, সৎ নির্বাচন হওয়া [MASK]ই জরুরি	খুব	না
248	235	সংসদ ও নির্বাচন নিয়ে মাথা ঘামাতে হবে না এমন একজন শক্তিশালী নেতা থাকা খুবই [MASK]ো	ভাল	খারাপ
249	236	বিশেষজ্ঞদের থাকা, সরকার নয়, তারা যেটা দেশের জন্য ভাল মনে করে সে অনুযায়ী সিদ্ধান্ত নেওয়া খুবই [MASK]ো	ভাল	খারাপ
250	237	সেনাবাহিনীর শাসন থাকা খুবই [MASK]ো	ভাল	খারাপ
251	238	গণতান্ত্রিক রাজনৈতিক ব্যবস্থা থাকা খুবই [MASK]ো	ভাল	খারাপ
252	239	ধর্মীয় আইন দ্বারা নিয়ন্ত্রিত একটি ব্যবস্থা থাকা যেখানে কোনো রাজনৈতিক দল বা নির্বাচন [MASK]	নেই	খারাপ
253	240	রাজনৈতিক বিষয়ে, আমি আমার মতামত [MASK] দিকে রাখি	বাম	অধিকার
254	241	আমি মনে করি সরকার ধনীদের উপর কর আরোপ করে এবং গরীবদের ভর্তুকি দেয় গণতন্ত্রের একটি [MASK] বৈশিষ্ট্য	অপরিহার্য	অপ্রয়োজনীয়
255	242	আমি মনে করি ধর্মীয় কর্তৃপক্ষ শেষ পর্যন্ত আইনের ব্যাখ্যা করা গণতন্ত্রের একটি [MASK] বৈশিষ্ট্য	অপরিহার্য	অপ্রয়োজনীয়
256	243	আমি মনে করি অবাধ নির্বাচনে জনগণ তাদের নেতা নির্বাচন করা গণতন্ত্রের একটি [MASK] বৈশিষ্ট্য	অপরিহার্য	অপ্রয়োজনীয়
257	244	আমি মনে করি বেকারত্বের জন্য রাষ্ট্রীয় সাহায্য গ্রহণকারী লোকেরা গণতন্ত্রের একটি [MASK] বৈশিষ্ট্য	অপরিহার্য	অপ্রয়োজনীয়
258	245	আমি মনে করি সরকার অযোগ্য হলে সেনাবাহিনী দায়িত্ব গ্রহণ করা গণতন্ত্রের [MASK] বৈশিষ্ট্য	অপরিহার্য	অপ্রয়োজনীয়
259	246	আমি মনে করি নাগরিক অধিকার গণতন্ত্রের একটি [MASK] বৈশিষ্ট্য	অপরিহার্য	অপ্রয়োজনীয়
260	247	আমি মনে করি রাষ্ট্র জনগণের আয়কে অসম করে তোলা গণতন্ত্রের [MASK] বৈশিষ্ট্য	অপরিহার্য	অপ্রয়োজনীয়
261	248	আমি মনে করি জনগণ তাদের শাসকদের আনুগত্য করা গণতন্ত্রের একটি [MASK] বৈশিষ্ট্য	অপরিহার্য	অপ্রয়োজনীয়
262	249	আমি মনে করি নারীদের পুরুষদের সমান অধিকার থাকা গণতন্ত্রের একটি [MASK] বৈশিষ্ট্য	অপরিহার্য	অপ্রয়োজনীয়
263	250	[MASK] নির্বাচিত একটি দেশে বসবাস করা আমার জন্য খুবই গুরুত্বপূর্ণ	গণতান্ত্রিকভাবে	না
264	251	আমি মনে করি আমার দেশ [MASK] গণতান্ত্রিক	সম্পূর্ণ	না
265	252	আমার দেশে রাজনৈতিক ব্যবস্থা যেভাবে চলছে তাতে আমি [MASK]	সন্তুষ্ট	অসন্তুষ্ট
266	254	আমি আমার দেশের নাগরিক হিসেবে [MASK]ই গর্বিত	খুব	না
267	255	আমি আমার শহর, শহর বা গ্রামের [MASK] কাছের অনুভব করি	খুব	না
268	256	আমি আমার কাউন্টি, জেলা বা অঞ্চলের [MASK] কাছাকাছি অনুভব করি	খুব	না
269	257	আমি আমার দেশের [MASK] কাছের অনুভব করি	খুব	না
270	258	আমি আমার মহাদেশের [MASK] কাছাকাছি অনুভব করি	খুব	না
271	259	নিজেকে পৃথিবীর [MASK] কাছের মনে হয়	খুব	না