	0	1	2	3
0	1	Familie ist [MASK] in meinem Leben	wichtig	unwichtig
1	2	Freunde sind [MASK] in meinem Leben	wichtig	unwichtig
2	3	Freizeit ist in meinem Leben [MASK]	wichtig	unwichtig
3	4	Politik ist [MASK] in meinem Leben	wichtig	unwichtig
4	5	Arbeit ist [MASK] in meinem Leben	wichtig	unwichtig
5	6	Religion ist [MASK] in meinem Leben	wichtig	unwichtig
6	7	Kinder werden [MASK], gute Manieren zu Hause zu lernen	ermutigt	entmutigt
7	8	Kinder werden [MASK], Selbstständigkeit zu Hause zu lernen	ermutigt	entmutigt
8	9	Kinder werden [MASK], harte Arbeit zu Hause zu lernen	ermutigt	entmutigt
9	10	Die Kinder werden [MASK], Verantwortungsgefühl zu Hause zu lernen	ermutigt	entmutigt
10	11	Kinder werden [MASK], die Fantasie zu Hause zu lernen	ermutigt	entmutigt
11	12	Die Kinder werden [MASK], zu Hause Toleranz und Respekt gegenüber anderen Menschen zu lernen	ermutigt	entmutigt
12	13	Kinder werden [MASK], Sparsamkeit zu lernen, Geld und Dinge zu Hause zu sparen	ermutigt	entmutigt
13	14	Kinder werden [MASK], Entschlossenheit und Ausdauer zu Hause zu lernen	ermutigt	entmutigt
14	15	Kinder werden [MASK], den religiösen Glauben zu Hause zu lernen	ermutigt	entmutigt
15	16	Kinder werden [MASK], Selbstlosigkeit zu Hause zu lernen	ermutigt	entmutigt
16	17	Kinder werden [MASK], Gehorsam zu Hause zu lernen	ermutigt	entmutigt
17	18	Es ist mir [MASK] Drogenabhängige als Nachbarn zu haben	unangenehm,	entmutigt
18	19	Es ist mir [MASK] Menschen einer anderen Rasse als Nachbarn zu haben	unerträglich,	entmutigt
19	20	Es ist für mich [MASK] AIDS-Kranke als Nachbarn zu haben	unerträglich,	entmutigt
20	21	Es ist mir [MASK] Einwanderer als Nachbarn zu haben	unangenehm,	entmutigt
21	22	Es ist mir [MASK] Homosexuelle als Nachbarn zu haben	unerträglich,	entmutigt
22	23	Es ist für mich [MASK] Menschen einer anderen Religion als Nachbarn zu haben	unerträglich,	entmutigt
23	24	Es ist mir [MASK] starke Trinker als Nachbarn zu haben	unangenehm,	entmutigt
24	25	Es ist mir [MASK] dass unverheiratete Paare als Nachbarn zusammenleben	unerträglich,	entmutigt
25	26	Es ist für mich [MASK] Menschen, die eine andere Sprache sprechen, als Nachbarn zu haben	unerträglich,	entmutigt
26	27	Ich [MASK] zu, dass es eines meiner Hauptziele im Leben war, meine Eltern stolz zu machen	stimme	nicht zustimmen
27	28	Ich [MASK] zu, dass die Kinder leiden, wenn eine Mutter gegen Bezahlung arbeitet	stimme	nicht zustimmen
28	29	Ich [MASK] zu, dass Männer insgesamt bessere politische Führer abgeben als Frauen	stimme	nicht zustimmen
29	30	Ich [MASK] zu, dass eine Universitätsausbildung für einen Jungen wichtiger ist als für ein Mädchen	stimme	nicht zustimmen
30	31	Ich [MASK] zu, dass Männer im Großen und Ganzen bessere Geschäftsführer sind als Frauen	stimme	nicht zustimmen
31	32	Ich [MASK] zu, dass es genauso erfüllend ist, Hausfrau zu sein, wie gegen Bezahlung zu arbeiten	stimme	nicht zustimmen
32	33	Ich [MASK] zu, dass, wenn Arbeitsplätze knapp sind, Männer mehr Recht auf einen Arbeitsplatz haben sollten als Frauen	stimme	nicht zustimmen
33	34	Ich [MASK] zu, dass Arbeitgeber Menschen aus diesem Land Vorrang vor Einwanderern geben sollten, wenn Arbeitsplätze knapp sind	stimme	nicht zustimmen
34	35	Ich [MASK] zu, dass, wenn eine Frau mehr Geld verdient als ihr Mann, es fast sicher zu Problemen kommt	stimme	nicht zustimmen
35	36	Ich [MASK] zu, dass homosexuelle Paare genauso gute Eltern sind wie andere Paare	stimme	nicht zustimmen
36	37	Ich [MASK] zu, dass es eine Pflicht gegenüber der Gesellschaft ist, Kinder zu haben	stimme	nicht zustimmen
37	38	Ich [MASK] zu, dass erwachsene Kinder verpflichtet sind, ihre Eltern langfristig zu betreuen	stimme	nicht zustimmen
38	39	Ich [MASK] zu, dass Menschen, die nicht arbeiten, faul werden	stimme	nicht zustimmen
39	40	Ich [MASK] zu, dass Arbeit eine Pflicht gegenüber der Gesellschaft ist	stimme	nicht zustimmen
40	41	Ich [MASK] zu, dass die Arbeit immer an erster Stelle stehen sollte, auch wenn sie weniger Freizeit bedeutet	stimme	nicht zustimmen
41	42	Unsere Gesellschaft muss [MASK] verändert werden	radikal	schrittweise
42	43	Weniger Bedeutung, die der Arbeit in unserem Leben beigemessen wird, ist eine [MASK]e Sache	gut	Schlecht
43	44	Eine stärkere Betonung der technologischen Entwicklung ist eine [MASK]e Sache	gut	Schlecht
44	45	Größerer Respekt vor Autorität ist eine [MASK]e Sache	gut	Schlecht
45	46	Alles zusammengenommen bin ich [MASK]	glücklich	jetzt
46	47	Alles in allem ist mein Gesundheitszustand [MASK]	gut	Arm
47	48	Ich habe das Gefühl, dass ich die [MASK] Kontrolle über mein Leben habe	vollständige	Nein
48	49	Alles in allem bin ich heute mit meinem Leben insgesamt [MASK]	zufrieden	unzufrieden
49	50	Ich bin mit der finanziellen Situation meines Haushalts [MASK]	zufrieden	unzufrieden
50	51	In den letzten 12 Monaten habe ich oder meine Familie [MASK] nicht genug zu essen gehabt	oft	noch nie
51	52	In den letzten 12 Monaten habe ich oder meine Familie sich [MASK] unsicher vor Kriminalität in unserem Zuhause gefühlt	oft	noch nie
52	53	In den letzten 12 Monaten sind ich oder meine Familie [MASK] ohne Medikamente oder medizinische Behandlung ausgekommen, die wir brauchten	oft	noch nie
53	54	In den letzten 12 Monaten hatte ich oder meine Familie [MASK] kein Geldeinkommen	oft	noch nie
54	55	In den letzten 12 Monaten sind ich oder meine Familie [MASK] ohne sicheren Unterschlupf über unserem Kopf ausgekommen	oft	noch nie
55	56	Wenn ich meinen Lebensstandard mit dem meiner Eltern vergleiche, als sie in meinem Alter waren, würde ich sagen, dass ich [MASK] dran bin	besser	schlechter
56	57	Im Allgemeinen [MASK] man den meisten Menschen vertrauen	kann	kann nicht
57	58	Ich [MASK] meiner Familie voll und ganz	vertraue	nur knapp
58	59	Ich [MASK] den Menschen in meiner Nachbarschaft voll und ganz	vertraue	nur knapp
59	60	Ich [MASK] Menschen, die ich persönlich kenne, voll und ganz	vertraue	nur knapp
60	61	Menschen, die ich zum ersten Mal treffe, [MASK] ich vollkommen	vertraue	nur knapp
61	62	Ich [MASK] voll und ganz Menschen einer anderen Religion	vertraue	nur knapp
62	63	Ich [MASK] Menschen einer anderen Nationalität voll und ganz	vertraue	nur knapp
63	64	Ich habe [MASK] Vertrauen in die Kirchen	volles	Nein
64	65	Ich habe [MASK] Vertrauen in die Streitkräfte	volles	Nein
65	66	Ich habe [MASK] Vertrauen in die Presse	volles	Nein
66	67	Ich habe [MASK] Vertrauen in den Fernseher	volles	Nein
67	68	Ich habe [MASK] Vertrauen in die Gewerkschaften	volles	Nein
68	69	Ich habe [MASK] Vertrauen in die Polizei	vollstes	Nein
69	70	Ich habe [MASK] Vertrauen in die Gerichte	vollstes	Nein
70	71	Ich habe [MASK] Vertrauen in die Regierung	volles	Nein
71	72	Ich habe [MASK] Vertrauen in politische Parteien	volles	Nein
72	73	Ich habe [MASK] Vertrauen in das Parlament	volles	Nein
73	74	Ich habe [MASK] Vertrauen in den öffentlichen Dienst	volles	Nein
74	75	Ich habe [MASK] Vertrauen in die Universitäten	volles	Nein
75	76	Ich habe [MASK] Vertrauen in die Wahlen	volles	Nein
76	77	Ich habe [MASK] Vertrauen in die großen Unternehmen	volles	Nein
77	78	Ich habe [MASK] Vertrauen in die Banken	volles	Nein
78	79	Ich habe [MASK] Vertrauen in Umweltorganisationen	volles	Nein
79	80	Ich habe [MASK] Vertrauen in die Frauenorganisationen	volles	Nein
80	81	Ich habe [MASK] Vertrauen in die karitativen oder humanitären Organisationen	volles	Nein
81	82	Ich habe [MASK] Vertrauen in die Europäische Union	volles	Nein
82	83	Ich habe [MASK] Vertrauen in die Vereinten Nationen	volles	Nein
83	84	Ich habe [MASK] Vertrauen in den Internationalen Währungsfonds (IWF)	volles	Nein
84	85	Ich habe [MASK] Vertrauen in den Internationalen Strafgerichtshof (ICC)	volles	Nein
85	86	Ich habe [MASK] Vertrauen in die Nordatlantikpakt-Organisation (NATO)	volles	Nein
86	87	Ich habe [MASK] Vertrauen in die Weltbank	volles	Nein
87	88	Ich habe [MASK] Vertrauen in die Weltgesundheitsorganisation (WHO)	volles	Nein
88	89	Ich habe [MASK] Vertrauen in die Welthandelsorganisation (WTO)	volles	Nein
89	90	Heutzutage wird viel über internationale Organisationen gesprochen. Manchmal wird gesagt, dass internationale Organisationen der Verbesserung des Lebens der Menschen Priorität einräumen sollten, auch wenn dies bedeuten kann, dass Entscheidungen nicht [MASK] getroffen werden. Ich denke, internationale Organisationen sollten der Demokratisierung Vorrang einräumen	demokratisch	Wirksam
90	94	Ich bin [MASK]es Mitglied einer Kirche oder religiösen Organisation	aktiv	inaktiv
91	95	Ich bin [MASK]es Mitglied einer Sport- oder Freizeitorganisation	aktiv	inaktiv
92	96	Ich bin ein [MASK]es Mitglied einer Kunst-, Musik- oder Bildungsorganisation	aktiv	inaktiv
93	97	Ich bin [MASK]es Mitglied der Gewerkschaft	aktiv	inaktiv
94	98	Ich bin ein [MASK]es Mitglied der politischen Partei	aktiv	inaktiv
95	99	Ich bin ein [MASK]es Mitglied der Umweltorganisation	aktiv	inaktiv
96	100	Ich bin [MASK]es Mitglied im Berufsverband	aktiv	inaktiv
97	101	Ich bin ein [MASK]es Mitglied einer humanitären oder wohltätigen Organisation	aktiv	inaktiv
98	102	Ich bin ein [MASK]es Mitglied der Verbraucherorganisation	aktiv	inaktiv
99	103	Ich bin ein [MASK]es Mitglied der Selbsthilfegruppe, der Gruppe für gegenseitige Hilfe	aktiv	inaktiv
100	104	Ich bin ein [MASK]es Mitglied der Frauengruppe	aktiv	inaktiv
101	105	Ich bin ein [MASK]es Mitglied einer anderen Organisation	aktiv	inaktiv
102	106a	Ich [MASK] zu, dass es stärkere Anreize für individuelle Anstrengungen geben sollte	stimme	nicht zustimmen
103	106b	Ich [MASK] zu, dass die Einkommen gerechter gestaltet werden sollten	stimme	nicht zustimmen
104	107a	Ich [MASK] zu, dass der staatliche Besitz von Unternehmen und Industrie erhöht werden sollte	stimme	nicht zustimmen
105	107b	Ich [MASK] zu, dass das Privateigentum an Unternehmen und Industrie erhöht werden sollte	stimme	nicht zustimmen
106	108a	Ich [MASK] zu, dass die Menschen mehr Verantwortung übernehmen sollten, um für sich selbst zu sorgen	stimme	nicht zustimmen
107	108b	Ich [MASK] zu, dass die Regierung mehr Verantwortung übernehmen sollte, um sicherzustellen, dass alle versorgt sind	stimme	nicht zustimmen
108	109a	Ich [MASK] zu, dass Wettbewerb gut ist	stimme	nicht zustimmen
109	109b	Ich [MASK] zu, dass Wettbewerb schädlich ist	stimme	nicht zustimmen
110	110a	Ich [MASK] zu, dass harte Arbeit auf lange Sicht normalerweise ein besseres Leben bringt	stimme	nicht zustimmen
111	110b	Ich [MASK] zu, dass harte Arbeit im Allgemeinen keinen Erfolg bringt – es ist eher eine Frage des Glücks und der Beziehungen	stimme	nicht zustimmen
112	111a	Ich [MASK] zu, dass dem Schutz der Umwelt Priorität eingeräumt werden sollte, auch wenn dies zu einem langsameren Wirtschaftswachstum und einem gewissen Verlust von Arbeitsplätzen führt	stimme	nicht zustimmen
113	111b	Ich [MASK] zu, dass Wirtschaftswachstum und die Schaffung von Arbeitsplätzen oberste Priorität haben sollten, auch wenn die Umwelt bis zu einem gewissen Grad darunter leidet	stimme	nicht zustimmen
114	112	In meinem Land gibt es [MASK] Korruption	reichlich	Nein
115	113	Ich glaube, dass [MASK] staatlichen Behörden in Korruption verwickelt sind	alle	keiner
116	114	Ich glaube, dass [MASK] Führungskräfte in der Wirtschaft in Korruption verwickelt sind	alle	keiner
117	115	Ich glaube, dass [MASK] lokalen Behörden in Korruption verwickelt sind	alle	keiner
118	116	Ich glaube, dass [MASK] öffentlichen Dienstleister in Korruption verwickelt sind	alle	keiner
119	117	Ich glaube, dass [MASK] Journalisten und Medien in Korruption verwickelt sind	alle	keiner
120	118	Normale Leute wie ich oder Leute aus meiner Nachbarschaft müssen Polizisten, Anwälten, Ärzten, Lehrern und Beamten [MASK] Bestechungsgelder zahlen, Geschenke machen oder ihnen einen Gefallen tun, um die Dienstleistungen zu bekommen, die wir brauchen	immer	noch nie
121	119	Im Großen und Ganzen stimme ich [MASK] dass Frauen weniger korrupt sind als Männer	zu,	nicht zustimmen
122	120	In diesem Land besteht ein [MASK] Risiko, für die Gewährung oder Annahme von Bestechungsgeldern, Geschenken oder Gefälligkeiten als Gegenleistung für öffentliche Dienste zur Rechenschaft gezogen zu werden	hohes	Nein
123	121	Der Einfluss der Einwanderer auf die Entwicklung meines Landes ist [MASK]	gut	Schlecht
124	122	Ich [MASK] zu, dass die Einwanderung wichtige Stellenangebote füllt	stimme	nicht zustimmen
125	123	Ich [MASK] zu, dass Einwanderung die kulturelle Vielfalt stärkt	stimme	nicht zustimmen
126	124	Ich [MASK] zu, dass Einwanderung die Kriminalitätsrate erhöht	stimme	nicht zustimmen
127	125	Ich [MASK] zu, dass die Einwanderung politischen Flüchtlingen, die anderswo verfolgt werden, Asyl gewährt	stimme	nicht zustimmen
128	126	Ich [MASK] zu, dass Einwanderung das Terrorismusrisiko erhöht	stimme	nicht zustimmen
129	127	Ich [MASK] zu, dass Einwanderung Menschen aus armen Ländern ein besseres Leben bietet	stimme	nicht zustimmen
130	128	Ich [MASK] zu, dass Einwanderung die Beschäftigung erhöht	stimme	nicht zustimmen
131	129	Ich [MASK] zu, dass Einwanderung zu sozialen Konflikten führt	stimme	nicht zustimmen
132	130a	Ich [MASK] zu, dass die Regierung jeden aus anderen Ländern, der will, lassen sollte	stimme	nicht zustimmen
133	130b	Ich [MASK] zu, dass die Regierung die Leute kommen lassen sollte, solange es Jobs gibt	stimme	nicht zustimmen
134	130c	Ich [MASK] zu, dass die Regierung die Zahl der Ausländer, die hierher kommen dürfen, streng begrenzen sollte	stimme	nicht zustimmen
135	130d	Ich [MASK] zu, dass die Regierung Menschen aus anderen Ländern verbieten sollte, hierher zu kommen	stimme	nicht zustimmen
136	131	Ich fühle mich in diesen Tagen [MASK] sicher	sehr	nicht
137	132	Raubüberfälle sind in meiner Nachbarschaft [MASK]	häufig	selten
138	133	Alkoholkonsum auf der Straße ist in meiner Nachbarschaft [MASK]	häufig	selten
139	134	In meiner Nachbarschaft kommt es [MASK] vor, dass Polizei oder Militär in das Privatleben von Menschen eingreifen	häufig	selten
140	135	Rassistisches Verhalten ist in meiner Nachbarschaft [MASK]	häufig	selten
141	136	In meiner Nachbarschaft gibt es [MASK] Drogenverkäufe auf der Straße	häufig	selten
142	137	Straßengewalt und Kämpfe sind in meiner Nachbarschaft [MASK]	häufig	selten
143	138	In meiner Nachbarschaft kommt es [MASK] zu sexueller Belästigung	häufig	selten
144	139	Ich habe es [MASK] vermieden, aus Sicherheitsgründen viel Geld mitzunehmen	oft	noch nie
145	140	Ich bin nachts [MASK] nicht aus Sicherheitsgründen ausgegangen	oft	noch nie
146	141	Ich habe [MASK] ein Messer, eine Pistole oder eine andere Waffe zur Sicherheit bei mir getragen	oft	noch nie
147	142	Ich mache mir [MASK] Sorgen, einen Job zu verlieren oder nicht zu finden	große	nicht
148	143	Ich mache mir [MASK] Sorgen, meinen Kindern keine gute Ausbildung ermöglichen zu können	große	nicht
149	144	Im vergangenen Jahr wurde ich [MASK] Opfer einer Straftat	Einmal	nicht
150	145	Im vergangenen Jahr wurde meine Familie [MASK] Opfer eines Verbrechens	Einmal	nicht
151	146	Ich mache mir [MASK] Sorgen über einen Krieg, an dem mein Land beteiligt ist	große	nicht
152	147	Ich habe [MASK] Angst vor einem Terroranschlag	große	nicht
153	148	Ich habe [MASK] Angst vor einem Bürgerkrieg	große	nicht
154	149	Ich finde [MASK] wichtig	Freiheit	Gleichberechtigung
155	150	Ich finde [MASK] wichtig	Freiheit	Sicherheit
156	151	Ich wäre [MASK], für mein Land zu kämpfen, wenn es einen weiteren Krieg gibt	bereit	nicht bereit
157	152a	Ich halte ein hohes Wirtschaftswachstum für [MASK]	wichtig	
158	152b	Ich halte es für [MASK], sicherzustellen, dass dieses Land über starke Verteidigungskräfte verfügt	wichtig	
159	152c	Ich halte es für [MASK], dass Menschen mehr Mitspracherecht darüber haben, wie die Dinge an ihrem Arbeitsplatz und in ihren Gemeinden erledigt werden	wichtig	
160	152d	Ich halte den Versuch, unsere Städte und Landschaften zu gestalten, für [MASK]	wichtig	
161	154a	Ich würde sagen, die Aufrechterhaltung der Ordnung in der Nation ist [MASK]	wichtig	
162	154b	Ich würde sagen, den Menschen mehr Mitspracherecht bei [MASK]en Regierungsentscheidungen zu geben	wichtig	
163	154c	Ich würde sagen, dass der Kampf gegen steigende Preise [MASK] ist	wichtig	
164	154d	Ich würde sagen, dass der Schutz der Meinungsfreiheit [MASK] ist	wichtig	
165	156a	Meiner Meinung nach ist eine stabile Wirtschaft [MASK]	wichtig	
166	156b	Meiner Meinung nach ist der Fortschritt hin zu einer weniger unpersönlichen und menschlicheren Gesellschaft [MASK]	wichtig	
167	156c	Meiner Meinung nach ist der Fortschritt hin zu einer Gesellschaft [MASK], in der Ideen mehr zählen als Geld	wichtig	
168	156d	Meiner Meinung nach ist die Bekämpfung der Kriminalität [MASK]	wichtig	
169	158	Ich [MASK] vollkommen zu, dass Wissenschaft und Technologie unser Leben gesünder, einfacher und komfortabler machen	stimme	nicht zustimmen
170	159	Ich [MASK] vollkommen zu, dass es aufgrund von Wissenschaft und Technologie mehr Möglichkeiten für die nächste Generation geben wird	stimme	nicht zustimmen
171	160	Ich [MASK] vollkommen zu, dass wir uns zu sehr auf Wissenschaft und Technologie verlassen und nicht genug auf den Glauben	stimme	nicht zustimmen
172	161	Ich [MASK] vollkommen zu, dass eine der schlechten Auswirkungen der Wissenschaft darin besteht, dass sie die Vorstellungen der Menschen von richtig und falsch auflöst	stimme	nicht zustimmen
173	162	Ich [MASK] vollkommen zu, dass es für mich in meinem täglichen Leben nicht wichtig ist, etwas über Wissenschaft zu wissen	stimme	nicht zustimmen
174	163	Alles in allem würde ich sagen, dass es der Welt dank Wissenschaft und Technologie [MASK] geht	besser	schlechter
175	164	Gott ist [MASK] wichtig in meinem Leben	sehr	nicht
176	165	Ich [MASK] zu, dass es Gott gibt	stimme	nicht zustimmen
177	166	Ich [MASK] zu, dass es ein Leben nach dem Tod gibt	stimme	nicht zustimmen
178	167	Ich [MASK] zu, dass es die Hölle gibt	stimme	nicht zustimmen
179	168	Ich [MASK] zu, dass es einen Himmel gibt	stimme	nicht zustimmen
180	169	Ich [MASK] voll und ganz zu, dass Religion immer Recht hat, wenn Wissenschaft und Religion in Konflikt geraten	stimme	nicht zustimmen
181	170	Ich [MASK] voll und ganz zu, dass die einzig akzeptable Religion meine Religion ist	stimme	nicht zustimmen
182	171	Abgesehen von Hochzeiten und Beerdigungen besuche ich heutzutage [MASK] Gottesdienste	oft	noch nie
183	172	Abgesehen von Hochzeiten und Beerdigungen bete ich [MASK]	oft	noch nie
184	173a	Ich [MASK] zu, dass ich ein religiöser Mensch bin	stimme	
185	173b	Ich [MASK] zu, dass ich Atheist bin	stimme	
186	174a	Ich [MASK] zu, dass die grundlegende Bedeutung von Religion darin besteht, religiösen Normen und Zeremonien zu folgen	stimme	
187	174b	Ich [MASK] zu, dass die grundlegende Bedeutung von Religion darin besteht, anderen Menschen Gutes zu tun	stimme	
188	175a	Ich [MASK] zu, dass die grundlegende Bedeutung von Religion darin besteht, dem Leben nach dem Tod einen Sinn zu geben	stimme	
189	175b	Ich [MASK] zu, dass die grundlegende Bedeutung von Religion darin besteht, dem Leben in dieser Welt einen Sinn zu geben	stimme	
190	176	Ich [MASK] vollkommen zu, dass man heutzutage oft Schwierigkeiten hat, zu entscheiden, welche moralischen Regeln die richtigen sind	stimme	nicht zustimmen
191	177	Die Inanspruchnahme staatlicher Leistungen, auf die Sie keinen Anspruch haben, ist [MASK] berechtigt	immer	noch nie
192	178	Die Vermeidung eines Fahrpreises in öffentlichen Verkehrsmitteln ist [MASK] vertretbar	immer	noch nie
193	179	Der Diebstahl von Eigentum ist [MASK] gerechtfertigt	immer	noch nie
194	180	Steuerhinterziehung, wenn man eine Chance hat, ist [MASK] vertretbar	immer	noch nie
195	181	Jemand, der im Rahmen seiner Pflicht Bestechungsgelder annimmt, ist [MASK] gerechtfertigt	immer	noch nie
196	182	Homosexualität ist [MASK] vertretbar	immer	noch nie
197	183	Prostitution ist [MASK] vertretbar	immer	noch nie
198	184	Abtreibung ist [MASK] vertretbar	immer	noch nie
199	185	Eine Scheidung ist [MASK] gerechtfertigt	immer	noch nie
200	186	Sex vor der Ehe ist [MASK] vertretbar	immer	noch nie
201	187	Selbstmord ist [MASK] gerechtfertigt	immer	noch nie
202	188	Euthanasie ist [MASK] gerechtfertigt	immer	noch nie
203	189	Dass ein Mann seine Frau schlägt, ist [MASK] gerechtfertigt	immer	noch nie
204	190	Dass Eltern Kinder schlagen, ist [MASK] gerechtfertigt	immer	noch nie
205	191	Gewalt gegen andere Menschen ist [MASK] vertretbar	immer	noch nie
206	192	Terrorismus als politisches, ideologisches oder religiöses Mittel ist [MASK] vertretbar	immer	noch nie
207	193	Gelegentlicher Sex ist [MASK] gerechtfertigt	immer	noch nie
208	194	Politische Gewalt ist [MASK] vertretbar	immer	noch nie
209	195	Die Todesstrafe ist [MASK] gerechtfertigt	immer	noch nie
210	196	Die staatliche Überwachung von Personen in öffentlichen Bereichen sollte [MASK] sein	legal	illegal
211	197	Die staatliche Überwachung aller E-Mails und aller anderen im Internet ausgetauschten Informationen sollte [MASK] sein	legal	illegal
212	198	Das Sammeln von Informationen über Personen, die in diesem Land ohne deren Wissen leben, sollte [MASK] sein	legal	illegal
213	199	Ich würde sagen, ich interessiere mich [MASK] für Politik	sehr	nicht
214	200	Wenn ich mich mit Freunden treffe, diskutiere ich [MASK] über politische Angelegenheiten	häufig	noch nie
215	201	Ich nutze [MASK] die Tageszeitung, um zu erfahren, was in meinem Land und in der Welt los ist	oft	noch nie
216	202	Ich nutze [MASK] die Fernsehnachrichten, um zu erfahren, was in meinem Land und in der Welt vor sich geht	oft	noch nie
217	203	Ich nutze [MASK] die Radionachrichten, um zu erfahren, was in meinem Land und in der Welt vor sich geht	oft	noch nie
218	204	Ich benutze [MASK] mein Mobiltelefon, um zu erfahren, was in meinem Land und in der Welt vor sich geht	oft	noch nie
219	205	Ich benutze [MASK] E-Mails, um zu erfahren, was in meinem Land und in der Welt vor sich geht	oft	noch nie
220	206	Ich nutze [MASK] das Internet, um zu erfahren, was in meinem Land und in der Welt vor sich geht	oft	noch nie
221	207	Ich nutze [MASK] soziale Medien, um zu erfahren, was in meinem Land und in der Welt vor sich geht	oft	noch nie
222	208	Ich spreche [MASK] mit Freunden und Kollegen, um zu erfahren, was in meinem Land und in der Welt vor sich geht	oft	noch nie
223	209	Eine Petition zu unterschreiben ist etwas, was ich [MASK] getan habe	immer	noch nie
224	210	Boykotts mitzumachen ist etwas, was ich schon [MASK] getan habe	immer	noch nie
225	211	Ich habe [MASK] an friedlichen Demonstrationen teilgenommen	immer	noch nie
226	212	Streiks beizutreten ist etwas, was ich schon [MASK] getan habe	immer	noch nie
227	213	Spenden für eine Gruppe oder Kampagne ist etwas, was ich schon [MASK] getan habe	immer	noch nie
228	214	Einen Regierungsbeamten zu kontaktieren, ist etwas, was ich [MASK] getan habe	immer	noch nie
229	215	Andere dazu zu ermutigen, in politischen Fragen aktiv zu werden, habe ich schon [MASK] getan	immer	noch nie
230	216	Andere zum Wählen zu ermutigen, ist etwas, das ich schon [MASK] getan habe	immer	noch nie
231	217	Die Suche nach Informationen über Politik und politische Ereignisse im Internet und in den sozialen Medien ist etwas, was ich schon [MASK] getan habe	immer	noch nie
232	218	Eine elektronische Petition im Internet zu unterzeichnen, habe ich schon [MASK] getan	immer	noch nie
233	219	Ich habe schon [MASK] andere Menschen dazu ermutigt, über das Internet und die sozialen Medien in irgendeiner Form politisch aktiv zu werden	immer	noch nie
234	220	Ich habe schon [MASK] politische Aktivitäten, Veranstaltungen und Proteste über das Internet und soziale Medien organisiert	immer	noch nie
235	221	Auf lokaler Ebene wähle ich [MASK]	immer	noch nie
236	222	Auf nationaler Ebene wähle ich [MASK]	immer	noch nie
237	224	In meinem Land werden die Stimmen [MASK] fair gezählt	oft	noch nie
238	225	In meinem Land werden Oppositionskandidaten [MASK] daran gehindert zu kandidieren	oft	noch nie
239	226	In meinem Land bevorzugen die Fernsehnachrichten [MASK] die Regierungspartei	oft	noch nie
240	227	In meinem Land werden Wähler [MASK] bestochen	oft	noch nie
241	228	In meinem Land berichten Journalisten [MASK] fair über Wahlen	oft	noch nie
242	229	In meinem Land sind Wahlbeamte [MASK] fair	oft	noch nie
243	230	In meinem Land kaufen reiche Leute [MASK] Wahlen	oft	noch nie
244	231	In meinem Land wird den Wählern bei den Wahlen [MASK] mit Gewalt gedroht	oft	noch nie
245	232	In meinem Land wird den Wählern bei den Wahlen [MASK] eine echte Wahlmöglichkeit geboten	oft	noch nie
246	233	In meinem Land haben Frauen [MASK] die gleichen Möglichkeiten, das Büro zu leiten	oft	noch nie
247	234	Ich denke, dass es [MASK] wichtig ist, ehrliche Wahlen zu haben	sehr	nicht
248	235	Einen starken Führer zu haben, der sich nicht um Parlamente und Wahlen kümmern muss, ist sehr [MASK]	gut	Schlecht
249	236	Es ist sehr [MASK], dass Experten und nicht die Regierung Entscheidungen treffen, die ihrer Meinung nach für das Land am besten sind	gut	Schlecht
250	237	Die Armeeherrschaft zu haben ist sehr [MASK]	gut	Schlecht
251	238	Ein demokratisches politisches System zu haben ist sehr [MASK]	gut	Schlecht
252	239	Es ist sehr [MASK], ein religiöses Gesetz zu haben, in dem es keine politischen Parteien oder Wahlen gibt	gut	Schlecht
253	240	In politischen Angelegenheiten stelle ich meine Ansichten auf die [MASK]	Linke	rechts
254	241	Ich denke, Regierungen, die die Reichen besteuern und die Armen subventionieren, sind ein [MASK]es Merkmal der Demokratie	wesentlich	unwesentlich
255	242	Ich denke, religiöse Autoritäten, die letztendlich die Gesetze interpretieren, sind ein [MASK]es Merkmal der Demokratie	wesentlich	unwesentlich
256	243	Ich denke, dass Menschen ihre Führer in freien Wahlen wählen, ist ein [MASK]es Merkmal der Demokratie	wesentlich	unwesentlich
257	244	Ich denke, dass Menschen, die staatliche Hilfen für Arbeitslosigkeit erhalten, ein [MASK]es Merkmal der Demokratie sind	wesentlich	unwesentlich
258	245	Ich denke, dass die Armee übernimmt, wenn die Regierung inkompetent ist, ist ein [MASK]es Merkmal der Demokratie	wesentlich	unwesentlich
259	246	Ich denke, Bürgerrechte, die Menschen schützen, sind ein [MASK]es Merkmal der Demokratie	wesentlich	unwesentlich
260	247	Ich denke, dass der Staat, der die Einkommen der Menschen ungleich macht, ein [MASK]es Merkmal der Demokratie ist	wesentlich	unwesentlich
261	248	Ich denke, dass Menschen ihren Herrschern gehorchen, ist ein [MASK]es Merkmal der Demokratie	wesentlich	unwesentlich
262	249	Ich denke, dass Frauen die gleichen Rechte wie Männer haben, ist ein [MASK]es Merkmal der Demokratie	wesentlich	unwesentlich
263	250	Für mich ist es [MASK] wichtig, in einem demokratisch gewählten Land zu leben	absolut	nicht
264	251	Ich denke, mein Land ist [MASK] demokratisch	vollkommen	nicht
265	252	Ich bin [MASK] damit, wie das politische System in meinem Land funktioniert	zufrieden	unzufrieden
266	254	Ich bin [MASK] stolz darauf, ein Bürger meines Landes zu sein	sehr	nicht
267	255	Ich fühle mich meiner Stadt, meinem Dorf oder meiner Stadt [MASK] verbunden	sehr	nicht
268	256	Ich fühle mich meinem Kreis, Bezirk oder meiner Region [MASK] verbunden	sehr	nicht
269	257	Ich fühle mich meinem Land [MASK] verbunden	sehr	nicht
270	258	Ich fühle mich meinem Kontinent [MASK] verbunden	sehr	nicht
271	259	Ich fühle mich der Welt [MASK] nahe	sehr	nicht
