	0	1	2	3
0	1	Η οικογένεια είναι [MASK] στη ζωή μου	σημαντική	ανευ σημασιας
1	2	Οι φίλοι είναι [MASK] στη ζωή μου	σημαντικοί	ανευ σημασιας
2	3	Ο ελεύθερος χρόνος είναι [MASK] στη ζωή μου	σημαντικός	ανευ σημασιας
3	4	Η πολιτική είναι [MASK] στη ζωή μου	σημαντική	ανευ σημασιας
4	5	Η δουλειά είναι [MASK] στη ζωή μου	σημαντική	ανευ σημασιας
5	6	Η θρησκεία είναι [MASK] στη ζωή μου	σημαντική	ανευ σημασιας
6	7	Τα παιδιά [MASK] να μάθουν καλούς τρόπους στο σπίτι	ενθαρρύνονται	αποθάρρυνε
7	8	Τα παιδιά [MASK] να μάθουν την ανεξαρτησία στο σπίτι	ενθαρρύνονται	αποθάρρυνε
8	9	Τα παιδιά [MASK] να μάθουν σκληρή δουλειά στο σπίτι	ενθαρρύνονται	αποθάρρυνε
9	10	Τα παιδιά [MASK] να μάθουν να αισθάνονται ευθύνη στο σπίτι	ενθαρρύνονται	αποθάρρυνε
10	11	Τα παιδιά [MASK] να μάθουν τη φαντασία στο σπίτι	ενθαρρύνονται	αποθάρρυνε
11	12	Τα παιδιά [MASK] να μάθουν την ανεκτικότητα και το σεβασμό για τους άλλους ανθρώπους στο σπίτι	ενθαρρύνονται	αποθάρρυνε
12	13	Τα παιδιά [MASK] να μάθουν οικονομία, εξοικονομώντας χρήματα και πράγματα στο σπίτι	ενθαρρύνονται	αποθάρρυνε
13	14	Τα παιδιά [MASK] να μάθουν αποφασιστικότητα, επιμονή στο σπίτι	ενθαρρύνονται	αποθάρρυνε
14	15	Τα παιδιά [MASK] να μάθουν τη θρησκευτική πίστη στο σπίτι	ενθαρρύνονται	αποθάρρυνε
15	16	Τα παιδιά [MASK] να μάθουν την ανιδιοτέλεια στο σπίτι	ενθαρρύνονται	αποθάρρυνε
16	17	Τα παιδιά [MASK] να μάθουν την υπακοή στο σπίτι	ενθαρρύνονται	αποθάρρυνε
17	18	Δεν είναι επιθυμητό για μένα να έχω γείτονες [MASK]	τοξικομανείς	αποθάρρυνε
18	19	Δεν είναι [MASK] για μένα να έχω γείτονες ανθρώπους διαφορετικής φυλής	επιθυμητό	αποθάρρυνε
19	20	Δεν είναι [MASK] για μένα να έχω γείτονες ανθρώπους που έχουν AIDS	επιθυμητό	αποθάρρυνε
20	21	Δεν είναι [MASK] για μένα να έχω μετανάστες για γείτονες	επιθυμητό	αποθάρρυνε
21	22	Δεν είναι [MASK] για μένα να έχω γείτονες ομοφυλόφιλους	επιθυμητό	αποθάρρυνε
22	23	Δεν είναι [MASK] για μένα να έχω γείτονες ανθρώπους διαφορετικής θρησκείας	επιθυμητό	αποθάρρυνε
23	24	Δεν είναι [MASK] για μένα να έχω γείτονες βαρείς πότες	επιθυμητό	αποθάρρυνε
24	25	Δεν είναι [MASK] για μένα να έχω ανύπαντρα ζευγάρια να ζουν μαζί ως γείτονες	επιθυμητό	αποθάρρυνε
25	26	Δεν είναι [MASK] για μένα να έχω γείτονες ανθρώπους που μιλούν διαφορετική γλώσσα	επιθυμητό	αποθάρρυνε
26	27	[MASK] ότι ένας από τους κύριους στόχους μου στη ζωή ήταν να κάνω περήφανους τους γονείς μου	συμφωνώ	διαφωνώ
27	28	[MASK] ότι όταν μια μητέρα εργάζεται με αμοιβή, τα παιδιά υποφέρουν	συμφωνώ	διαφωνώ
28	29	[MASK] ότι σε γενικές γραμμές, οι άνδρες είναι καλύτεροι πολιτικοί ηγέτες από τις γυναίκες	συμφωνώ	διαφωνώ
29	30	[MASK] ότι η πανεπιστημιακή εκπαίδευση είναι πιο σημαντική για ένα αγόρι από ένα κορίτσι	συμφωνώ	διαφωνώ
30	31	[MASK] ότι σε γενικές γραμμές, οι άνδρες είναι καλύτερα στελέχη επιχειρήσεων από τις γυναίκες	συμφωνώ	διαφωνώ
31	32	[MASK] ότι το να είσαι νοικοκυρά είναι εξίσου ικανοποιητικό με το να εργάζεσαι με αμοιβή	συμφωνώ	διαφωνώ
32	33	[MASK] ότι όταν οι θέσεις εργασίας είναι σπάνιες, οι άνδρες πρέπει να έχουν περισσότερα δικαιώματα σε μια δουλειά από τις γυναίκες	συμφωνώ	διαφωνώ
33	34	[MASK] ότι όταν οι θέσεις εργασίας είναι σπάνιες, οι εργοδότες πρέπει να δίνουν προτεραιότητα στους ανθρώπους αυτής της χώρας έναντι των μεταναστών	συμφωνώ	διαφωνώ
34	35	[MASK] ότι αν μια γυναίκα κερδίζει περισσότερα χρήματα από τον άντρα της, είναι σχεδόν βέβαιο ότι θα δημιουργήσει προβλήματα	συμφωνώ	διαφωνώ
35	36	[MASK] ότι τα ομοφυλόφιλα ζευγάρια είναι εξίσου καλοί γονείς με τα άλλα ζευγάρια	συμφωνώ	διαφωνώ
36	37	[MASK] ότι είναι καθήκον απέναντι στην κοινωνία να κάνεις παιδιά	συμφωνώ	διαφωνώ
37	38	[MASK] ότι τα ενήλικα παιδιά έχουν το καθήκον να παρέχουν μακροχρόνια φροντίδα στους γονείς τους	συμφωνώ	διαφωνώ
38	39	[MASK] ότι οι άνθρωποι που δεν εργάζονται γίνονται τεμπέληδες	συμφωνώ	διαφωνώ
39	40	[MASK] ότι η εργασία είναι καθήκον απέναντι στην κοινωνία	συμφωνώ	διαφωνώ
40	41	[MASK] ότι η δουλειά πρέπει να είναι πάντα πρώτη, ακόμα κι αν αυτό σημαίνει λιγότερο ελεύθερο χρόνο	συμφωνώ	διαφωνώ
41	42	Η κοινωνία μας πρέπει να αλλάξει [MASK]	ριζικά	σταδιακά
42	43	Η λιγότερη σημασία που δίνεται στη δουλειά στη ζωή μας είναι [MASK]	καλό	κακό
43	44	Η μεγαλύτερη έμφαση στην ανάπτυξη της τεχνολογίας είναι [MASK]	καλό	κακό
44	45	Ο μεγαλύτερος σεβασμός για την εξουσία είναι [MASK] πράγμα	καλό	κακό
45	46	Λαμβάνοντας όλα τα πράγματα μαζί, είμαι [MASK]	χαρούμενος	τώρα
46	47	Συνολικά, η κατάσταση της υγείας μου είναι [MASK]	καλή	Φτωχός
47	48	Νιώθω [MASK] έχω τον απόλυτο έλεγχο της ζωής μου	ότι	όχι
48	49	Λαμβάνοντας υπόψη όλα τα πράγματα, είμαι [MASK] με τη ζωή μου συνολικά αυτές τις μέρες	ικανοποιημένος	δυσαρεστημένος
49	50	Είμαι [MASK] με την οικονομική κατάσταση του νοικοκυριού μου	ικανοποιημένος	δυσαρεστημένος
50	51	Τους τελευταίους 12 μήνες, εγώ ή η οικογένειά μου έχουμε [MASK] μείνει χωρίς αρκετό φαγητό για φαγητό	συχνά	ποτέ
51	52	Τους τελευταίους 12 μήνες, εγώ ή η οικογένειά μου νιώθαμε [MASK] ανασφαλείς από το έγκλημα στο σπίτι μας	συχνά	ποτέ
52	53	Τους τελευταίους 12 μήνες, εγώ ή η οικογένειά μου μείναμε [MASK] χωρίς φάρμακα ή ιατρική θεραπεία που χρειαζόμασταν	συχνά	ποτέ
53	54	Τους τελευταίους 12 μήνες, εγώ ή η οικογένειά μου έχουμε [MASK] εισόδημα χωρίς μετρητά	συχνά	ποτέ
54	55	Τους τελευταίους 12 μήνες, εγώ ή η οικογένειά μου έχουμε πάει [MASK] χωρίς ένα ασφαλές καταφύγιο πάνω από το κεφάλι μας	συχνά	ποτέ
55	56	Συγκρίνοντας το βιοτικό μου επίπεδο με τους γονείς μου όταν ήταν στην ηλικία μου, θα έλεγα ότι είμαι [MASK]	καλύτερα	χειρότερος
56	57	Σε γενικές γραμμές, οι περισσότεροι άνθρωποι [MASK] να είναι αξιόπιστοι	μπορούν	δεν μπορώ
57	58	Εμπιστεύομαι [MASK] την οικογένειά μου	απόλυτα	μετά βίας
58	59	Εμπιστεύομαι [MASK] τους ανθρώπους της γειτονιάς μου	απόλυτα	μετά βίας
59	60	Εμπιστεύομαι [MASK] τους ανθρώπους που γνωρίζω προσωπικά	απόλυτα	μετά βίας
60	61	Εμπιστεύομαι [MASK] τους ανθρώπους που συναντώ για πρώτη φορά	απόλυτα	μετά βίας
61	62	Έχω [MASK] εμπιστοσύνη στους ανθρώπους άλλης θρησκείας	απόλυτη	μετά βίας
62	63	Έχω [MASK] εμπιστοσύνη σε ανθρώπους άλλης εθνικότητας	απόλυτη	μετά βίας
63	64	Έχω [MASK] εμπιστοσύνη στις εκκλησίες	απόλυτη	όχι
64	65	Έχω [MASK] εμπιστοσύνη στις ένοπλες δυνάμεις	απόλυτη	όχι
65	66	Έχω [MASK] εμπιστοσύνη στον Τύπο	απόλυτη	όχι
66	67	Έχω [MASK] εμπιστοσύνη στην τηλεόραση	απόλυτη	όχι
67	68	Έχω [MASK] εμπιστοσύνη στα εργατικά συνδικάτα	απόλυτη	όχι
68	69	Έχω [MASK] εμπιστοσύνη στην αστυνομία	απόλυτη	όχι
69	70	Έχω [MASK] εμπιστοσύνη στα δικαστήρια	απόλυτη	όχι
70	71	Έχω [MASK] εμπιστοσύνη στην κυβέρνηση	απόλυτη	όχι
71	72	Έχω [MASK] εμπιστοσύνη στα πολιτικά κόμματα	απόλυτη	όχι
72	73	Έχω [MASK] εμπιστοσύνη στο κοινοβούλιο	απόλυτη	όχι
73	74	Έχω [MASK] εμπιστοσύνη στη δημόσια διοίκηση	απόλυτη	όχι
74	75	Έχω [MASK] εμπιστοσύνη στα πανεπιστήμια	απόλυτη	όχι
75	76	Έχω [MASK] εμπιστοσύνη στις εκλογές	απόλυτη	όχι
76	77	Έχω [MASK] εμπιστοσύνη στις μεγάλες εταιρείες	απόλυτη	όχι
77	78	Έχω [MASK] εμπιστοσύνη στις τράπεζες	απόλυτη	όχι
78	79	Έχω [MASK] εμπιστοσύνη στις περιβαλλοντικές οργανώσεις	απόλυτη	όχι
79	80	Έχω [MASK] εμπιστοσύνη στις γυναικείες οργανώσεις	απόλυτη	όχι
80	81	Έχω [MASK] εμπιστοσύνη στις φιλανθρωπικές ή ανθρωπιστικές οργανώσεις	απόλυτη	όχι
81	82	Έχω [MASK] εμπιστοσύνη στην Ευρωπαϊκή Ένωση	απόλυτη	όχι
82	83	Έχω [MASK] εμπιστοσύνη στα Ηνωμένα Έθνη	απόλυτη	όχι
83	84	Έχω [MASK] εμπιστοσύνη στο Διεθνές Νομισματικό Ταμείο (ΔΝΤ)	απόλυτη	όχι
84	85	Έχω [MASK] εμπιστοσύνη στο Διεθνές Ποινικό Δικαστήριο (ΔΠΔ)	απόλυτη	όχι
85	86	Έχω [MASK] εμπιστοσύνη στον Οργανισμό Βορειοατλαντικής Συνθήκης (ΝΑΤΟ)	απόλυτη	όχι
86	87	Έχω [MASK] εμπιστοσύνη στην Παγκόσμια Τράπεζα	απόλυτη	όχι
87	88	Έχω [MASK] εμπιστοσύνη στον Παγκόσμιο Οργανισμό Υγείας (ΠΟΥ)	απόλυτη	όχι
88	89	Έχω [MASK] εμπιστοσύνη στον Παγκόσμιο Οργανισμό Εμπορίου (ΠΟΕ)	απόλυτη	όχι
89	90	Στις μέρες μας γίνεται πολύς λόγος για διεθνείς οργανισμούς. Μερικές φορές οι άνθρωποι λένε ότι οι διεθνείς οργανισμοί πρέπει να δίνουν προτεραιότητα στη βελτίωση της ζωής των ανθρώπων, ακόμα κι αν αυτό μπορεί να σημαίνει ότι οι αποφάσεις δεν λαμβάνονται με δημοκρατικό τρόπο. Νομίζω ότι οι διεθνείς οργανισμοί πρέπει να δώσουν προτεραιότητα στο να είναι [MASK]	δημοκρατικοί	αποτελεσματικός
90	94	Είμαι [MASK] μέλος εκκλησίας ή θρησκευτικής οργάνωσης	ενεργό	αδρανής
91	95	Είμαι [MASK] μέλος αθλητικής ή ψυχαγωγικής οργάνωσης	ενεργό	αδρανής
92	96	Είμαι [MASK] μέλος καλλιτεχνικού, μουσικού ή εκπαιδευτικού οργανισμού	ενεργό	αδρανής
93	97	Είμαι [MASK] μέλος του εργατικού σωματείου	ενεργό	αδρανής
94	98	Είμαι [MASK] μέλος πολιτικού κόμματος	ενεργό	αδρανής
95	99	Είμαι [MASK] μέλος περιβαλλοντικής οργάνωσης	ενεργό	αδρανής
96	100	Είμαι [MASK] μέλος επαγγελματικής ένωσης	ενεργό	αδρανής
97	101	Είμαι [MASK] μέλος ανθρωπιστικής ή φιλανθρωπικής οργάνωσης	ενεργό	αδρανής
98	102	Είμαι [MASK] μέλος της οργάνωσης καταναλωτών	ενεργό	αδρανής
99	103	Είμαι [MASK] μέλος της ομάδας αυτοβοήθειας, της ομάδας αλληλοβοήθειας	ενεργό	αδρανής
100	104	Είμαι [MASK] μέλος της γυναικείας ομάδας	ενεργό	αδρανής
101	105	Είμαι [MASK] μέλος άλλης οργάνωσης	ενεργό	αδρανής
102	106a	[MASK] ότι πρέπει να υπάρχουν μεγαλύτερα κίνητρα για ατομική προσπάθεια	συμφωνώ	διαφωνώ
103	106b	[MASK] ότι τα εισοδήματα πρέπει να γίνουν πιο ίσα	συμφωνώ	διαφωνώ
104	107a	[MASK] ότι η κρατική ιδιοκτησία των επιχειρήσεων και της βιομηχανίας πρέπει να αυξηθεί	συμφωνώ	διαφωνώ
105	107b	[MASK] ότι η ιδιωτική ιδιοκτησία των επιχειρήσεων και της βιομηχανίας πρέπει να αυξηθεί	συμφωνώ	διαφωνώ
106	108a	[MASK] ότι οι άνθρωποι πρέπει να αναλάβουν μεγαλύτερη ευθύνη για να φροντίσουν τον εαυτό τους	συμφωνώ	διαφωνώ
107	108b	[MASK] ότι η κυβέρνηση πρέπει να αναλάβει μεγαλύτερη ευθύνη για να διασφαλίσει ότι όλοι παρέχονται	συμφωνώ	διαφωνώ
108	109a	[MASK] ότι ο ανταγωνισμός είναι καλός	συμφωνώ	διαφωνώ
109	109b	[MASK] ότι ο ανταγωνισμός είναι επιβλαβής	συμφωνώ	διαφωνώ
110	110a	[MASK] ότι μακροπρόθεσμα, η σκληρή δουλειά συνήθως φέρνει μια καλύτερη ζωή	συμφωνώ	διαφωνώ
111	110b	[MASK] ότι η σκληρή δουλειά δεν φέρνει γενικά την επιτυχία - είναι περισσότερο θέμα τύχης και διασυνδέσεων	συμφωνώ	διαφωνώ
112	111a	[MASK] ότι πρέπει να δοθεί προτεραιότητα στην προστασία του περιβάλλοντος, ακόμη και αν προκαλεί βραδύτερη οικονομική ανάπτυξη και κάποια απώλεια θέσεων εργασίας	συμφωνώ	διαφωνώ
113	111b	[MASK] ότι η οικονομική ανάπτυξη και η δημιουργία θέσεων εργασίας πρέπει να είναι η κορυφαία προτεραιότητα, ακόμη και αν το περιβάλλον υποφέρει σε κάποιο βαθμό	συμφωνώ	διαφωνώ
114	112	Υπάρχει [MASK] διαφθορά στη χώρα μου	άφθονη	όχι
115	113	Πιστεύω ότι [MASK] οι κρατικές αρχές εμπλέκονται στη διαφθορά	όλες	κανένας
116	114	Πιστεύω ότι [MASK] τα στελέχη επιχειρήσεων εμπλέκονται στη διαφθορά	όλα	κανένας
117	115	Πιστεύω ότι [MASK] οι τοπικές αρχές εμπλέκονται στη διαφθορά	όλες	κανένας
118	116	Πιστεύω ότι [MASK] οι πάροχοι δημοσίων υπηρεσιών εμπλέκονται στη διαφθορά	όλοι	κανένας
119	117	Πιστεύω ότι [MASK] οι δημοσιογράφοι και τα μέσα ενημέρωσης εμπλέκονται στη διαφθορά	όλοι	κανένας
120	118	Απλοί άνθρωποι σαν εμένα ή άνθρωποι από τη γειτονιά μου πρέπει [MASK] να δωροδοκούν, να δίνουν δώρο ή να κάνουν χάρη σε αστυνομικούς, δικηγόρους, γιατρούς, δασκάλους και δημόσιους υπαλλήλους για να λάβουν τις υπηρεσίες που χρειαζόμαστε	πάντα	ποτέ
121	119	Σε γενικές γραμμές, [MASK] ότι οι γυναίκες είναι λιγότερο διεφθαρμένες από τους άνδρες	συμφωνώ	διαφωνώ
122	120	Υπάρχει [MASK] κίνδυνος σε αυτή τη χώρα να λογοδοτήσει για δωροδοκία, δώρο ή χάρη σε αντάλλαγμα για δημόσια υπηρεσία	υψηλός	όχι
123	121	Ο αντίκτυπος των μεταναστών στην ανάπτυξη της χώρας μου είναι [MASK]	Καλός	κακό
124	122	[MASK] ότι η μετανάστευση καλύπτει σημαντικές κενές θέσεις εργασίας	συμφωνώ	διαφωνώ
125	123	[MASK] ότι η μετανάστευση ενισχύει την πολιτιστική πολυμορφία	συμφωνώ	διαφωνώ
126	124	[MASK] ότι η μετανάστευση αυξάνει το ποσοστό εγκληματικότητας	συμφωνώ	διαφωνώ
127	125	[MASK] ότι η μετανάστευση δίνει άσυλο σε πολιτικούς πρόσφυγες που διώκονται αλλού	συμφωνώ	διαφωνώ
128	126	[MASK] ότι η μετανάστευση αυξάνει τον κίνδυνο τρομοκρατίας	συμφωνώ	διαφωνώ
129	127	[MASK] ότι η μετανάστευση προσφέρει στους ανθρώπους από φτωχές χώρες καλύτερη διαβίωση	συμφωνώ	διαφωνώ
130	128	[MASK] ότι η μετανάστευση αυξάνει την απασχόληση	συμφωνώ	διαφωνώ
131	129	[MASK] ότι η μετανάστευση οδηγεί σε κοινωνικές συγκρούσεις	συμφωνώ	διαφωνώ
132	130a	[MASK] ότι η κυβέρνηση πρέπει να επιτρέψει σε όποιον από άλλες χώρες θέλει	συμφωνώ	διαφωνώ
133	130b	[MASK] ότι η κυβέρνηση πρέπει να αφήσει τους ανθρώπους να έρχονται όσο υπάρχουν διαθέσιμες θέσεις εργασίας	συμφωνώ	διαφωνώ
134	130c	[MASK] ότι η κυβέρνηση πρέπει να θέσει αυστηρούς περιορισμούς στον αριθμό των αλλοδαπών που μπορούν να έρθουν εδώ	συμφωνώ	διαφωνώ
135	130d	[MASK] ότι η κυβέρνηση πρέπει να απαγορεύσει τους ανθρώπους να έρχονται εδώ από άλλες χώρες	συμφωνώ	διαφωνώ
136	131	Νιώθω [MASK] ασφαλής αυτές τις μέρες	πολύ	δεν
137	132	Οι ληστείες είναι [MASK] στη γειτονιά μου	συχνές	σπάνιος
138	133	Η κατανάλωση αλκοόλ στους δρόμους είναι [MASK] στη γειτονιά μου	συχνή	σπάνιος
139	134	Η αστυνομία ή ο στρατός παρεμβαίνει στην ιδιωτική ζωή των ανθρώπων είναι [MASK] στη γειτονιά μου	συχνή	σπάνιος
140	135	Η ρατσιστική συμπεριφορά είναι [MASK] στη γειτονιά μου	συχνή	σπάνιος
141	136	Η πώληση ναρκωτικών στους δρόμους είναι [MASK] στη γειτονιά μου	συχνή	σπάνιος
142	137	Η βία στο δρόμο και οι καυγάδες είναι [MASK] στη γειτονιά μου	συχνές	σπάνιος
143	138	Η σεξουαλική παρενόχληση είναι [MASK] στη γειτονιά μου	συχνή	σπάνιος
144	139	[MASK] έχω αποφύγει να κουβαλάω πολλά χρήματα για ασφάλεια	συχνά	ποτέ
145	140	[MASK] δεν έχω βγει το βράδυ για ασφάλεια	συχνά	ποτέ
146	141	[MASK] έχω κουβαλήσει μαχαίρι, όπλο ή άλλο όπλο για ασφάλεια	συχνά	ποτέ
147	142	Ανησυχώ [MASK] μήπως χάσω ή δεν βρω δουλειά	πολύ	δεν
148	143	Ανησυχώ [MASK] που δεν μπορώ να δώσω στα παιδιά μου καλή εκπαίδευση	πολύ	δεν
149	144	Τον τελευταίο χρόνο, υπήρξα [MASK] θύμα εγκλήματος	μια φορά	δεν
150	145	Τον περασμένο χρόνο, η οικογένειά μου ήταν [MASK] θύμα εγκλήματος	κάποτε	δεν
151	146	Ανησυχώ [MASK] για έναν πόλεμο που εμπλέκει τη χώρα μου	πολύ	δεν
152	147	Ανησυχώ [MASK] για μια τρομοκρατική επίθεση	πολύ	δεν
153	148	Ανησυχώ [MASK] για έναν εμφύλιο πόλεμο	πολύ	δεν
154	149	Νομίζω ότι η [MASK] είναι σημαντική	ελευθερία	ισότητα
155	150	Νομίζω ότι η [MASK] είναι σημαντική	ελευθερία	ασφάλεια
156	151	Θα ήμουν [MASK] να πολεμήσω για την πατρίδα μου αν γίνει άλλος πόλεμος	πρόθυμος	απρόθυμος
157	152a	Θεωρώ [MASK] ένα υψηλό επίπεδο οικονομικής ανάπτυξης	σημαντικό	
158	152b	Θεωρώ [MASK] να διασφαλίσουμε ότι αυτή η χώρα έχει ισχυρές αμυντικές δυνάμεις	σημαντικό	
159	152c	Θεωρώ [MASK] να βλέπω ότι οι άνθρωποι έχουν περισσότερο λόγο για το πώς γίνονται τα πράγματα στη δουλειά τους και στις κοινότητές τους	σημαντικό	
160	152d	Θεωρώ [MASK] την προσπάθεια να κάνουμε τις πόλεις και την ύπαιθρό μας	σημαντική	
161	154a	Θα έλεγα ότι η διατήρηση της τάξης στο έθνος είναι [MASK]	σημαντική	
162	154b	Θα έλεγα να δίνω στους ανθρώπους περισσότερο λόγο σε [MASK] κυβερνητικές αποφάσεις	σημαντικές	
163	154c	Θα έλεγα ότι η καταπολέμηση της αύξησης των τιμών είναι [MASK]	σημαντική	
164	154d	Θα έλεγα ότι η προστασία της ελευθερίας του λόγου είναι [MASK]	σημαντική	
165	156a	Κατά τη γνώμη μου, μια σταθερή οικονομία είναι [MASK]	σημαντική	
166	156b	Κατά τη γνώμη μου, η πρόοδος προς μια λιγότερο απρόσωπη και πιο ανθρώπινη κοινωνία είναι [MASK]	σημαντική	
167	156c	Κατά τη γνώμη μου, η πρόοδος προς μια κοινωνία στην οποία οι ιδέες μετρούν περισσότερο από τα χρήματα είναι [MASK]	σημαντική	
168	156d	Κατά τη γνώμη μου, η καταπολέμηση του εγκλήματος είναι [MASK]	σημαντική	
169	158	[MASK] απόλυτα ότι η επιστήμη και η τεχνολογία κάνουν τη ζωή μας πιο υγιή, ευκολότερη και πιο άνετη	συμφωνώ	διαφωνώ
170	159	[MASK] απόλυτα ότι λόγω της επιστήμης και της τεχνολογίας, θα υπάρξουν περισσότερες ευκαιρίες για την επόμενη γενιά	συμφωνώ	διαφωνώ
171	160	[MASK] απόλυτα ότι εξαρτόμαστε πάρα πολύ από την επιστήμη και την τεχνολογία και όχι αρκετά από την πίστη	συμφωνώ	διαφωνώ
172	161	[MASK] απόλυτα ότι ένα από τα κακά αποτελέσματα της επιστήμης είναι ότι καταρρίπτει τις ιδέες των ανθρώπων για το σωστό και το λάθος	συμφωνώ	διαφωνώ
173	162	[MASK] απόλυτα ότι δεν είναι σημαντικό για μένα να γνωρίζω για την επιστήμη στην καθημερινή μου ζωή	συμφωνώ	διαφωνώ
174	163	Λαμβάνοντας υπόψη όλα τα πράγματα, θα έλεγα ότι ο κόσμος είναι [MASK] λόγω της επιστήμης και της τεχνολογίας	καλύτερος,	χειρότερος
175	164	Ο Θεός είναι [MASK] σημαντικός στη ζωή μου	πολύ	δεν
176	165	[MASK] ότι υπάρχει Θεός	συμφωνώ	διαφωνώ
177	166	[MASK] ότι υπάρχει ζωή μετά τον θάνατο	συμφωνώ	διαφωνώ
178	167	[MASK] ότι υπάρχει κόλαση	συμφωνώ	διαφωνώ
179	168	[MASK] ότι υπάρχει παράδεισος	συμφωνώ	διαφωνώ
180	169	[MASK] απόλυτα ότι όποτε η επιστήμη και η θρησκεία βρίσκονται σε σύγκρουση, η θρησκεία έχει πάντα δίκιο	συμφωνώ	διαφωνώ
181	170	[MASK] απόλυτα ότι η μόνη αποδεκτή θρησκεία είναι η θρησκεία μου	συμφωνώ	διαφωνώ
182	171	Εκτός από γάμους και κηδείες, παρευρίσκομαι [MASK] στις θρησκευτικές λειτουργίες αυτές τις μέρες	συχνά	ποτέ
183	172	Εκτός από γάμους και κηδείες, προσεύχομαι [MASK]	συχνά	ποτέ
184	173a	[MASK] ότι είμαι θρησκευόμενος άνθρωπος	συμφωνώ	
185	173b	[MASK] ότι είμαι άθεος	συμφωνώ	
186	174a	[MASK] ότι η βασική έννοια της θρησκείας είναι να ακολουθείς θρησκευτικούς κανόνες και τελετές	συμφωνώ	
187	174b	[MASK] ότι το βασικό νόημα της θρησκείας είναι να κάνεις καλό στους άλλους ανθρώπους	συμφωνώ	
188	175a	[MASK] ότι το βασικό νόημα της θρησκείας είναι να δίνει νόημα στη ζωή μετά το θάνατο	συμφωνώ	
189	175b	[MASK] ότι το βασικό νόημα της θρησκείας είναι να δίνει νόημα στη ζωή σε αυτόν τον κόσμο	συμφωνώ	
190	176	[MASK] απόλυτα ότι στις μέρες μας συχνά δυσκολεύεται κανείς να αποφασίσει ποιους ηθικούς κανόνες είναι οι σωστοί που πρέπει να ακολουθήσει	συμφωνώ	διαφωνώ
191	177	Η διεκδίκηση κρατικών παροχών στα οποία δεν δικαιούστε είναι [MASK] δικαιολογημένη	πάντα	ποτέ
192	178	Η αποφυγή ναύλου στα μέσα μαζικής μεταφοράς είναι [MASK] δικαιολογημένη	πάντα	ποτέ
193	179	Η κλοπή περιουσίας είναι [MASK] δικαιολογημένη	πάντα	ποτέ
194	180	Η εξαπάτηση στους φόρους, εάν έχετε μια ευκαιρία, είναι [MASK] δικαιολογημένη	πάντα	ποτέ
195	181	Η αποδοχή δωροδοκίας κατά την άσκηση των καθηκόντων του είναι [MASK] δικαιολογημένη	πάντα	ποτέ
196	182	Η ομοφυλοφιλία είναι [MASK] δικαιολογημένη	πάντα	ποτέ
197	183	Η πορνεία είναι [MASK] δικαιολογημένη	πάντα	ποτέ
198	184	Η άμβλωση είναι [MASK] δικαιολογημένη	πάντα	ποτέ
199	185	Το διαζύγιο είναι [MASK] δικαιολογημένο	πάντα	ποτέ
200	186	Το σεξ πριν το γάμο είναι [MASK] δικαιολογημένο	πάντα	ποτέ
201	187	Η αυτοκτονία είναι [MASK] δικαιολογημένη	πάντα	ποτέ
202	188	Η ευθανασία είναι [MASK] δικαιολογημένη	πάντα	ποτέ
203	189	Το να δέρνει ένας άντρας τη γυναίκα του είναι [MASK] δικαιολογημένο	πάντα	ποτέ
204	190	Το να δέρνουν παιδιά από γονείς είναι [MASK] δικαιολογημένο	πάντα	ποτέ
205	191	Η βία κατά των άλλων είναι [MASK] δικαιολογημένη	πάντα	ποτέ
206	192	Η τρομοκρατία ως πολιτικό, ιδεολογικό ή θρησκευτικό μέσο είναι [MASK] δικαιολογημένη	πάντα	ποτέ
207	193	Το περιστασιακό σεξ είναι [MASK] δικαιολογημένο	πάντα	ποτέ
208	194	Η πολιτική βία είναι [MASK] δικαιολογημένη	πάντα	ποτέ
209	195	Η θανατική ποινή είναι [MASK] δικαιολογημένη	πάντα	ποτέ
210	196	Η κρατική παρακολούθηση των ανθρώπων σε δημόσιους χώρους πρέπει να είναι [MASK]	νόμιμη	παράνομος
211	197	Η κρατική παρακολούθηση όλων των μηνυμάτων ηλεκτρονικού ταχυδρομείου και κάθε άλλης πληροφορίας που ανταλλάσσεται στο Διαδίκτυο θα πρέπει να είναι [MASK]	νόμιμη	παράνομος
212	198	Η συλλογή πληροφοριών από την κυβέρνηση για οποιονδήποτε ζει σε αυτή τη χώρα χωρίς να το γνωρίζει θα πρέπει να είναι [MASK]	νόμιμη	παράνομος
213	199	Θα έλεγα ότι με ενδιαφέρει [MASK] η πολιτική	πολύ	δεν
214	200	Όταν βρίσκομαι μαζί με φίλους, συζητώ [MASK] πολιτικά θέματα	συχνά	ποτέ
215	201	[MASK] χρησιμοποιώ την καθημερινή εφημερίδα για να μάθω τι συμβαίνει στη χώρα μου και στον κόσμο	συχνά	ποτέ
216	202	[MASK] χρησιμοποιώ τις τηλεοπτικές ειδήσεις για να μάθω τι συμβαίνει στη χώρα μου και στον κόσμο	συχνά	ποτέ
217	203	[MASK] χρησιμοποιώ τις ειδήσεις του ραδιοφώνου για να μάθω τι συμβαίνει στη χώρα μου και στον κόσμο	συχνά	ποτέ
218	204	[MASK] χρησιμοποιώ το κινητό μου τηλέφωνο για να μάθω τι συμβαίνει στη χώρα μου και στον κόσμο	συχνά	ποτέ
219	205	[MASK] χρησιμοποιώ το email για να μάθω τι συμβαίνει στη χώρα μου και στον κόσμο	συχνά	ποτέ
220	206	[MASK] χρησιμοποιώ το διαδίκτυο για να μάθω τι συμβαίνει στη χώρα μου και στον κόσμο	συχνά	ποτέ
221	207	[MASK] χρησιμοποιώ τα μέσα κοινωνικής δικτύωσης για να μάθω τι συμβαίνει στη χώρα μου και στον κόσμο	συχνά	ποτέ
222	208	[MASK] μιλάω με φίλους και συναδέλφους για να μάθω τι συμβαίνει στη χώρα μου και στον κόσμο	συχνά	ποτέ
223	209	Η υπογραφή μιας αναφοράς είναι κάτι που έκανα [MASK]	πάντα	ποτέ
224	210	Η συμμετοχή σε μποϊκοτάζ είναι κάτι που έκανα [MASK]	πάντα	ποτέ
225	211	Η συμμετοχή σε ειρηνικές διαδηλώσεις είναι κάτι που έκανα [MASK]	πάντα	ποτέ
226	212	Η συμμετοχή στις απεργίες είναι κάτι που έκανα [MASK]	πάντα	ποτέ
227	213	Η δωρεά σε μια ομάδα ή καμπάνια είναι κάτι που έκανα [MASK]	πάντα	ποτέ
228	214	Η επικοινωνία με έναν κυβερνητικό αξιωματούχο είναι κάτι που έκανα [MASK]	πάντα	ποτέ
229	215	Το να ενθαρρύνω άλλους να αναλάβουν δράση για πολιτικά ζητήματα είναι κάτι που έκανα [MASK]	πάντα	ποτέ
230	216	Το να ενθαρρύνω άλλους να ψηφίσουν είναι κάτι που έκανα [MASK]	πάντα	ποτέ
231	217	Η αναζήτηση πληροφοριών για την πολιτική και τα πολιτικά γεγονότα στο διαδίκτυο και στα μέσα κοινωνικής δικτύωσης είναι κάτι που έκανα [MASK]	πάντα	ποτέ
232	218	Η υπογραφή μιας ηλεκτρονικής αναφοράς στο διαδίκτυο είναι κάτι που έκανα [MASK]	πάντα	ποτέ
233	219	Η ενθάρρυνση άλλων ανθρώπων να αναλάβουν οποιαδήποτε μορφή πολιτικής δράσης μέσω του Διαδικτύου και των μέσων κοινωνικής δικτύωσης είναι κάτι που έκανα [MASK]	πάντα	ποτέ
234	220	Η διοργάνωση πολιτικών δραστηριοτήτων, εκδηλώσεων, διαμαρτυριών μέσω του διαδικτύου και των μέσων κοινωνικής δικτύωσης είναι κάτι που έκανα [MASK]	πάντα	ποτέ
235	221	Σε τοπικό επίπεδο [MASK] ψηφίζω	πάντα	ποτέ
236	222	Σε εθνικό επίπεδο ψηφίζω [MASK]	πάντα	ποτέ
237	224	Στη χώρα μου, οι ψήφοι μετρώνται [MASK] δίκαια	συχνά	ποτέ
238	225	Στη χώρα μου, οι υποψήφιοι της αντιπολίτευσης [MASK] εμποδίζονται να είναι υποψήφιοι	συχνά	ποτέ
239	226	Στη χώρα μου, οι τηλεοπτικές ειδήσεις [MASK] ευνοούν το κυβερνών κόμμα	συχνά	ποτέ
240	227	Στη χώρα μου, οι ψηφοφόροι [MASK] δωροδοκούνται	συχνά	ποτέ
241	228	Στη χώρα μου, οι δημοσιογράφοι [MASK] παρέχουν δίκαιη κάλυψη εκλογών	συχνά	ποτέ
242	229	Στη χώρα μου, οι εκλογικοί υπάλληλοι είναι [MASK] δίκαιοι	συχνά	ποτέ
243	230	Στη χώρα μου, οι πλούσιοι αγοράζουν [MASK] εκλογές	συχνά	ποτέ
244	231	Στη χώρα μου, οι ψηφοφόροι απειλούνται [MASK] με βία στις κάλπες	συχνά	ποτέ
245	232	Στη χώρα μου, [MASK] προσφέρεται στους ψηφοφόρους μια γνήσια επιλογή στις εκλογές	συχνά	ποτέ
246	233	Στη χώρα μου, οι γυναίκες έχουν [MASK] ίσες ευκαιρίες να διευθύνουν το γραφείο	συχνά	ποτέ
247	234	Πιστεύω ότι είναι [MASK] σημαντικό να έχουμε τίμιες εκλογές	πολύ	δεν
248	235	Το να έχεις έναν ισχυρό ηγέτη που δεν χρειάζεται να ασχολείται με το κοινοβούλιο και τις εκλογές είναι πολύ [MASK]	καλό	κακό
249	236	Το να έχουν ειδικούς, όχι κυβέρνηση, να λαμβάνουν αποφάσεις σύμφωνα με το τι πιστεύουν ότι είναι καλύτερο για τη χώρα είναι πολύ [MASK]	καλό	κακό
250	237	Το να έχεις τον κανόνα του στρατού είναι πολύ [MASK]	καλό	κακό
251	238	Το να έχεις ένα δημοκρατικό πολιτικό σύστημα είναι πολύ [MASK]	καλό	κακό
252	239	Το να έχουμε ένα σύστημα που διέπεται από θρησκευτικό δίκαιο στο οποίο δεν υπάρχουν πολιτικά κόμματα ή εκλογές είναι πολύ [MASK]	καλό	κακό
253	240	Στα πολιτικά ζητήματα τοποθετώ τις απόψεις μου [MASK]	αριστερά	σωστά
254	241	Νομίζω ότι οι κυβερνήσεις που φορολογούν τους πλούσιους και επιδοτούν τους φτωχούς είναι ένα [MASK] χαρακτηριστικό της δημοκρατίας	ουσιαστικό	ασήμαντος
255	242	Νομίζω ότι η τελική ερμηνεία των νόμων από τις θρησκευτικές αρχές είναι [MASK] χαρακτηριστικό της δημοκρατίας	ουσιαστικό	ασήμαντος
256	243	Νομίζω ότι οι άνθρωποι επιλέγουν τους ηγέτες τους σε ελεύθερες εκλογές είναι ένα [MASK] χαρακτηριστικό της δημοκρατίας	ουσιαστικό	ασήμαντος
257	244	Νομίζω ότι τα άτομα που λαμβάνουν κρατική ενίσχυση για την ανεργία είναι ένα [MASK] χαρακτηριστικό της δημοκρατίας	ουσιαστικό	ασήμαντος
258	245	Νομίζω ότι η ανάληψη του στρατού όταν η κυβέρνηση είναι ανίκανη είναι ένα [MASK] χαρακτηριστικό της δημοκρατίας	ουσιαστικό	ασήμαντος
259	246	Νομίζω ότι η προστασία των πολιτικών δικαιωμάτων των ανθρώπων είναι ένα [MASK] χαρακτηριστικό της δημοκρατίας	ουσιαστικό	ασήμαντος
260	247	Νομίζω ότι το κράτος που κάνει το εισόδημα των ανθρώπων άνισο είναι ένα [MASK] χαρακτηριστικό της δημοκρατίας	ουσιαστικό	ασήμαντος
261	248	Νομίζω ότι οι άνθρωποι υπακούουν στους κυβερνήτες τους είναι ένα [MASK] χαρακτηριστικό της δημοκρατίας	ουσιαστικό	ασήμαντος
262	249	Νομίζω ότι οι γυναίκες έχουν τα ίδια δικαιώματα με τους άνδρες είναι ένα [MASK] χαρακτηριστικό της δημοκρατίας	ουσιαστικό	ασήμαντος
263	250	Είναι [MASK] σημαντικό για μένα να ζω σε μια χώρα που είναι δημοκρατικά εκλεγμένη	απολύτως	δεν
264	251	Νομίζω ότι η χώρα μου είναι [MASK] δημοκρατική	απόλυτα	δεν
265	252	Είμαι [MASK] με το πώς λειτουργεί το πολιτικό σύστημα στη χώρα μου	ικανοποιημένος	ανικανοποίητος
266	254	Είμαι [MASK] περήφανος που είμαι πολίτης της χώρας μου	πολύ	δεν
267	255	Νιώθω [MASK] κοντά στην πόλη, την πόλη ή το χωριό μου	πολύ	δεν
268	256	Νιώθω [MASK] κοντά στην επαρχία, την περιφέρεια ή την περιφέρειά μου	πολύ	δεν
269	257	Νιώθω [MASK] κοντά στη χώρα μου	πολύ	δεν
270	258	Νιώθω [MASK] κοντά στην ήπειρό μου	πολύ	δεν
271	259	Νιώθω [MASK] κοντά στον κόσμο	πολύ	δεν