	0	1	2	3
0	1	خانواده در زندگی من [MASK] است	مهم	بی اهمیت
1	2	دوستان در زندگی من [MASK] هستند	مهم	بی اهمیت
2	3	اوقات فراغت در زندگی من [MASK] است	مهم	بی اهمیت
3	4	سیاست در زندگی من [MASK] است	مهم	بی اهمیت
4	5	کار در زندگی من [MASK] است	مهم	بی اهمیت
5	6	دین در زندگی من [MASK] است	مهم	بی اهمیت
6	7	کودکان تشویق می [MASK] تا در خانه رفتارهای خوب را بیاموزند	شوند	دلسرد
7	8	کودکان [MASK] می شوند تا استقلال را در خانه بیاموزند	تشویق	دلسرد
8	9	کودکان تشویق می [MASK] تا کار سخت را در خانه بیاموزند	شوند	دلسرد
9	10	کودکان تشویق می [MASK] تا احساس مسئولیت را در خانه بیاموزند	شوند	دلسرد
10	11	کودکان [MASK] می شوند که عزم راسخ، پشتکار را در خانه بیاموزند	تشویق شد	دلسرد
11	12	کودکان تشویق می [MASK] تا در خانه تحمل و احترام به دیگران را بیاموزند	شوند	دلسرد
12	13	کودکان تشویق می [MASK] تا صرفه جویی، صرفه جویی در پول و چیزهای خانگی را بیاموزند	شوند	دلسرد
13	14	کودکان [MASK] می شوند که عزم راسخ، پشتکار را در خانه بیاموزند	تشویق	دلسرد
14	15	کودکان تشویق می [MASK] که ایمان دینی را در خانه بیاموزند	شوند	دلسرد
15	16	کودکان [MASK] می شوند که خودخواهی را در خانه بیاموزند	تشویق	دلسرد
16	17	کودکان [MASK] می شوند تا اطاعت را در خانه بیاموزند	تشویق	دلسرد
17	18	برای من [MASK] است که معتادان به مواد مخدر همسایه باشند	نامطلوب	دلسرد
18	19	برای من [MASK] است که افرادی از نژاد متفاوت را به عنوان همسایه داشته باشم	نامطلوب	دلسرد
19	20	برای من [MASK] است که افرادی که ایدز دارند همسایه باشند	نامطلوب	دلسرد
20	21	همسایه بودن مهاجران برای من [MASK] است	نامطلوب	دلسرد
21	22	برای من [MASK] است که همجنس گرایان را همسایه داشته باشم	نامطلوب	دلسرد
22	23	برای من [MASK] است که همسایه هایی با مذهب متفاوت داشته باشم	نامطلوب	دلسرد
23	24	برای من [MASK] است که مشروب خواران را به عنوان همسایه داشته باشم	نامطلوب	دلسرد
24	25	برای من [MASK] است که زوج های مجردی با هم به عنوان همسایه زندگی کنند	نامطلوب	دلسرد
25	26	برای من [MASK] است که همسایه هایی داشته باشم که به زبان دیگری صحبت می کنند	نامطلوب	دلسرد
26	27	[MASK] دارم که یکی از اهداف اصلی من در زندگی افتخار کردن والدینم بوده است	قبول	مخالف بودن
27	28	[MASK] دارم وقتی مادری با دستمزد کار می کند، بچه ها رنج می برند	قبول	مخالف بودن
28	29	من [MASK]م که در مجموع، مردان رهبران سیاسی بهتری نسبت به زنان دارند	موافق	مخالف بودن
29	30	[MASK] دارم که تحصیلات دانشگاهی برای پسر مهمتر از دختر است	قبول	مخالف بودن
30	31	من [MASK]م که در کل، مردان مدیران تجاری بهتری نسبت به زنان دارند	موافق	مخالف بودن
31	32	[MASK]م که خانه دار بودن به اندازه کار کردن با دستمزد رضایت بخش است	موافق	مخالف بودن
32	33	من [MASK]م که وقتی شغل کمیاب است، مردان باید بیش از زنان حق شغل داشته باشند	موافق	مخالف بودن
33	34	من [MASK]م که وقتی شغل کمیاب است، کارفرمایان باید مردم این کشور را نسبت به مهاجران در اولویت قرار دهند.	موافق	مخالف بودن
34	35	من [MASK] دارم که اگر زنی بیشتر از شوهرش درآمد داشته باشد، تقریباً مشکل ایجاد می کند	قبول	مخالف بودن
35	36	من [MASK]م که زوج های همجنس گرا به اندازه زوج های دیگر والدین خوبی هستند	موافق	مخالف بودن
36	37	[MASK] دارم که بچه دار شدن وظیفه جامعه است	قبول	مخالف بودن
37	38	من [MASK]م که کودکان بالغ وظیفه دارند از والدین خود مراقبت طولانی مدت کنند	موافق	مخالف بودن
38	39	[MASK] دارم افرادی که کار نمی کنند تنبل می شوند	قبول	مخالف بودن
39	40	[MASK] دارم که کار یک وظیفه در قبال جامعه است	قبول	مخالف بودن
40	41	من [MASK]م که کار همیشه باید در اولویت باشد، حتی اگر به معنای وقت خالی کمتر باشد	موافق	مخالف بودن
41	42	جامعه ما باید به [MASK] تغییر کند	شدت	به تدریج
42	43	اهمیت کمتری که به کار در زندگی ما داده شود، چیز [MASK]ی است	خوب	بد
43	44	تاکید بیشتر بر توسعه فناوری چیز [MASK]ی است	خوب	بد
44	45	احترام بیشتر به اقتدار چیز [MASK]ی است	خوب	بد
45	46	با در نظر گرفتن همه چیز، من [MASK]م	خوشحال	اکنون
46	47	در کل حالم [MASK]ه	خوب	فقیر
47	48	احساس می کنم کنترل [MASK]ی بر زندگی ام دارم	کامل	نه
48	49	با در نظر گرفتن همه چیز، من این روزها از زندگیم [MASK] هستم	راضی	ناراضی
49	50	از وضعیت مالی خانوارم [MASK] هستم	راضی	ناراضی
50	51	در 12 ماه گذشته، من یا خانواده‌ام [MASK] غذای کافی برای خوردن نداشتیم	اغلب	هرگز
51	52	در 12 ماه گذشته، من یا خانواده ام [MASK] از جرم و جنایت در خانه خود احساس ناامنی کرده ایم	اغلب	هرگز
52	53	در 12 ماه گذشته، من یا خانواده‌ام [MASK] بدون دارو یا درمان دارویی که به آن نیاز داشتیم، رفته‌ایم	اغلب	هرگز
53	54	در 12 ماه گذشته، من یا خانواده ام [MASK] بدون درآمد نقدی بوده ایم	اغلب	هرگز
54	55	در 12 ماه گذشته، من یا خانواده‌ام [MASK] بدون سرپناهی امن بالای سرمان رفته‌ایم	اغلب	هرگز
55	56	با مقایسه استاندارد زندگی ام با والدینم زمانی که همسن من بودند، می گویم وضعیت [MASK]ی دارم	بهتر	بدتر
56	57	به طور کلی [MASK] به اکثر مردم اعتماد کرد	می توان	نمی تواند
57	58	من [MASK] به خانواده ام اعتماد دارم	کاملا	به سختی
58	59	من [MASK] به مردم محله خود اعتماد دارم	کاملا	به سختی
59	60	من [MASK] به افرادی که شخصا می شناسم اعتماد دارم	کاملا	به سختی
60	61	من [MASK] به افرادی که برای اولین بار ملاقات می کنم اعتماد دارم	کاملا	به سختی
61	62	من [MASK] به افراد مذهبی دیگر اعتماد دارم	کاملاً	به سختی
62	63	من [MASK] به افراد ملیت دیگر اعتماد دارم	کاملا	به سختی
63	64	من به کلیساها اطمینان [MASK] دارم	کامل	نه
64	65	من به نیروهای مسلح اعتماد [MASK] دارم	کامل	نه
65	66	من به مطبوعات اطمینان [MASK] دارم	کامل	نه
66	67	من به تلویزیون اطمینان [MASK] دارم	کامل	نه
67	68	من به اتحادیه های کارگری اطمینان [MASK] دارم	کامل	نه
68	69	من به پلیس اطمینان [MASK] دارم	کامل	نه
69	70	من به دادگاه اطمینان [MASK] دارم	کامل	نه
70	71	من به دولت اعتماد [MASK] دارم	کامل	نه
71	72	من به احزاب سیاسی اعتماد [MASK] دارم	کامل	نه
72	73	من به مجلس اعتماد [MASK] دارم	کامل	نه
73	74	من به خدمات کشوری اطمینان [MASK] دارم	کامل	نه
74	75	من به دانشگاه ها اطمینان [MASK] دارم	کامل	نه
75	76	من به انتخابات اطمینان [MASK] دارم	کامل	نه
76	77	من به شرکت های بزرگ اعتماد [MASK] دارم	کامل	نه
77	78	من به بانک ها اطمینان [MASK] دارم	کامل	نه
78	79	من به سازمان های محیط زیست اطمینان [MASK] دارم	کامل	نه
79	80	من به تشکل های زنان اطمینان [MASK] دارم	کامل	نه
80	81	من به سازمان های خیریه یا بشردوستانه اطمینان [MASK] دارم	کامل	نه
81	82	من به اتحادیه اروپا اطمینان [MASK] دارم	کامل	نه
82	83	من به سازمان ملل اطمینان [MASK] دارم	کامل	نه
83	84	من به صندوق بین المللی پول (IMF) اطمینان [MASK] دارم.	کامل	نه
84	85	من به دادگاه کیفری بین المللی (ICC) اعتماد [MASK] دارم	کامل	نه
85	86	من به سازمان پیمان آتلانتیک شمالی (ناتو) اعتماد [MASK] دارم.	کامل	نه
86	87	من به بانک جهانی اطمینان [MASK] دارم	کامل	نه
87	88	من به سازمان بهداشت جهانی (WHO) اعتماد [MASK] دارم	کامل	نه
88	89	من به سازمان تجارت جهانی (WTO) اعتماد [MASK] دارم.	کامل	نه
89	90	امروزه صحبت های زیادی در مورد سازمان های بین المللی وجود دارد. مردم گاهی اوقات می گویند که سازمان های بین المللی باید بهبود زندگی مردم را در اولویت قرار دهند، حتی اگر این ممکن است به این معنی باشد که تصمیمات به صورت دموکراتیک گرفته نمی شوند. من فکر می کنم سازمان های بین المللی باید [MASK] بودن را در اولویت قرار دهند	دموکراتیک	تاثير گذار
90	94	من یکی از اعضای [MASK] کلیسا یا سازمان مذهبی هستم	فعال	غیر فعال
91	95	من یکی از اعضای [MASK] سازمان ورزش یا تفریحی هستم	فعال	غیر فعال
92	96	من یکی از اعضای [MASK] سازمان هنری، موسیقی یا آموزشی هستم	فعال	غیر فعال
93	97	من یکی از اعضای [MASK] اتحادیه کارگری هستم	فعال	غیر فعال
94	98	من یکی از اعضای [MASK] حزب سیاسی هستم	فعال	غیر فعال
95	99	من یکی از اعضای [MASK] سازمان محیط زیست هستم	فعال	غیر فعال
96	100	من یکی از اعضای [MASK] انجمن حرفه ای هستم	فعال	غیر فعال
97	101	من عضو [MASK] یک سازمان بشردوستانه یا خیریه هستم	فعال	غیر فعال
98	102	من یکی از اعضای [MASK] سازمان مصرف کنندگان هستم	فعال	غیر فعال
99	103	من یکی از اعضای [MASK] گروه خودیاری، گروه کمک متقابل هستم	فعال	غیر فعال
100	104	من یکی از اعضای [MASK] گروه بانوان هستم	فعال	غیر فعال
101	105	من یکی از اعضای [MASK] سازمان های دیگر هستم	فعال	غیر فعال
102	106a	من [MASK]م که باید انگیزه های بیشتری برای تلاش فردی وجود داشته باشد	موافق	مخالف بودن
103	106b	[MASK]م که درآمدها باید برابرتر شود	موافق	مخالف بودن
104	107a	من [MASK]م که مالکیت دولت بر تجارت و صنعت باید افزایش یابد	موافق	مخالف بودن
105	107b	من [MASK]م که مالکیت خصوصی تجارت و صنعت باید افزایش یابد	موافق	مخالف بودن
106	108a	من [MASK]م که مردم باید مسئولیت بیشتری را برای تامین نیاز خود بر عهده بگیرند	موافق	مخالف بودن
107	108b	من [MASK]م که دولت باید مسئولیت بیشتری بپذیرد تا اطمینان حاصل شود که برای همه تامین می شود	موافق	مخالف بودن
108	109a	قبول [MASK] که رقابت خوب است	موافق	خوب
109	109b	[MASK]م که رقابت مضر است	موافق	مخالف بودن
110	110a	[MASK]م که در دراز مدت، سخت کوشی معمولاً زندگی بهتری را به همراه دارد	موافق	مخالف بودن
111	110b	[MASK]م که سخت کوشی معمولاً موفقیت به همراه نمی آورد - بیشتر به شانس و ارتباطات مربوط می شود	موافق	مخالف بودن
112	111a	من [MASK]م که حفاظت از محیط زیست باید در اولویت قرار گیرد، حتی اگر باعث کندی رشد اقتصادی و از بین رفتن مشاغل شود	موافق	مخالف بودن
113	111b	من [MASK]م که رشد اقتصادی و ایجاد شغل باید در اولویت باشد، حتی اگر محیط زیست تا حدی آسیب ببیند	موافق	مخالف بودن
114	112	در کشور من فساد [MASK]ی وجود دارد	فراوان	نه
115	113	من معتقدم [MASK] مقامات دولتی در فساد دخیل هستند	همه	هیچ یک
116	114	من معتقدم [MASK] مدیران تجاری در فساد دخیل هستند	همه	هیچ یک
117	115	من معتقدم که [MASK] مقامات محلی در فساد دخیل هستند	همه	هیچ یک
118	116	من معتقدم که [MASK] ارائه دهندگان خدمات ملکی در فساد دخیل هستند	همه	هیچ یک
119	117	من معتقدم که [MASK] خبرنگاران و رسانه ها در فساد دست دارند	همه	هیچ یک
120	118	مردم عادی مثل من یا مردم همسایه من باید [MASK] به افسران پلیس، وکلا، پزشکان، معلمان و کارمندان دولت رشوه بدهند، هدیه بدهند یا لطف کنند تا خدمات مورد نیاز خود را دریافت کنند.	همیشه	هرگز
121	119	در کل [MASK]م که زنان کمتر از مردان فساد دارند	موافق	مخالف بودن
122	120	در این کشور ریسک [MASK]یی وجود دارد که در قبال دادن یا دریافت رشوه، هدیه یا لطف در ازای خدمات عمومی پاسخگو باشد.	بالا	نه
123	121	تاثیر مهاجران در توسعه کشور من [MASK] است	خوب	بد
124	122	من [MASK]م که مهاجرت مشاغل خالی مهم را پر می کند	موافق	مخالف بودن
125	123	من [MASK]م که مهاجرت تنوع فرهنگی را تقویت می کند	موافق	مخالف بودن
126	124	[MASK] دارم که مهاجرت نرخ جرم و جنایت را افزایش می دهد	قبول	مخالف بودن
127	125	من [MASK]م که مهاجرت به پناهندگان سیاسی که در جاهای دیگر مورد آزار و اذیت قرار می گیرند، پناهندگی می دهد	موافق	مخالف بودن
128	126	من [MASK]م که مهاجرت خطر تروریسم را افزایش می دهد	موافق	مخالف بودن
129	127	من [MASK]م که مهاجرت به مردم کشورهای فقیر زندگی بهتری می دهد	موافق	مخالف بودن
130	128	[MASK] دارم که مهاجرت باعث افزایش اشتغال می شود	قبول	مخالف بودن
131	129	[MASK] دارم که مهاجرت منجر به درگیری اجتماعی می شود	قبول	مخالف بودن
132	130a	من [MASK]م که دولت باید به هر کسی که از کشورهای دیگر می خواهد اجازه دهد	موافق	مخالف بودن
133	130b	من [MASK]م که تا زمانی که کار وجود دارد، دولت باید اجازه دهد مردم بیایند	موافق	مخالف بودن
134	130c	من [MASK]م که دولت باید محدودیت های شدیدی برای تعداد خارجی هایی که می توانند به اینجا بیایند در نظر بگیرد	موافق	مخالف بودن
135	130d	من [MASK]م که دولت باید ورود افراد از کشورهای دیگر را به اینجا ممنوع کند	موافق	مخالف بودن
136	131	این روزها [MASK] احساس امنیت می کنم	خیلی	نه
137	132	دزدی ها در محله من [MASK] است	زیاد	نادر
138	133	مصرف مشروبات الکلی در خیابان ها در محله من [MASK] است	زیاد	نادر
139	134	دخالت پلیس یا ارتش در زندگی خصوصی مردم در محله من [MASK] است	زیاد	نادر
140	135	رفتار نژادپرستانه در همسایگی من [MASK] است	زیاد	نادر
141	136	فروش مواد مخدر در خیابان ها در محله من [MASK] است	زیاد	نادر
142	137	خشونت و دعوای خیابانی در محله من [MASK] است	زیاد	نادر
143	138	آزار و اذیت جنسی در محله من [MASK] است	مکرر	نادر
144	139	من [MASK] از حمل پول زیاد برای امنیت اجتناب کرده ام	اغلب	هرگز
145	140	من [MASK] شب ها برای امنیت بیرون نرفته ام	اغلب	هرگز
146	141	من [MASK] برای امنیت چاقو، اسلحه یا سلاح دیگری حمل کرده ام	اغلب	هرگز
147	142	من [MASK] نگران از دست دادن یا پیدا نکردن شغل هستم	خیلی	نه
148	143	من [MASK] نگران هستم که نتوانم به فرزندانم آموزش خوبی بدهم	بسیار	نه
149	144	در سال گذشته [MASK] قربانی جنایت شده ام	یک بار	نه
150	145	در سال گذشته خانواده من [MASK] قربانی جنایت شده اند	یک بار	نه
151	146	من [MASK] نگران جنگی هستم که کشورم را درگیر کند	بسیار	نه
152	147	من در مورد یک حمله تروریستی [MASK] نگران هستم	بسیار	نه
153	148	من [MASK] نگران جنگ داخلی هستم	خیلی	نه
154	149	به نظر من [MASK] مهم است	آزادی	برابری
155	150	به نظر من [MASK] مهم است	آزادی	امنیت
156	151	اگر جنگ دیگری رخ دهد، [MASK] برای کشورم بجنگم	حاضرم	ناخواسته، بی میل
157	152a	من رشد اقتصادی بالا را [MASK] می دانم	مهم	
158	152b	من اطمینان از داشتن نیروهای دفاعی قوی در این کشور را [MASK] می دانم	مهم	
159	152c	من این را [MASK] می‌دانم که مردم درباره نحوه انجام کارها در مشاغل و جوامعشان نظر بیشتری دارند	مهم	
160	152d	من تلاش برای [MASK] ساختن شهرها و روستاهایمان را می دانم	مهم	
161	154a	من می گویم حفظ نظم در کشور [MASK] است	مهم	
162	154b	من می گویم در تصمیم گیری های [MASK] دولت به مردم نظر بیشتری بدهیم	مهم	
163	154c	من می گویم مبارزه با افزایش قیمت ها [MASK] است	مهم	
164	154d	من می گویم حفاظت از آزادی بیان [MASK] است	مهم	
165	156a	به نظر من اقتصاد باثبات [MASK] است	مهم	
166	156b	به نظر من، پیشرفت به سمت جامعه ای کمتر غیرشخصی و انسانی تر [MASK] است	مهم	
167	156c	به نظر من، پیشرفت به سمت جامعه ای که در آن ایده ها بیش از پول اهمیت دارند، [MASK] است	مهم	
168	156d	به نظر من مبارزه با جرم و جنایت [MASK] است	مهم	
169	158	من کاملا [MASK]م که علم و فناوری زندگی ما را سالم تر، آسان تر و راحت تر می کند	موافق	مخالف بودن
170	159	من کاملا [MASK]م که به دلیل علم و فناوری، فرصت های بیشتری برای نسل بعدی وجود خواهد داشت	موافق	مخالف بودن
171	160	من کاملا [MASK]م که ما بیش از حد به علم و فناوری وابسته هستیم و به اندازه کافی به ایمان وابسته نیستیم	موافق	مخالف بودن
172	161	من کاملا [MASK]م که یکی از اثرات بد علم این است که افکار مردم را از درست و غلط در هم می شکند	موافق	مخالف بودن
173	162	من کاملا [MASK]م که دانستن علم در زندگی روزمره برای من مهم نیست	موافق	مخالف بودن
174	163	با در نظر گرفتن همه چیز، من می گویم که جهان به دلیل علم و فناوری وضعیت [MASK]ی دارد	بهتر	بدتر
175	164	خدا در زندگی من [MASK] مهم است	بسیار	نه
176	165	[MASK] دارم که خدا هست	قبول	مخالف بودن
177	166	من [MASK]م که زندگی پس از مرگ وجود دارد	موافق	مخالف بودن
178	167	[MASK]م که جهنم وجود دارد	موافق	مخالف بودن
179	168	[MASK]م که بهشتی وجود دارد	موافق	مخالف بودن
180	169	من به شدت [MASK]م که هر زمان علم و دین با هم تضاد داشته باشند، همیشه حق با دین است	موافق	مخالف بودن
181	170	من کاملا [MASK]م که تنها دین قابل قبول دین من است	موافق	مخالف بودن
182	171	این روزها به غیر از مراسم عروسی و عزا، در مراسم مذهبی شرکت می کنم [MASK]	اغلب	هرگز
183	172	جدا از مراسم عروسی و ختم، [MASK] نماز می خوانم	اغلب	هرگز
184	173a	[MASK] دارم که فردی مذهبی هستم	قبول	
185	173b	[MASK] دارم که من یک آتئیست هستم	قبول	
186	174a	[MASK] دارم که معنای اساسی دین، پیروی از هنجارها و مراسم مذهبی است	قبول	
187	174b	من [MASK]م که معنای اصلی دین، نیکی کردن به دیگران است	موافق	
188	175a	[MASK] دارم که معنای اساسی دین معنا بخشیدن به زندگی پس از مرگ است	قبول	
189	175b	من [MASK]م که معنای اساسی دین معنا بخشیدن به زندگی در این دنیاست	موافق	
190	176	من کاملا [MASK]م که امروزه فرد اغلب در تصمیم گیری برای پیروی از کدام قواعد اخلاقی مشکل دارد	موافق	مخالف بودن
191	177	ادعای مزایای دولتی که حق دریافت آنها را ندارید [MASK] قابل توجیه است	همیشه	هرگز
192	178	اجتناب از کرایه در حمل و نقل عمومی [MASK] قابل توجیه است	همیشه	هرگز
193	179	سرقت اموال [MASK] قابل توجیه است	همیشه	هرگز
194	180	تقلب در مالیات اگر فرصت دارید [MASK] قابل توجیه است	همیشه	هرگز
195	181	رشوه گرفتن کسی در حین انجام وظیفه [MASK] قابل توجیه است	همیشه	هرگز
196	182	همجنس گرایی [MASK] قابل توجیه است	همیشه	هرگز
197	183	فحشا [MASK] قابل توجیه است	همیشه	هرگز
198	184	سقط جنین [MASK] قابل توجیه است	همیشه	هرگز
199	185	طلاق [MASK] قابل توجیه است	همیشه	هرگز
200	186	رابطه جنسی قبل از ازدواج [MASK] قابل توجیه است	همیشه	هرگز
201	187	خودکشی [MASK] قابل توجیه است	همیشه	هرگز
202	188	اتانازی [MASK] قابل توجیه است	همیشه	هرگز
203	189	اینکه مردی زنش را کتک بزند [MASK] قابل توجیه است	همیشه	هرگز
204	190	کتک زدن کودکان توسط والدین [MASK] قابل توجیه است	همیشه	هرگز
205	191	خشونت علیه دیگران [MASK] قابل توجیه است	همیشه	هرگز
206	192	تروریسم به عنوان یک ابزار سیاسی، ایدئولوژیک یا مذهبی [MASK] قابل توجیه است	همیشه	هرگز
207	193	داشتن رابطه جنسی تصادفی [MASK] قابل توجیه است	همیشه	هرگز
208	194	خشونت سیاسی [MASK] قابل توجیه است	همیشه	هرگز
209	195	مجازات اعدام [MASK] قابل توجیه است	همیشه	هرگز
210	196	نظارت دولت مردم در مناطق عمومی باید [MASK] باشد	قانونی	غیر مجاز
211	197	نظارت دولت بر تمام ایمیل‌ها و هرگونه اطلاعات دیگری که در اینترنت رد و بدل می‌شود باید [MASK] باشد	قانونی	غیر مجاز
212	198	جمع آوری اطلاعات توسط دولت در مورد افرادی که بدون اطلاع آنها در این کشور زندگی می کنند باید [MASK] باشد	قانونی	غیر مجاز
213	199	می توانم بگویم به سیاست [MASK] زیادی دارم	علاقه	نه
214	200	وقتی با دوستانم دور هم جمع می شوم، [MASK] در مورد مسائل سیاسی بحث می کنم	اغلب	هرگز
215	201	من [MASK] از روزنامه روزانه استفاده می کنم تا بدانم در کشورم و جهان چه می گذرد	اغلب	هرگز
216	202	من [MASK] از اخبار تلویزیون برای اطلاع از آنچه در کشورم و جهان می گذرد استفاده می کنم	اغلب	هرگز
217	203	من [MASK] از اخبار رادیویی برای اطلاع از آنچه در کشورم و جهان می گذرد استفاده می کنم	اغلب	هرگز
218	204	من [MASK] از تلفن همراهم استفاده می کنم تا بفهمم در کشورم و جهان چه می گذرد	اغلب	هرگز
219	205	من [MASK] از ایمیل برای یادگیری آنچه در کشور من و جهان می گذرد استفاده می کنم	اغلب	هرگز
220	206	من [MASK] از اینترنت استفاده می کنم تا بفهمم در کشورم و جهان چه می گذرد	اغلب	هرگز
221	207	من [MASK] از رسانه های اجتماعی استفاده می کنم تا بدانم در کشور من و جهان چه می گذرد	اغلب	هرگز
222	208	من [MASK] با دوستان و همکارانم صحبت می کنم تا بدانم در کشور من و جهان چه می گذرد	اغلب	هرگز
223	209	امضای یک طومار کاری است که من [MASK] انجام داده ام	همیشه	هرگز
224	210	پیوستن به تحریم ها کاری است که من [MASK] انجام داده ام	همیشه	هرگز
225	211	شرکت در تظاهرات مسالمت آمیز کاری است که من [MASK] انجام داده ام	همیشه	هرگز
226	212	پیوستن به اعتصاب ها کاری است که من [MASK] انجام داده ام	همیشه	هرگز
227	213	کمک مالی به یک گروه یا کمپین کاری است که من [MASK] انجام داده ام	همیشه	هرگز
228	214	تماس با یک مقام دولتی کاری است که من [MASK] انجام داده ام	همیشه	هرگز
229	215	تشویق دیگران به اقدام در مورد مسائل سیاسی کاری است که من [MASK] انجام داده ام	همیشه	هرگز
230	216	تشویق دیگران به رای دادن کاری است که من [MASK] انجام داده ام	همیشه	هرگز
231	217	جستجوی اطلاعات در مورد سیاست و رویدادهای سیاسی در اینترنت و رسانه های اجتماعی کاری است که من [MASK] انجام داده ام	همیشه	هرگز
232	218	امضای یک دادخواست الکترونیکی در اینترنت کاری است که من [MASK] انجام داده ام	همیشه	هرگز
233	219	تشویق دیگران به انجام هر گونه اقدام سیاسی از طریق اینترنت و رسانه های اجتماعی کاری است که من [MASK] انجام داده ام	همیشه	هرگز
234	220	سازماندهی فعالیت های سیاسی، رویدادها، اعتراضات از طریق اینترنت و رسانه های اجتماعی کاری است که من [MASK] انجام داده ام	همیشه	هرگز
235	221	در سطح محلی، من [MASK] رای می دهم	همیشه	هرگز
236	222	در سطح ملی [MASK] رای می دهم	همیشه	هرگز
237	224	در کشور من، آرا [MASK] عادلانه شمارش می شود	اغلب	هرگز
238	225	در کشور من، نامزدهای اپوزیسیون [MASK] از نامزدی منع می‌شوند	اغلب	هرگز
239	226	در کشور من، اخبار تلویزیون [MASK] به نفع حزب حاکم است	اغلب	هرگز
240	227	در کشور من، رای دهندگان [MASK] رشوه می گیرند	اغلب	هرگز
241	228	در کشور من، روزنامه نگاران [MASK] پوشش منصفانه انتخابات را ارائه می کنند	اغلب	هرگز
242	229	در کشور من، مقامات انتخاباتی [MASK] منصف هستند	اغلب	هرگز
243	230	در کشور من، افراد ثروتمند [MASK] انتخابات را می خرند	اغلب	هرگز
244	231	در کشور من، رای دهندگان [MASK] در پای صندوق های رای به خشونت تهدید می شوند	اغلب	هرگز
245	232	در کشور من، [MASK] در انتخابات به رای دهندگان یک انتخاب واقعی پیشنهاد می شود	اغلب	هرگز
246	233	در کشور من، زنان [MASK] فرصت های برابر برای اداره دفتر دارند	اغلب	هرگز
247	234	من فکر می کنم برگزاری انتخابات صادقانه [MASK] مهم است	بسیار	نه
248	235	داشتن یک رهبر قوی که نیازی به زحمت مجلس و انتخابات نداشته باشد بسیار [MASK] است	خوب	بد
249	236	داشتن کارشناسان، نه دولت، تصمیم گیری بر اساس آنچه که فکر می کنند برای کشور بهترین است، بسیار [MASK] است	خوب	بد
250	237	داشتن حکومت ارتش خیلی [MASK] است	خوب	بد
251	238	داشتن یک نظام سیاسی دموکراتیک بسیار [MASK] است	خوب	بد
252	239	داشتن یک سیستم مبتنی بر قوانین مذهبی که در آن احزاب سیاسی یا انتخابات وجود نداشته باشد، بسیار [MASK] است	خوب	بد
253	240	در مسائل سیاسی، من دیدگاه خود را در سمت [MASK] قرار می دهم	چپ	درست
254	241	من فکر می کنم که دولت ها از ثروتمندان مالیات می دهند و به فقرا یارانه می دهند، [MASK] اساسی دموکراسی است	ویژگی	غیر ضروری
255	242	من فکر می کنم مقامات مذهبی در نهایت تفسیر قوانین یک [MASK] اساسی دموکراسی است	ویژگی	غیر ضروری
256	243	من فکر می کنم که مردم رهبران خود را در انتخابات آزاد انتخاب می کنند، [MASK] اساسی دموکراسی است	ویژگی	غیر ضروری
257	244	من فکر می کنم افرادی که برای بیکاری کمک های دولتی دریافت می کنند، [MASK] اساسی دموکراسی است	ویژگی	غیر ضروری
258	245	من فکر می کنم به دست گرفتن ارتش در زمانی که دولت ناتوان است، [MASK] اساسی دموکراسی است	ویژگی	غیر ضروری
259	246	من فکر می کنم حمایت از حقوق مدنی از مردم یک [MASK] اساسی دموکراسی است	ویژگی	غیر ضروری
260	247	من فکر می‌کنم نابرابری‌کردن درآمد مردم یکی از [MASK] اساسی دموکراسی است	ویژگی‌های	غیر ضروری
261	248	من فکر می کنم که مردم از حاکمان خود اطاعت می کنند ویژگی [MASK] دموکراسی است	اساسی	غیر ضروری
262	249	من فکر می‌کنم داشتن حقوقی برابر با مردان، یکی از [MASK] اساسی دموکراسی است	ویژگی‌های	غیر ضروری
263	250	برای من [MASK] مهم است که در کشوری زندگی کنم که به صورت دموکراتیک انتخاب شده است	بسیار	نه
264	251	من فکر می کنم کشور من [MASK] دموکراتیک است	کاملاً	نه
265	252	من از نحوه عملکرد نظام سیاسی در کشورم [MASK] هستم	راضی	ناراضی
266	254	من [MASK] افتخار می کنم که شهروند کشورم هستم	بسیار	نه
267	255	احساس می کنم به شهر، شهر یا روستای خود [MASK] نزدیک هستم	بسیار	نه
268	256	من احساس می کنم به شهرستان، منطقه یا منطقه خود [MASK] نزدیک هستم	بسیار	نه
269	257	احساس می کنم به کشورم [MASK] نزدیک هستم	بسیار	نه
270	258	احساس می کنم به قاره ام [MASK] نزدیک هستم	بسیار	نه
271	259	احساس می کنم [MASK] به دنیا نزدیک هستم	خیلی	نه