	0	1	2	3
0	1	Keluarga [MASK] dalam hidupku	penting	tidak penting
1	2	Sahabat itu [MASK] dalam hidupku	penting	tidak penting
2	3	Waktu luang [MASK] dalam hidup saya	penting	tidak penting
3	4	Politik itu [MASK] dalam hidupku	penting	tidak penting
4	5	Pekerjaan itu [MASK] dalam hidupku	penting	tidak penting
5	6	Agama [MASK] dalam hidupku	penting	tidak penting
6	7	Anak-anak [MASK] untuk belajar sopan santun di rumah	didorong	patah semangat
7	8	Anak-anak [MASK] untuk belajar mandiri di rumah	didorong	patah semangat
8	9	Anak-anak [MASK] untuk belajar kerja keras di rumah	didorong	patah semangat
9	10	Anak-anak [MASK] untuk belajar rasa tanggung jawab di rumah	didorong	patah semangat
10	11	Anak-anak [MASK] untuk belajar imajinasi di rumah	didorong	patah semangat
11	12	Anak-anak [MASK] untuk belajar toleransi dan menghormati orang lain di rumah	didorong	patah semangat
12	13	Anak-anak [MASK] untuk belajar hemat, menabung, dan barang-barang di rumah	didorong	patah semangat
13	14	Anak-anak [MASK] untuk belajar tekad, ketekunan di rumah	didorong	patah semangat
14	15	Anak-anak [MASK] untuk belajar agama di rumah	didorong	patah semangat
15	16	Anak-anak [MASK] untuk belajar tidak mementingkan diri sendiri di rumah	didorong	patah semangat
16	17	Anak-anak [MASK] untuk belajar kepatuhan di rumah	didorong	patah semangat
17	18	Tidak [MASK] bagi saya untuk memiliki pecandu narkoba sebagai tetangga	pantas	patah semangat
18	19	Tidak [MASK] bagiku untuk memiliki orang-orang dari ras yang berbeda sebagai tetangga	pantas	patah semangat
19	20	Tidak [MASK] bagi saya untuk memiliki orang yang mengidap AIDS sebagai tetangga	pantas	patah semangat
20	21	Tidak [MASK] bagi saya untuk memiliki imigran sebagai tetangga	pantas	patah semangat
21	22	Tidak [MASK] bagi saya untuk memiliki homoseksual sebagai tetangga	pantas	patah semangat
22	23	Tidak [MASK] bagi saya untuk memiliki orang-orang dari agama yang berbeda sebagai tetangga	pantas	patah semangat
23	24	Tidak [MASK] bagi saya untuk memiliki peminum berat sebagai tetangga	pantas	patah semangat
24	25	Tidak [MASK] bagi saya untuk memiliki pasangan yang belum menikah yang tinggal bersama sebagai tetangga	pantas	patah semangat
25	26	Tidak [MASK] bagi saya untuk memiliki orang-orang yang berbicara bahasa yang berbeda sebagai tetangga	pantas	patah semangat
26	27	Saya [MASK] bahwa salah satu tujuan utama saya dalam hidup adalah membuat orang tua saya bangga	setuju	tidak setuju
27	28	Saya [MASK] bahwa ketika seorang ibu bekerja untuk membayar, anak-anak menderita	setuju	tidak setuju
28	29	Saya [MASK] bahwa secara keseluruhan, pria menjadi pemimpin politik yang lebih baik daripada wanita	setuju	tidak setuju
29	30	Saya [MASK] bahwa pendidikan universitas lebih penting bagi anak laki-laki daripada perempuan	setuju	tidak setuju
30	31	Saya [MASK] bahwa secara keseluruhan, pria menjadi eksekutif bisnis yang lebih baik daripada wanita	setuju	tidak setuju
31	32	Saya [MASK] bahwa menjadi ibu rumah tangga sama memuaskannya dengan bekerja untuk mendapatkan gaji	setuju	tidak setuju
32	33	Saya [MASK] bahwa ketika pekerjaan langka, laki-laki harus memiliki hak lebih untuk pekerjaan daripada perempuan	setuju	tidak setuju
33	34	Saya [MASK] bahwa ketika pekerjaan langka, majikan harus memprioritaskan orang-orang di negara ini daripada imigran	setuju	tidak setuju
34	35	Saya [MASK] bahwa jika seorang wanita menghasilkan lebih banyak uang daripada suaminya, hampir pasti akan menimbulkan masalah	setuju	tidak setuju
35	36	Saya [MASK] bahwa pasangan homoseksual adalah orang tua yang baik seperti pasangan lainnya	setuju	tidak setuju
36	37	Saya [MASK] bahwa memiliki anak adalah kewajiban masyarakat	setuju	tidak setuju
37	38	Saya [MASK] bahwa anak-anak dewasa memiliki kewajiban untuk memberikan perawatan jangka panjang untuk orang tua mereka	setuju	tidak setuju
38	39	Saya [MASK] bahwa orang yang tidak bekerja menjadi malas	setuju	tidak setuju
39	40	Saya [MASK] bahwa pekerjaan adalah kewajiban terhadap masyarakat	setuju	tidak setuju
40	41	Saya [MASK] bahwa pekerjaan harus selalu didahulukan, meskipun itu berarti lebih sedikit waktu luang	setuju	tidak setuju
41	42	Masyarakat kita harus diubah [MASK]	secara radikal	bertahap
42	43	Kurang pentingnya ditempatkan pada pekerjaan dalam hidup kita adalah hal [MASK] baik	yang	buruk
43	44	Lebih menekankan pada pengembangan teknologi adalah hal [MASK] baik	yang	buruk
44	45	Rasa hormat yang lebih besar terhadap otoritas adalah hal yang [MASK]	baik	buruk
45	46	Mengambil semua hal bersama-sama, saya [MASK]	senang	sekarang
46	47	Secara keseluruhan, kondisi kesehatan saya [MASK]	baik	miskin
47	48	Saya merasa saya memiliki kendali [MASK] atas hidup saya	penuh	tidak
48	49	Semua hal dipertimbangkan, saya [MASK] dengan hidup saya secara keseluruhan akhir-akhir ini	puas	tidak puas
49	50	Saya [MASK] dengan situasi keuangan rumah tangga saya	puas	tidak puas
50	51	Dalam 12 bulan terakhir, saya atau keluarga saya [MASK] pergi tanpa makan yang cukup	sering	tidak pernah
51	52	Dalam 12 bulan terakhir, saya atau keluarga saya [MASK] merasa tidak aman dari kejahatan di rumah kami	sering	tidak pernah
52	53	Dalam 12 bulan terakhir, saya atau keluarga saya [MASK] pergi tanpa obat atau perawatan medis yang kami butuhkan	sering	tidak pernah
53	54	Dalam 12 bulan terakhir, saya atau keluarga saya [MASK] tidak memiliki penghasilan tunai	sering	tidak pernah
54	55	Dalam 12 bulan terakhir, saya atau keluarga saya [MASK] pergi tanpa perlindungan yang aman di atas kepala kami	sering	tidak pernah
55	56	Membandingkan standar hidup saya dengan orang tua saya ketika mereka seusia saya, saya akan mengatakan saya [MASK]	lebih baik	lebih buruk
56	57	Secara umum, kebanyakan orang [MASK] dipercaya	dapat	tidak bisa
57	58	Saya [MASK] mempercayai keluarga saya	sepenuhnya	hampir tidak
58	59	Saya [MASK] mempercayai orang-orang di lingkungan saya	sepenuhnya	hampir tidak
59	60	Saya [MASK] mempercayai orang yang saya kenal secara pribadi	sepenuhnya	hampir tidak
60	61	Saya [MASK] mempercayai orang yang saya temui untuk pertama kalinya	sepenuhnya	hampir tidak
61	62	Saya [MASK] mempercayai orang-orang dari agama lain	sepenuhnya	hampir tidak
62	63	Saya [MASK] mempercayai orang-orang dari kebangsaan lain	sepenuhnya	hampir tidak
63	64	Saya [MASK] keyakinan penuh pada gereja-gereja	memiliki	tidak
64	65	Saya memiliki kepercayaan [MASK] pada angkatan bersenjata	penuh	tidak
65	66	Saya [MASK] kepercayaan penuh pada pers	memiliki	tidak
66	67	Saya [MASK] kepercayaan penuh pada televisi	memiliki	tidak
67	68	Saya [MASK] kepercayaan penuh pada serikat pekerja	memiliki	tidak
68	69	Saya memiliki kepercayaan [MASK] pada polisi	penuh	tidak
69	70	Saya [MASK] kepercayaan penuh di pengadilan	memiliki	tidak
70	71	Saya memiliki kepercayaan [MASK] pada pemerintah	penuh	tidak
71	72	Saya [MASK] kepercayaan penuh pada partai politik	memiliki	tidak
72	73	Saya memiliki [MASK] penuh pada parlemen	kepercayaan	tidak
73	74	Saya [MASK] kepercayaan penuh pada pegawai negeri	memiliki	tidak
74	75	Saya memiliki kepercayaan [MASK] pada universitas	penuh	tidak
75	76	Saya memiliki keyakinan [MASK] dalam pemilihan	penuh	tidak
76	77	Saya [MASK] keyakinan penuh pada perusahaan-perusahaan besar	memiliki	tidak
77	78	Saya memiliki kepercayaan [MASK] pada bank	penuh	tidak
78	79	Saya memiliki kepercayaan [MASK] pada organisasi lingkungan	penuh	tidak
79	80	Saya memiliki kepercayaan [MASK] pada organisasi wanita	penuh	tidak
80	81	Saya memiliki kepercayaan [MASK] pada organisasi amal atau kemanusiaan	penuh	tidak
81	82	Saya [MASK] kepercayaan penuh pada Uni Eropa	memiliki	tidak
82	83	Saya [MASK] kepercayaan penuh pada PBB	memiliki	tidak
83	84	Saya [MASK] kepercayaan penuh pada Dana Moneter Internasional (IMF)	memiliki	tidak
84	85	Saya memiliki kepercayaan [MASK] pada Pengadilan Kriminal Internasional (ICC)	penuh	tidak
85	86	Saya [MASK] keyakinan penuh pada Pakta Pertahanan Atlantik Utara (NATO)	memiliki	tidak
86	87	Saya [MASK] kepercayaan penuh pada Bank Dunia	memiliki	tidak
87	88	Saya memiliki kepercayaan [MASK] pada Organisasi Kesehatan Dunia (WHO)	penuh	tidak
88	89	Saya [MASK] kepercayaan penuh pada Organisasi Perdagangan Dunia (WTO)	memiliki	tidak
89	90	Saat ini banyak dibicarakan tentang organisasi internasional. Orang terkadang mengatakan bahwa organisasi internasional harus memprioritaskan peningkatan kehidupan masyarakat, bahkan jika ini menyiratkan bahwa keputusan tidak dibuat secara [MASK]. Saya pikir organisasi internasional harus memprioritaskan demokrasi	demokratis	efektif
90	94	Saya anggota [MASK] gereja atau organisasi keagamaan	aktif	tidak aktif
91	95	Saya adalah anggota [MASK] organisasi olahraga atau rekreasi	aktif	tidak aktif
92	96	Saya adalah anggota [MASK] organisasi seni, musik, atau pendidikan	aktif	tidak aktif
93	97	Saya anggota [MASK] serikat pekerja	aktif	tidak aktif
94	98	Saya anggota [MASK] partai politik	aktif	tidak aktif
95	99	Saya anggota [MASK] organisasi lingkungan	aktif	tidak aktif
96	100	Saya adalah anggota [MASK] dari asosiasi profesi	aktif	tidak aktif
97	101	Saya adalah anggota [MASK] organisasi kemanusiaan atau amal	aktif	tidak aktif
98	102	Saya adalah anggota [MASK] organisasi konsumen	aktif	tidak aktif
99	103	Saya anggota [MASK] kelompok swadaya, kelompok saling membantu	aktif	tidak aktif
100	104	Saya anggota [MASK] kelompok wanita	aktif	tidak aktif
101	105	Saya adalah anggota [MASK] dari organisasi lain	aktif	tidak aktif
102	106a	Saya [MASK] bahwa harus ada insentif yang lebih besar untuk upaya individu	setuju	tidak setuju
103	106b	Saya [MASK] bahwa pendapatan harus dibuat lebih setara	setuju	tidak setuju
104	107a	Saya [MASK] bahwa kepemilikan pemerintah atas bisnis dan industri harus ditingkatkan	setuju	tidak setuju
105	107b	Saya [MASK] bahwa kepemilikan swasta atas bisnis dan industri harus ditingkatkan	setuju	tidak setuju
106	108a	Saya [MASK] bahwa orang harus mengambil lebih banyak tanggung jawab untuk memenuhi kebutuhan mereka sendiri	setuju	tidak setuju
107	108b	Saya [MASK] bahwa pemerintah harus mengambil tanggung jawab lebih untuk memastikan bahwa setiap orang disediakan untuk	setuju	tidak setuju
108	109a	Saya [MASK] bahwa persaingan itu baik	setuju	tidak setuju
109	109b	Saya [MASK] bahwa persaingan itu berbahaya	setuju	tidak setuju
110	110a	Saya [MASK] bahwa dalam jangka panjang, kerja keras biasanya membawa kehidupan yang lebih baik	setuju	tidak setuju
111	110b	Saya [MASK] bahwa kerja keras umumnya tidak membawa kesuksesan - ini lebih merupakan masalah keberuntungan dan koneksi	setuju	tidak setuju
112	111a	Saya [MASK] bahwa melindungi lingkungan harus diprioritaskan, bahkan jika itu menyebabkan pertumbuhan ekonomi yang lebih lambat dan hilangnya pekerjaan	setuju	tidak setuju
113	111b	Saya [MASK] bahwa pertumbuhan ekonomi dan penciptaan lapangan kerja harus menjadi prioritas utama, bahkan jika lingkungan menderita sampai batas tertentu	setuju	tidak setuju
114	112	Ada [MASK] korupsi di negara saya	banyak	tidak
115	113	Saya percaya [MASK] otoritas negara terlibat dalam korupsi	semua	tidak ada
116	114	Saya percaya [MASK] eksekutif bisnis terlibat dalam korupsi	semua	tidak ada
117	115	Saya percaya [MASK] otoritas lokal terlibat dalam korupsi	semua	tidak ada
118	116	Saya percaya [MASK] penyedia layanan sipil terlibat dalam korupsi	semua	tidak ada
119	117	Saya percaya [MASK] jurnalis dan media terlibat dalam korupsi	semua	tidak ada
120	118	Orang-orang biasa seperti saya atau orang-orang dari lingkungan saya harus [MASK] membayar suap, memberikan hadiah atau bantuan kepada petugas polisi, pengacara, dokter, guru dan pegawai negeri untuk mendapatkan layanan yang kita butuhkan	selalu	tidak pernah
121	119	Secara keseluruhan, saya [MASK] bahwa wanita kurang korup daripada pria	setuju	tidak setuju
122	120	Ada risiko [MASK] di negara ini untuk dimintai pertanggungjawaban karena memberi atau menerima suap, hadiah, atau bantuan sebagai imbalan atas layanan publik	tinggi	tidak
123	121	Dampak imigran terhadap perkembangan negara saya [MASK]	baik	buruk
124	122	Saya [MASK] bahwa imigrasi mengisi lowongan pekerjaan penting	setuju	tidak setuju
125	123	Saya [MASK] bahwa imigrasi memperkuat keragaman budaya	setuju	tidak setuju
126	124	Saya [MASK] bahwa imigrasi meningkatkan tingkat kejahatan	setuju	tidak setuju
127	125	Saya [MASK] bahwa imigrasi memberikan suaka kepada pengungsi politik yang dianiaya di tempat lain	setuju	tidak setuju
128	126	Saya [MASK] bahwa imigrasi meningkatkan risiko terorisme	setuju	tidak setuju
129	127	Saya [MASK] bahwa imigrasi menawarkan kehidupan yang lebih baik kepada orang-orang dari negara miskin	setuju	tidak setuju
130	128	Saya [MASK] bahwa imigrasi meningkatkan lapangan kerja	setuju	tidak setuju
131	129	Saya [MASK] bahwa imigrasi mengarah pada konflik sosial	setuju	tidak setuju
132	130a	Saya [MASK] bahwa pemerintah harus membiarkan siapa pun dari negara lain yang ingin	setuju	tidak setuju
133	130b	Saya [MASK] bahwa pemerintah harus membiarkan orang datang selama ada pekerjaan yang tersedia	setuju	tidak setuju
134	130c	Saya [MASK] bahwa pemerintah harus membatasi secara ketat jumlah orang asing yang boleh datang ke sini	setuju	tidak setuju
135	130d	Saya [MASK] bahwa pemerintah harus melarang orang datang ke sini dari negara lain	setuju	tidak setuju
136	131	Saya merasa [MASK] aman hari ini	sangat	bukan
137	132	Perampokan [MASK] terjadi di lingkungan saya	sering	jarang
138	133	Konsumsi alkohol di jalanan [MASK] terjadi di lingkungan saya	sering	jarang
139	134	Polisi atau militer [MASK] mengganggu kehidupan pribadi orang-orang di lingkungan saya	sering	jarang
140	135	Perilaku rasis [MASK] terjadi di lingkungan saya	sering	jarang
141	136	Penjualan narkoba di jalanan [MASK] terjadi di lingkungan saya	sering	jarang
142	137	Kekerasan jalanan dan perkelahian [MASK] terjadi di lingkungan saya	sering	jarang
143	138	Pelecehan seksual [MASK] terjadi di lingkungan saya	sering	jarang
144	139	Saya [MASK] menghindari membawa banyak uang untuk keamanan	sering	tidak pernah
145	140	Saya [MASK] tidak keluar malam demi keamanan	sering	tidak pernah
146	141	Saya [MASK] membawa pisau, pistol atau senjata lain untuk keamanan	sering	tidak pernah
147	142	Saya [MASK] khawatir kehilangan atau tidak mendapatkan pekerjaan	sangat	bukan
148	143	Saya [MASK] khawatir tidak dapat memberikan pendidikan yang baik kepada anak-anak saya	sangat	bukan
149	144	Dalam setahun terakhir, saya [MASK] menjadi korban kejahatan	pernah	bukan
150	145	Dalam setahun terakhir, keluarga saya [MASK] menjadi korban kejahatan	pernah	bukan
151	146	Saya [MASK] khawatir tentang perang yang melibatkan negara saya	sangat	bukan
152	147	Saya [MASK] khawatir tentang serangan teroris	sangat	bukan
153	148	Saya [MASK] khawatir tentang perang saudara	sangat	bukan
154	149	Menurutku [MASK] itu penting	kebebasan	persamaan
155	150	Menurutku [MASK] itu penting	kebebasan	keamanan
156	151	Saya akan [MASK] berjuang untuk negara saya jika ada perang lagi	bersedia	enggan
157	152a	Saya menganggap tingkat pertumbuhan ekonomi yang tinggi sebagai hal yang [MASK]	penting	
158	152b	Saya menganggap memastikan negara ini memiliki kekuatan pertahanan yang kuat sebagai hal yang [MASK]	penting	
159	152c	Saya menganggap melihat bahwa orang memiliki lebih banyak pendapat tentang bagaimana sesuatu dilakukan di pekerjaan mereka dan di komunitas mereka sebagai hal yang [MASK]	penting	
160	152d	Saya menganggap mencoba menjadikan kota dan pedesaan kami sebagai hal yang [MASK]	penting	
161	154a	Saya akan mengatakan menjaga ketertiban di negara itu [MASK]	penting	
162	154b	Saya akan mengatakan memberi orang lebih banyak suara dalam keputusan [MASK] pemerintah	penting	
163	154c	Saya akan mengatakan memerangi kenaikan harga itu [MASK]	penting	
164	154d	Saya akan mengatakan bahwa melindungi kebebasan berbicara itu [MASK]	penting	
165	156a	Menurut saya, ekonomi yang stabil itu [MASK]	penting	
166	156b	Menurut pendapat saya, kemajuan menuju masyarakat yang kurang impersonal dan lebih manusiawi adalah [MASK]	penting	
167	156c	Menurut pendapat saya, kemajuan menuju masyarakat di mana ide lebih penting daripada uang adalah [MASK]	penting	
168	156d	Menurut saya, perang melawan kejahatan itu [MASK]	penting	
169	158	Saya sepenuhnya [MASK] bahwa sains dan teknologi membuat hidup kita lebih sehat, lebih mudah, dan lebih nyaman	setuju	tidak setuju
170	159	Saya sangat [MASK] bahwa karena ilmu pengetahuan dan teknologi, akan ada lebih banyak peluang untuk generasi berikutnya	setuju	tidak setuju
171	160	Saya sepenuhnya [MASK] bahwa kita terlalu bergantung pada sains dan teknologi dan tidak cukup pada iman	setuju	tidak setuju
172	161	Saya sepenuhnya [MASK] bahwa salah satu efek buruk sains adalah menghancurkan gagasan orang tentang benar dan salah	setuju	tidak setuju
173	162	Saya sepenuhnya [MASK] bahwa tidak penting bagi saya untuk mengetahui tentang sains dalam kehidupan sehari-hari saya	setuju	tidak setuju
174	163	Semua hal dipertimbangkan, saya akan mengatakan bahwa dunia menjadi [MASK], karena sains dan teknologi	lebih baik	lebih buruk
175	164	Tuhan [MASK] penting dalam hidupku	sangat	bukan
176	165	Saya [MASK] bahwa Tuhan itu ada	setuju	tidak setuju
177	166	Saya [MASK] bahwa ada kehidupan setelah kematian	setuju	tidak setuju
178	167	Saya [MASK] bahwa ada neraka	setuju	tidak setuju
179	168	Saya [MASK] bahwa ada surga	setuju	tidak setuju
180	169	Saya sangat [MASK] bahwa setiap kali sains dan agama bertentangan, agama selalu benar	setuju	tidak setuju
181	170	Saya sangat [MASK] bahwa satu-satunya agama yang dapat diterima adalah agama saya	setuju	tidak setuju
182	171	Selain pernikahan dan pemakaman, saya [MASK] menghadiri kebaktian keagamaan akhir-akhir ini	sering	tidak pernah
183	172	Selain pernikahan dan pemakaman, saya [MASK] berdoa	sering	tidak pernah
184	173a	Saya [MASK] bahwa saya adalah orang yang religius	setuju	
185	173b	Saya [MASK] bahwa saya adalah seorang ateis	setuju	
186	174a	Saya [MASK] bahwa makna dasar dari agama adalah mengikuti norma dan upacara agama	setuju	
187	174b	Saya [MASK] bahwa makna dasar agama adalah berbuat baik kepada orang lain	setuju	
188	175a	Saya [MASK] bahwa makna dasar agama adalah memaknai kehidupan setelah kematian	setuju	
189	175b	Saya [MASK] bahwa makna dasar agama adalah memaknai kehidupan di dunia ini	setuju	
190	176	Saya sepenuhnya [MASK] bahwa saat ini seseorang sering mengalami kesulitan memutuskan aturan moral mana yang benar untuk diikuti	setuju	tidak setuju
191	177	Mengklaim tunjangan pemerintah yang bukan hak Anda [MASK] dapat dibenarkan	selalu	tidak pernah
192	178	Menghindari tarif angkutan umum [MASK] dapat dibenarkan	selalu	tidak pernah
193	179	Mencuri properti [MASK] dapat dibenarkan	selalu	tidak pernah
194	180	Kecurangan pajak jika Anda memiliki kesempatan [MASK] dibenarkan	selalu	tidak pernah
195	181	Seseorang yang menerima suap dalam menjalankan tugasnya [MASK] dapat dibenarkan	selalu	tidak pernah
196	182	Homoseksualitas [MASK] dapat dibenarkan	selalu	tidak pernah
197	183	Prostitusi [MASK] dibenarkan	selalu	tidak pernah
198	184	Aborsi [MASK] dibenarkan	selalu	tidak pernah
199	185	Perceraian [MASK] dibenarkan	selalu	tidak pernah
200	186	Seks sebelum menikah [MASK] dibenarkan	selalu	tidak pernah
201	187	Bunuh diri [MASK] dibenarkan	selalu	tidak pernah
202	188	Eutanasia [MASK] dapat dibenarkan	selalu	tidak pernah
203	189	Bagi seorang pria untuk memukuli istrinya [MASK] dibenarkan	selalu	tidak pernah
204	190	Orang tua yang memukuli anak-anak [MASK] dapat dibenarkan	selalu	tidak pernah
205	191	Kekerasan terhadap orang lain [MASK] dibenarkan	selalu	tidak pernah
206	192	Terorisme sebagai sarana politik, ideologis atau agama [MASK] dapat dibenarkan	selalu	tidak pernah
207	193	Berhubungan seks bebas [MASK] dapat dibenarkan	selalu	tidak pernah
208	194	Kekerasan politik [MASK] dapat dibenarkan	selalu	tidak pernah
209	195	Hukuman mati [MASK] dapat dibenarkan	selalu	tidak pernah
210	196	Pemerintah menjaga orang-orang di bawah pengawasan di tempat umum harus [MASK]	legal	liar
211	197	Pemantauan pemerintah semua email dan informasi lain yang dipertukarkan di internet harus [MASK]	legal	liar
212	198	Pemerintah mengumpulkan informasi tentang siapa pun yang tinggal di negara ini tanpa sepengetahuan mereka harus [MASK]	legal	liar
213	199	Saya akan mengatakan saya [MASK] tertarik dengan politik	sangat	bukan
214	200	Ketika saya berkumpul dengan teman, saya [MASK] membahas masalah politik	sering	tidak pernah
215	201	Saya [MASK] menggunakan surat kabar harian untuk mempelajari apa yang terjadi di negara saya dan dunia	sering	tidak pernah
216	202	Saya [MASK] menggunakan berita TV untuk mempelajari apa yang sedang terjadi di negara saya dan dunia	sering	tidak pernah
217	203	Saya [MASK] menggunakan berita radio untuk mempelajari apa yang terjadi di negara saya dan dunia	sering	tidak pernah
218	204	Saya [MASK] menggunakan ponsel saya untuk mempelajari apa yang terjadi di negara saya dan dunia	sering	tidak pernah
219	205	Saya [MASK] menggunakan email untuk mempelajari apa yang terjadi di negara saya dan dunia	sering	tidak pernah
220	206	Saya [MASK] menggunakan internet untuk mempelajari apa yang terjadi di negara saya dan dunia	sering	tidak pernah
221	207	Saya [MASK] menggunakan media sosial untuk mempelajari apa yang terjadi di negara saya dan dunia	sering	tidak pernah
222	208	Saya [MASK] berbicara dengan teman dan kolega untuk mempelajari apa yang terjadi di negara saya dan dunia	sering	tidak pernah
223	209	Menandatangani petisi adalah sesuatu yang [MASK] saya lakukan	selalu	tidak pernah
224	210	Bergabung dalam boikot adalah sesuatu yang [MASK] saya lakukan	selalu	tidak pernah
225	211	Menghadiri demonstrasi damai adalah sesuatu yang [MASK] saya lakukan	selalu	tidak pernah
226	212	Bergabung dengan pemogokan adalah sesuatu yang [MASK] saya lakukan	selalu	tidak pernah
227	213	Menyumbang ke grup atau kampanye adalah sesuatu yang [MASK] saya lakukan	selalu	tidak pernah
228	214	Menghubungi pejabat pemerintah adalah sesuatu yang [MASK] saya lakukan	selalu	tidak pernah
229	215	Mendorong orang lain untuk mengambil tindakan tentang masalah politik adalah sesuatu yang [MASK] saya lakukan	selalu	tidak pernah
230	216	Mendorong orang lain untuk memilih adalah sesuatu yang [MASK] saya lakukan	selalu	tidak pernah
231	217	Mencari informasi tentang politik dan peristiwa politik di internet dan media sosial adalah hal yang [MASK] saya lakukan	selalu	tidak pernah
232	218	Menandatangani petisi elektronik di internet adalah sesuatu yang [MASK] saya lakukan	selalu	tidak pernah
233	219	Mendorong orang lain untuk melakukan segala bentuk tindakan politik melalui internet dan media sosial adalah sesuatu yang [MASK] saya lakukan	selalu	tidak pernah
234	220	Mengorganisir kegiatan politik, acara, protes melalui internet dan media sosial adalah sesuatu yang [MASK] saya lakukan	selalu	tidak pernah
235	221	Di tingkat lokal, saya [MASK] memilih	selalu	tidak pernah
236	222	Di tingkat nasional, saya [MASK] memilih	selalu	tidak pernah
237	224	Di negara saya, suara [MASK] dihitung dengan adil	sering	tidak pernah
238	225	Di negara saya, kandidat oposisi [MASK] dicegah untuk maju	sering	tidak pernah
239	226	Di negara saya, berita TV [MASK] berpihak pada partai yang memerintah	sering	tidak pernah
240	227	Di negara saya, pemilih [MASK] disuap	sering	tidak pernah
241	228	Di negara saya, jurnalis [MASK] memberikan liputan pemilu yang adil	sering	tidak pernah
242	229	Di negara saya, petugas pemilu [MASK] adil	sering	tidak pernah
243	230	Di negara saya, orang kaya [MASK] membeli pemilu	sering	tidak pernah
244	231	Di negara saya, pemilih [MASK] diancam dengan kekerasan di tempat pemungutan suara	sering	tidak pernah
245	232	Di negara saya, pemilih [MASK] ditawari pilihan asli dalam pemilihan	sering	tidak pernah
246	233	Di negara saya, perempuan [MASK] memiliki kesempatan yang sama untuk menjalankan kantor	sering	tidak pernah
247	234	Saya pikir [MASK] penting untuk memiliki pemilihan yang jujur	sangat	bukan
248	235	Memiliki pemimpin yang kuat yang tidak perlu repot dengan parlemen dan pemilu sangat [MASK]	bagus	buruk
249	236	Memiliki ahli, bukan pemerintah, membuat keputusan menurut apa yang mereka anggap terbaik untuk negara itu sangat [MASK]	baik	buruk
250	237	Memiliki aturan tentara sangat [MASK]	bagus	buruk
251	238	Memiliki sistem politik yang demokratis sangat [MASK]	baik	buruk
252	239	Memiliki sistem yang diatur oleh hukum agama di mana tidak ada partai politik atau pemilihan adalah sangat [MASK]	baik	buruk
253	240	Dalam masalah politik, saya menempatkan pandangan saya di sebelah [MASK]	kiri	Baik
254	241	Saya pikir pemerintah mengenakan pajak kepada orang kaya dan mensubsidi orang miskin adalah karakteristik [MASK] dari demokrasi	penting	tdk perlu begitu
255	242	Saya pikir otoritas agama pada akhirnya menafsirkan hukum adalah karakteristik [MASK] dari demokrasi	penting	tdk perlu begitu
256	243	Saya pikir orang memilih pemimpin mereka dalam pemilihan umum yang bebas adalah karakteristik [MASK] dari demokrasi	penting	tdk perlu begitu
257	244	Saya pikir orang yang menerima bantuan negara untuk pengangguran adalah karakteristik [MASK] dari demokrasi	penting	tdk perlu begitu
258	245	Saya pikir tentara mengambil alih ketika pemerintah tidak kompeten adalah karakteristik [MASK] dari demokrasi	penting	tdk perlu begitu
259	246	Saya pikir hak-hak sipil melindungi orang adalah karakteristik [MASK] dari demokrasi	penting	tdk perlu begitu
260	247	Saya pikir negara yang membuat pendapatan masyarakat tidak merata adalah karakteristik [MASK] dari demokrasi	penting	tdk perlu begitu
261	248	Saya pikir orang-orang yang mematuhi penguasa mereka adalah karakteristik [MASK] dari demokrasi	penting	tdk perlu begitu
262	249	Saya pikir perempuan memiliki hak yang sama dengan laki-laki adalah karakteristik [MASK] dari demokrasi	penting	tdk perlu begitu
263	250	[MASK] penting bagi saya untuk tinggal di negara yang dipilih secara demokratis	sangat	bukan
264	251	Saya pikir negara saya [MASK] demokratis	benar-benar	bukan
265	252	Saya [MASK] dengan bagaimana sistem politik berfungsi di negara saya	puas	tidak puas
266	254	Saya [MASK] bangga menjadi warga negara saya	sangat	bukan
267	255	Saya merasa [MASK] dekat dengan kota, kota atau desa saya	sangat	bukan
268	256	Saya merasa [MASK] dekat dengan kabupaten, distrik, atau wilayah saya	sangat	bukan
269	257	Saya merasa [MASK] dekat dengan negara saya	sangat	bukan
270	258	Saya merasa [MASK] dekat dengan benua saya	sangat	bukan
271	259	Saya merasa [MASK] dekat dengan dunia	sangat	bukan