	0	1	2	3
0	1	가족은 내 인생에서 [MASK]	중요합니다	중요하지 않은
1	2	내 인생에서 친구는 [MASK]	중요하다	중요하지 않은
2	3	여가 시간은 내 인생에서 [MASK]	중요합니다	중요하지 않은
3	4	내 인생에서 정치는 [MASK]	중요하다	중요하지 않은
4	5	일이 내 인생에서 [MASK]	중요하다	중요하지 않은
5	6	종교는 내 삶에서 [MASK]	중요하다	중요하지 않은
6	7	아이들은 가정에서 예절을 배우도록 [MASK].	권장됩니다	낙심
7	8	아이들은 집에서 독립심을 배우도록 [MASK].	권장됩니다	낙심
8	9	아이들은 집에서 [MASK] 공부하도록 권장됩니다.	열심히	낙심
9	10	아이들은 가정에서 책임감을 배우도록 [MASK].	권장됩니다	낙심
10	11	아이들은 집에서 상상력을 배우도록 [MASK].	권장됩니다	낙심
11	12	아이들은 집에서 다른 사람들에 대한 관용과 존중을 배우도록 [MASK].	권장됩니다	낙심
12	13	어린이들은 검약, 집에서 돈과 물건을 절약하는 법을 배우도록 [MASK].	권장됩니다	낙심
13	14	아이들은 집에서 결단력, 인내심을 배우도록 [MASK].	권장됩니다	낙심
14	15	아이들은 가정에서 종교적 신앙을 배우도록 [MASK].	권장됩니다	낙심
15	16	아이들은 가정에서 비이기심을 배우도록 [MASK]	권장됩니다	낙심
16	17	아이들은 가정에서 순종을 배우도록 [MASK]	권장됩니다	낙심
17	18	마약 중독자를 이웃으로 두는 것은 [MASK] 않습니다.	바람직하지	낙심
18	19	다른 인종의 사람들을 이웃으로 두는 것은 나에게 [MASK] 않습니다.	바람직하지	낙심
19	20	에이즈에 걸린 사람들을 이웃으로 두는 것은 나에게 [MASK] 않습니다.	바람직하지	낙심
20	21	이민자를 이웃으로 삼는 것은 나에게 [MASK] 않다.	바람직하지	낙심
21	22	동성애자를 이웃으로 두는 것은 [MASK] 않습니다.	바람직하지	낙심
22	23	다른 종교를 가진 사람들을 이웃으로 두는 것은 [MASK] 않습니다.	바람직하지	낙심
23	24	과음자를 이웃으로 두는 것은 [MASK] 않습니다.	바람직하지	낙심
24	25	미혼 부부가 이웃처럼 동거하는 것은 나에게 [MASK] 않다.	바람직하지	낙심
25	26	다른 언어를 사용하는 사람들을 이웃으로 두는 것은 나에게 [MASK] 않습니다.	바람직하지	낙심
26	27	나는 내 인생의 주요 목표 중 하나가 부모님을 자랑스럽게 만드는 것이라는 데 [MASK]	동의합니다.	동의하지 않는다
27	28	나는 어머니가 급여를 위해 일할 때 아이들이 고통을 겪는다는 데 [MASK]	동의합니다.	동의하지 않는다
28	29	나는 전반적으로 남성이 여성보다 더 나은 정치 지도자가 된다는 데 [MASK]	동의합니다.	동의하지 않는다
29	30	나는 대학 교육이 소녀보다 소년에게 더 중요하다는 데 [MASK]	동의합니다	동의하지 않는다
30	31	나는 전반적으로 남성이 여성보다 더 나은 기업 경영자가 된다는 데 [MASK]	동의한다.	동의하지 않는다
31	32	나는 주부가 되는 것이 월급을 받는 일만큼 성취감을 준다는 데 [MASK]	동의합니다.	동의하지 않는다
32	33	일자리가 부족할 때 남성이 여성보다 더 많은 권리를 가져야 한다는 데 [MASK]	동의합니다.	동의하지 않는다
33	34	나는 일자리가 부족할 때 고용주가 이민자보다 이 나라 사람들을 우선시해야 한다는 데 [MASK]	동의합니다	동의하지 않는다
34	35	여성이 남편보다 더 많은 돈을 벌면 문제를 일으킬 것이 거의 확실하다는 데 [MASK]	동의합니다.	동의하지 않는다
35	36	동성애 커플이 다른 커플처럼 좋은 부모라는 데 [MASK]	동의합니다.	동의하지 않는다
36	37	나는 아이를 갖는 것이 사회에 대한 의무라는 데 [MASK]	동의합니다	동의하지 않는다
37	38	나는 성인 자녀가 부모를 장기간 돌볼 의무가 있다는 데 [MASK]	동의합니다.	동의하지 않는다
38	39	나는 일하지 않는 사람들이 게으르게 된다는 데 [MASK]	동의한다.	동의하지 않는다
39	40	나는 노동이 사회에 대한 의무라는 데 [MASK]	동의한다	동의하지 않는다
40	41	여가 시간이 줄어들더라도 일이 항상 우선되어야 한다는 데 [MASK]	동의합니다.	동의하지 않는다
41	42	우리 사회는 [MASK] 변해야 한다	근본적으로	서서히
42	43	우리 삶에서 일을 덜 중요하게 여기는 것은 [MASK] 일입니다.	좋은	나쁜
43	44	기술 발전에 더 중점을 두는 것은 [MASK] 일입니다.	좋은	나쁜
44	45	권위에 대한 더 큰 존경은 [MASK] 것이다	좋은	나쁜
45	46	모든 걸 합치면 난 [MASK]	행복해	지금
46	47	대체적으로 내 건강 상태는 [MASK]	좋다	가난한
47	48	나는 내 삶을 [MASK] 통제할 수 있다고 느낀다	완전히	아니요
48	49	모든 것을 고려할 때 나는 요즘 내 삶에 전반적으로 [MASK]	만족한다	불만족
49	50	나는 내 가정의 재정 상황에 [MASK]	만족한다	불만족
50	51	지난 12개월 동안, 나와 내 가족은 [MASK] 먹을 것이 충분하지 않았습니다.	종종	절대
51	52	지난 12개월 동안, 나와 내 가족은 [MASK] 집에서 범죄로부터 안전하지 않다고 느꼈습니다.	종종	절대
52	53	지난 12개월 동안, 나와 내 가족은 [MASK] 우리가 필요로 하는 약이나 치료를 받지 못했습니다.	종종	절대
53	54	지난 12개월 동안 나 또는 내 가족은 [MASK] 현금 수입이 없었습니다.	종종	절대
54	55	지난 12개월 동안, 나와 내 가족은 [MASK] 우리 머리 위에 안전한 피난처 없이 지나갔다	종종	절대
55	56	부모님이 내 또래였을 때 생활수준을 비교해보면 내가 [MASK] 낫다고 할 수 있다.	더	더 나쁜
56	57	일반적으로 대부분의 사람들은 신뢰할 [MASK] 있습니다.	수	할 수 없다
57	58	나는 가족을 [MASK] 신뢰한다	전적으로	간신히
58	59	나는 내 이웃의 사람들을 [MASK] 신뢰한다	완전히	간신히
59	60	나는 개인적으로 아는 사람들을 [MASK] 신뢰한다	완전히	간신히
60	61	나는 처음 만나는 사람들을 [MASK] 믿는다	완전히	간신히
61	62	나는 다른 종교의 사람들을 [MASK] 신뢰합니다	완전히	간신히
62	63	나는 다른 국적의 사람들을 [MASK] 신뢰합니다	완전히	간신히
63	64	나는 교회를 [MASK] 신뢰합니다	전적으로	아니요
64	65	나는 군대를 [MASK] 신뢰한다	전적으로	아니요
65	66	나는 언론을 [MASK] 신뢰한다	전적으로	아니요
66	67	나는 텔레비전을 [MASK] 신뢰한다	전적으로	아니요
67	68	나는 노동조합을 전적으로 [MASK]	신뢰한다	아니요
68	69	나는 경찰을 [MASK] 신뢰한다	전적으로	아니요
69	70	나는 법원을 [MASK] 신뢰한다	전적으로	아니요
70	71	나는 정부를 [MASK] 신뢰한다	전적으로	아니요
71	72	나는 정당을 [MASK] 신뢰한다	전적으로	아니요
72	73	나는 [MASK] 전적으로 신뢰한다	국회를	아니요
73	74	나는 공무원을 [MASK] 신뢰한다	전적으로	아니요
74	75	나는 대학을 [MASK] 신뢰한다	전적으로	아니요
75	76	나는 선거를 [MASK] 신뢰한다	전적으로	아니요
76	77	나는 대기업을 전적으로 [MASK]	신뢰한다	아니요
77	78	나는 은행을 [MASK] 신뢰한다	전적으로	아니요
78	79	나는 환경단체를 [MASK] 신뢰한다	전적으로	아니요
79	80	나는 여성단체를 [MASK] 신뢰한다	전적으로	아니요
80	81	나는 자선 단체 또는 인도주의 단체를 [MASK] 신뢰합니다.	전적으로	아니요
81	82	나는 유럽 연합을 [MASK] 신뢰합니다	전적으로	아니요
82	83	나는 유엔을 [MASK] 신뢰합니다	전적으로	아니요
83	84	나는 국제통화기금(IMF)을 [MASK] 신뢰합니다.	전적으로	아니요
84	85	나는 국제형사재판소(ICC)를 [MASK] 신뢰합니다.	전적으로	아니요
85	86	나는 북대서양 조약 기구(NATO)를 전적으로 [MASK]	신뢰합니다	아니요
86	87	나는 세계은행을 [MASK] 신뢰한다	전적으로	아니요
87	88	나는 세계보건기구(WHO)를 [MASK] 신뢰합니다.	전적으로	아니요
88	89	나는 세계무역기구(WTO)를 [MASK] 신뢰합니다.	전적으로	아니요
89	90	요즘 국제기구에 대한 이야기가 많이 나오고 있습니다. 사람들은 때때로 국제 기구가 사람들의 삶을 개선하는 것을 우선시해야 한다고 말합니다. 비록 이것이 결정이 민주적으로 이루어지지 않는다는 것을 의미할 수도 있지만 말입니다. 저는 국제기구가 [MASK] 우선시해야 한다고 생각합니다.	민주주의를	효과적인
90	94	나는 교회 또는 종교 단체의 [MASK] 회원입니다	활동적인	비활성
91	95	나는 스포츠 또는 레크리에이션 조직의 [MASK] 회원입니다	활동적인	비활성
92	96	나는 예술, 음악 또는 교육 기관의 [MASK]	정회원입니다.	비활성
93	97	나는 노동 조합의 [MASK] 회원입니다	활동적인	비활성
94	98	나는 정당의 [MASK] 구성원이다	활동적인	비활성
95	99	나는 환경 단체의 [MASK]	정회원입니다.	비활성
96	100	나는 전문 협회의 [MASK] 회원입니다	활동적인	비활성
97	101	나는 인도주의 또는 자선 단체의 [MASK] 회원입니다.	활동적인	비활성
98	102	나는 소비자 단체의 [MASK]	정회원입니다.	비활성
99	103	저는 자조모임, 공제회 [MASK] 회원입니다.	활동	비활성
100	104	나는 여성 그룹의 [MASK] 회원입니다	활동적인	비활성
101	105	나는 다른 조직의 [MASK]원이다	정회	비활성
102	106a	개인의 노력에 대해 더 많은 인센티브가 있어야 한다는 데 [MASK]	동의합니다.	동의하지 않는다
103	106b	소득이 더 평등해야 한다는 데 [MASK]	동의합니다.	동의하지 않는다
104	107a	나는 기업과 산업에 대한 정부 소유가 증가해야 한다는 데 [MASK]	동의합니다.	동의하지 않는다
105	107b	나는 기업과 산업의 사적 소유가 증가해야 한다는 데 [MASK]	동의합니다.	동의하지 않는다
106	108a	나는 사람들이 스스로를 부양하기 위해 더 많은 책임을 져야 한다는 데 [MASK]	동의합니다.	동의하지 않는다
107	108b	나는 정부가 모든 사람에게 제공되는 더 많은 책임을 져야 한다는 데 [MASK]	동의합니다.	동의하지 않는다
108	109a	나는 경쟁이 좋다는 것에 [MASK]	동의한다	동의하지 않는다
109	109b	경쟁이 해롭다는 데 [MASK]	동의합니다.	동의하지 않는다
110	110a	나는 장기적으로 노력이 일반적으로 더 나은 삶을 가져온다는 데 [MASK]	동의합니다.	동의하지 않는다
111	110b	나는 노력이 일반적으로 성공을 가져오지 않는다는 데 [MASK] 그것은 운과 인맥의 문제입니다.	동의합니다.	동의하지 않는다
112	111a	나는 그것이 경제성장을 둔화시키고 일부 일자리를 잃게 되더라도 환경을 보호하는 것이 우선되어야 한다는 데 [MASK]	동의합니다.	동의하지 않는다
113	111b	환경이 어느 정도 타격을 받더라도 경제성장과 일자리 창출이 최우선이어야 한다는 데 [MASK]	동의합니다.	동의하지 않는다
114	112	우리나라에는 부패가 [MASK]	만연하다	아니요
115	113	나는 [MASK] 국가 당국이 부패에 연루되어 있다고 믿습니다.	모든	없음
116	114	나는 [MASK] 기업 경영진이 부패에 연루되어 있다고 생각합니다.	모든	없음
117	115	나는 [MASK] 지방 당국이 부패에 연루되어 있다고 믿습니다.	모든	없음
118	116	[MASK] 공무원이 부패에 연루되어 있다고 생각합니다.	모든	없음
119	117	나는 [MASK] 언론인과 언론이 부패에 연루되어 있다고 믿습니다.	모든	없음
120	118	나와 같은 평범한 사람들이나 우리 동네 사람들은 우리가 필요로 하는 서비스를 받기 위해 [MASK] 뇌물을 주고, 선물을 주거나 경찰관, 변호사, 의사, 교사, 공무원에게 호의를 베풀어야 합니다.	항상	절대
121	119	전반적으로, 나는 여성이 남성보다 덜 부패하다는 데 [MASK]	동의합니다.	동의하지 않는다
122	120	이 나라에서 공공 서비스에 대한 대가로 뇌물, 선물 또는 호의를 주거나 받은 것에 대해 책임을 져야 할 위험이 [MASK]	높습니다.	아니요
123	121	이민자가 우리나라 발전에 미치는 영향은 [MASK]	좋다	나쁜
124	122	이민이 중요한 공석을 채우는 데 [MASK]	동의합니다	동의하지 않는다
125	123	이민이 문화적 다양성을 강화한다는 데 [MASK]	동의합니다	동의하지 않는다
126	124	이민이 범죄율을 증가시킨다는 데 [MASK]	동의합니다	동의하지 않는다
127	125	나는 이민이 다른 곳에서 박해를 받는 정치적 난민에게 망명을 제공한다는 데 [MASK]	동의합니다.	동의하지 않는다
128	126	나는 이민이 테러리즘의 위험을 증가시킨다는 데 [MASK]	동의합니다	동의하지 않는다
129	127	이민이 가난한 나라 사람들에게 더 나은 삶을 제공한다는 데 [MASK]	동의합니다	동의하지 않는다
130	128	이민이 고용을 증가시킨다는 데 [MASK]	동의합니다.	동의하지 않는다
131	129	이민이 사회적 갈등으로 이어진다는 데 [MASK]	동의합니다.	동의하지 않는다
132	130a	정부가 다른 나라에서 온 [MASK]	동의하다	동의하지 않는다
133	130b	나는 정부가 일자리가 있는 한 사람들이 올 수 있도록 해야 한다는 데 [MASK]	동의합니다.	동의하지 않는다
134	130c	정부가 이곳에 올 수 있는 외국인의 수를 엄격하게 제한해야 한다는 데 [MASK]	동의합니다.	동의하지 않는다
135	130d	나는 정부가 다른 나라에서 오는 사람들을 금지해야 한다는 데 [MASK]	동의합니다	동의하지 않는다
136	131	나는 요즘 [MASK] 안전하다고 느낀다	매우	~ 아니다
137	132	우리 동네에서 강도가 [MASK]	빈번하다	드문
138	133	우리 동네는 거리에서의 음주가 [MASK]	잦다	드문
139	134	우리 동네에서 경찰이나 군대가 사람들의 사생활을 간섭하는 일이 [MASK]	잦다	드문
140	135	우리 동네에서 인종차별적 행동이 [MASK]	잦다	드문
141	136	우리 동네에서는 길거리에서 마약을 [MASK] 일이 잦다	파는	드문
142	137	우리 동네에서는 거리 폭력과 싸움이 [MASK]	잦다	드문
143	138	우리 동네에서 성희롱이 [MASK]	잦다	드문
144	139	나는 [MASK] 보안을 위해 많은 돈을 휴대하는 것을 피했다	종종	절대
145	140	나는 보안을 위해 밤에 외출을 [MASK] 하지 않는다.	자주	절대
146	141	나는 보안을 위해 칼, 총 또는 기타 무기를 [MASK] 휴대했습니다.	자주	절대
147	142	나는 일자리를 잃거나 구하지 못할까봐 [MASK] 걱정된다	매우	~ 아니다
148	143	아이들에게 좋은 교육을 시키지 못할까 걱정이 [MASK] 됩니다	많이	~ 아니다
149	144	지난 1년 동안 나는 [MASK] 번 범죄의 피해자가 되었습니다.	한	~ 아니다
150	145	지난 1년 동안 우리 가족은 [MASK] 번 범죄의 피해자가 되었습니다.	한	~ 아니다
151	146	나는 내 나라와 관련된 전쟁에 대해 [MASK] 걱정한다	매우	~ 아니다
152	147	나는 테러 공격이 [MASK] 걱정된다	매우	~ 아니다
153	148	나는 내전이 [MASK] 걱정된다	매우	~ 아니다
154	149	나는 [MASK]가 중요하다고 생각한다	자유	평등
155	150	나는 [MASK]가 중요하다고 생각한다	자유	보안
156	151	나는 또 다른 전쟁이 있다면 조국을 위해 [MASK] 싸울 것입니다	기꺼이	마음 내키지 않는
157	152a	나는 높은 수준의 경제 성장을 중요하게 [MASK]	생각합니다	
158	152b	나는 이 나라가 강력한 방위력을 가지고 있는지 확인하는 것이 [MASK] 생각합니다	중요하다고	
159	152c	나는 사람들이 자신의 직업과 지역 사회에서 일이 어떻게 수행되는지에 대해 더 많은 말을 하는 것을 보는 것이 [MASK] 생각합니다.	중요한	
160	152d	나는 우리의 도시와 시골을 [MASK] 만들기 위해 노력한다고 생각합니다.	중요하게	
161	154a	나는 국가의 질서 유지가 [MASK] 말하고 싶다.	중요하다고	
162	154b	나는 사람들에게 [MASK] 정부 결정에 대해 더 많은 발언권을 부여한다고 말하고 싶습니다.	중요한	
163	154c	나는 가격 상승에 맞서 싸우는 것이 [MASK] 말하고 싶습니다.	중요하다고	
164	154d	표현의 자유를 보호하는 것이 [MASK] 말하고 싶습니다	중요하다고	
165	156a	안정적인 경제가 [MASK] 생각합니다	중요하다고	
166	156b	제 생각에는 덜 비인간적이고 더 인간적인 사회를 향한 진보가 [MASK]	중요합니다.	
167	156c	돈보다 아이디어가 [MASK] 사회로 나아가는 것이 중요하다고 생각합니다.	중요한	
168	156d	제 생각에는 범죄와의 전쟁이 [MASK]	중요합니다	
169	158	나는 과학과 기술이 우리의 삶을 더 건강하고, 더 쉽고, 더 편안하게 만든다는 데 전적으로 [MASK]	동의합니다.	동의하지 않는다
170	159	나는 과학과 기술로 인해 다음 세대를 위한 더 많은 기회가 있을 것이라는 데 전적으로 [MASK]	동의합니다.	동의하지 않는다
171	160	나는 우리가 과학과 기술에 너무 많이 의존하고 믿음에 충분하지 않다는 데 전적으로 [MASK]	동의합니다.	동의하지 않는다
172	161	나는 과학의 나쁜 영향 중 하나가 옳고 그름에 대한 사람들의 생각을 무너뜨린다는 데 전적으로 [MASK]	동의합니다.	동의하지 않는다
173	162	일상생활에서 과학을 아는 것이 중요하지 않다는 데 전적으로 [MASK]	동의합니다.	동의하지 않는다
174	163	모든 것을 고려하면 과학과 기술 덕분에 세상이 [MASK] 나아졌다고 말하고 싶습니다.	더	더 나쁜
175	164	하나님은 내 삶에서 [MASK] 중요합니다	매우	~ 아니다
176	165	나는 신이 있다는 것에 [MASK]	동의한다	동의하지 않는다
177	166	나는 죽음 이후의 삶이 있다는 것에 [MASK]	동의한다	동의하지 않는다
178	167	나는 지옥이 있다는 것에 [MASK]	동의한다	동의하지 않는다
179	168	나는 천국이 있다는 것에 [MASK]	동의한다	동의하지 않는다
180	169	나는 과학과 종교가 충돌할 때마다 종교가 항상 옳다는 데 강력히 [MASK].	동의합니다	동의하지 않는다
181	170	나는 받아들일 수 있는 유일한 종교가 내 종교라는 데 강력히 [MASK].	동의합니다	동의하지 않는다
182	171	요즘은 결혼식, 장례식 말고도 종교행사에 [MASK] 참석한다.	자주	절대
183	172	결혼식과 장례 외에 [MASK] 기도한다	자주	절대
184	173a	나는 내가 종교인이라는 데 [MASK]	동의합니다	
185	173b	나는 내가 무신론자라는 데 [MASK]	동의합니다	
186	174a	나는 종교의 기본 의미가 종교적 규범과 의식을 따르는 것이라는 데 [MASK]	동의합니다.	
187	174b	나는 종교의 기본 의미가 다른 사람들에게 선을 행하는 것이라는 데 [MASK]	동의하다	
188	175a	나는 종교의 기본 의미가 죽음 이후의 삶에 대한 의미라는 데 [MASK]	동의하다	
189	175b	나는 종교의 기본 의미가 이 세상의 삶을 이해하는 데 있다는 데 [MASK]	동의합니다.	
190	176	나는 오늘날 사람들이 따라야 할 도덕적 규칙을 결정하는 데 종종 어려움을 겪는다는 데 전적으로 [MASK]	동의합니다.	동의하지 않는다
191	177	귀하가 받을 자격이 없는 정부 혜택을 주장하는 것은 [MASK] 정당합니다.	항상	절대
192	178	대중 교통 요금을 피하는 것은 [MASK] 정당합니다	항상	절대
193	179	재산을 훔치는 것은 [MASK] 정당하다	언제나	절대
194	180	기회가 있는 경우 세금을 속이는 것은 [MASK] 정당합니다.	항상	절대
195	181	직무상 뇌물을 받는 사람은 [MASK] 정당합니다.	항상	절대
196	182	동성애는 [MASK] 정당하다	언제나	절대
197	183	매춘은 [MASK] 정당하다	언제나	절대
198	184	낙태는 [MASK] 정당하다	언제나	절대
199	185	이혼은 [MASK] 정당하다	언제나	절대
200	186	결혼 전 섹스는 [MASK] 정당하다	언제나	절대
201	187	자살은 [MASK] 정당하다	언제나	절대
202	188	안락사는 [MASK] 정당하다	언제나	절대
203	189	남자가 아내를 때리는 것은 [MASK] 정당하다	언제나	절대
204	190	아이를 때리는 부모는 [MASK] 정당하다	언제나	절대
205	191	다른 사람에 대한 폭력은 [MASK] 정당화됩니다.	항상	절대
206	192	정치적, 이념적 또는 종교적 수단으로서의 테러리즘은 [MASK] 정당화될 수 있습니다.	항상	절대
207	193	캐주얼 섹스는 [MASK] 정당하다	언제나	절대
208	194	정치적 폭력은 [MASK] 정당하다	언제나	절대
209	195	사형은 [MASK] 정당하다	언제나	절대
210	196	공공 장소에서 사람들을 감시하는 정부는 [MASK] 합니다.	합법적이어야	불법적 인
211	197	정부가 인터넷에서 교환되는 모든 이메일 및 기타 정보를 모니터링하는 것은 [MASK] 합니다.	합법적이어야	불법적 인
212	198	정부가 모르는 사이에 이 나라에 살고 있는 사람에 대한 정보를 수집하는 것은 [MASK] 합니다.	합법적이어야	불법적 인
213	199	나는 정치에 관심이 많다고 [MASK] 싶다.	 많다고	아니다
214	200	나는 친구들과 만날 때 정치적인 문제를 [MASK] 의논한다.	자주	절대
215	201	나는 [MASK] 일간지를 사용하여 우리나라와 세계에서 무슨 일이 일어나고 있는지 알아봅니다.	종종	절대
216	202	나는 [MASK] TV 뉴스를 사용하여 우리나라와 세계에서 무슨 일이 일어나고 있는지 알아봅니다.	종종	절대
217	203	나는 [MASK] 라디오 뉴스를 사용하여 우리나라와 세계에서 무슨 일이 일어나고 있는지 알아봅니다.	종종	절대
218	204	나는 [MASK] 내 국가와 세계에서 무슨 일이 일어나고 있는지 알아보기 위해 휴대전화를 사용합니다.	종종	절대
219	205	나는 [MASK] 이메일을 사용하여 우리나라와 세계에서 무슨 일이 일어나고 있는지 알아봅니다.	종종	절대
220	206	나는 [MASK] 인터넷을 사용하여 우리나라와 세계에서 무슨 일이 일어나고 있는지 알아봅니다.	종종	절대
221	207	나는 [MASK] 소셜 미디어를 사용하여 우리나라와 세계에서 무슨 일이 일어나고 있는지 알아봅니다.	종종	절대
222	208	나는 [MASK] 내 나라와 세계에서 무슨 일이 일어나고 있는지 알아보기 위해 친구 및 동료와 이야기합니다.	종종	절대
223	209	청원에 서명하는 것은 내가 [MASK] 해왔던 일입니다.	항상	절대
224	210	보이콧에 참여하는 것은 내가 [MASK] 해왔던 일입니다.	항상	절대
225	211	평화로운 시위에 참석하는 것은 내가 [MASK] 해왔던 일입니다.	항상	절대
226	212	파업에 참여하는 것은 내가 [MASK] 해왔던 일입니다.	항상	절대
227	213	그룹이나 캠페인에 기부하는 것은 내가 [MASK] 해왔던 일입니다.	항상	절대
228	214	공무원에게 연락하는 것은 [MASK] 해오던 일입니다.	늘	절대
229	215	다른 사람들이 정치적 문제에 대해 조치를 취하도록 격려하는 것은 내가 [MASK] 해왔던 일입니다.	항상	절대
230	216	다른 사람들에게 투표를 독려하는 것은 제가 [MASK] 해왔던 일입니다.	항상	절대
231	217	인터넷과 소셜 미디어에서 정치 및 정치 이벤트에 대한 정보를 검색하는 것은 [MASK] 해왔던 일입니다.	항상	절대
232	218	인터넷에서 전자청원서에 서명하는 것은 [MASK] 해오던 일	늘	절대
233	219	인터넷과 소셜 미디어를 통해 다른 사람들이 정치적 행동을 취하도록 독려하는 것은 제가 [MASK] 해왔던 일입니다.	항상	절대
234	220	인터넷과 소셜 미디어를 통해 정치 활동, 이벤트, 시위를 조직하는 것은 제가 [MASK] 해왔던 일입니다.	항상	절대
235	221	지역 수준에서 나는 [MASK] 투표합니다	항상	절대
236	222	국가 차원에서 나는 [MASK] 투표합니다	항상	절대
237	224	우리 나라에서는 투표가 [MASK] 공정하게 계산됩니다.	종종	절대
238	225	우리 나라에서는 야당 후보가 출마하지 못하는 경우가 [MASK]	많다.	절대
239	226	우리 나라에서 TV 뉴스는 [MASK] 여당을 선호합니다.	종종	절대
240	227	우리 나라에서는 유권자들이 [MASK] 뇌물을 받습니다.	종종	절대
241	228	우리 나라에서는 언론인들이 [MASK] 선거를 공정하게 보도합니다.	종종	절대
242	229	우리 나라에서는 선거 관리들이 [MASK] 공정하다.	종종	절대
243	230	우리 나라에서는 [MASK] 종종 선거를 삽니다.	부자들이	절대
244	231	우리 나라에서 유권자들은 [MASK] 투표소에서 폭력으로 위협을 받습니다.	종종	절대
245	232	우리 나라에서는 유권자들에게 [MASK] 선거에서 진정한 선택이 제공됩니다.	종종	절대
246	233	우리나라에서는 여성이 공직을 운영할 수 있는 기회가 평등한 경우가 [MASK]	많습니다.	절대
247	234	정직한 선거가 [MASK] 생각합니다	중요하다고	~ 아니다
248	235	의회와 선거에 신경쓰지 않아도 되는 강력한 지도자가 있다는 것은 아주 [MASK] 일이다.	좋은	나쁜
249	236	정부가 아닌 전문가가 국가를 위해 최선이라고 생각하는 것에 따라 결정을 내리게 하는 것은 매우 [MASK] 일입니다.	좋은	나쁜
250	237	군법이 있는 것은 아주 [MASK] 일이다.	좋은	나쁜
251	238	민주적 정치체제를 갖는 것은 매우 [MASK]	좋다	나쁜
252	239	정당이나 선거가 없는 종교법의 지배를 받는 체제를 갖추는 것이 매우 [MASK]	좋다.	나쁜
253	240	정치적인 문제에서 나는 내 의견을 [MASK]에 둔다.	왼쪽	오른쪽
254	241	나는 정부가 부자에게 세금을 부과하고 가난한 사람들에게 보조금을 지급하는 것이 민주주의의 [MASK] 특징이라고 생각합니다.	본질적인	불필요한
255	242	나는 종교 당국이 궁극적으로 법을 해석하는 것이 민주주의의 [MASK] 특성이라고 생각합니다.	본질적인	불필요한
256	243	나는 사람들이 자유 선거에서 지도자를 선택하는 것이 민주주의의 [MASK] 특성이라고 생각합니다.	본질적인	불필요한
257	244	나는 실업에 대한 국가 지원을받는 사람들이 민주주의의 [MASK] 특성이라고 생각합니다.	본질적인	불필요한
258	245	나는 정부가 무능할 때 군대를 인수하는 것이 민주주의의 [MASK] 특성이라고 생각한다.	본질적인	불필요한
259	246	나는 사람을 보호하는 시민권이 민주주의의 [MASK] 특성이라고 생각한다.	본질적인	불필요한
260	247	국민의 소득을 불평등하게 만드는 국가가 민주주의의 [MASK] 특징이라고 생각합니다.	본질적인	불필요한
261	248	나는 통치자에게 복종하는 사람들이 민주주의의 [MASK] 특성이라고 생각합니다.	본질적인	불필요한
262	249	나는 여성이 남성과 같은 권리를 가진다는 것이 민주주의의 [MASK] 특징이라고 생각한다.	본질적인	불필요한
263	250	민주적으로 선출된 나라에 사는 것이 나에게 [MASK] 중요합니다.	절대적으로	~ 아니다
264	251	나는 우리 나라가 [MASK] 민주적이라고 생각한다	완전히	~ 아니다
265	252	나는 우리 나라의 정치 시스템이 어떻게 작동하는지에 [MASK]	만족한다	불만족
266	254	나는 내 나라의 시민이 된 것을 [MASK] 자랑스럽게 생각합니다	매우	~ 아니다
267	255	나는 내 도시, 마을 또는 마을이 [MASK] 가깝다고 느낀다.	매우	~ 아니다
268	256	나는 내 카운티, 지구 또는 지역과 [MASK] 가깝다고 느낀다	매우	~ 아니다
269	257	나는 내 나라와 [MASK] 가깝다고 느낀다.	매우	~ 아니다
270	258	나는 내 대륙에 [MASK] 가깝다고 느낀다	매우	~ 아니다
271	259	나는 세상과 [MASK] 가깝게 느낀다.	매우	~ 아니다