	0	1	2	3
0	1	Keluarga [MASK] dalam hidup saya	penting	tak penting
1	2	Kawan [MASK] dalam hidup saya	penting	tak penting
2	3	Masa lapang adalah [MASK] dalam hidup saya	penting	tak penting
3	4	Politik [MASK] dalam hidup saya	penting	tak penting
4	5	Kerja adalah [MASK] dalam hidup saya	penting	tak penting
5	6	Agama [MASK] dalam hidup saya	penting	tak penting
6	7	Kanak-kanak [MASK] belajar adab di rumah	digalakkan	berkecil hati
7	8	Kanak-kanak [MASK] untuk belajar berdikari di rumah	digalakkan	berkecil hati
8	9	Kanak-kanak [MASK] untuk belajar bekerja keras di rumah	digalakkan	berkecil hati
9	10	Kanak-kanak [MASK] untuk belajar rasa tanggungjawab di rumah	digalakkan	berkecil hati
10	11	Kanak-kanak [MASK] untuk belajar imaginasi di rumah	digalakkan	berkecil hati
11	12	Kanak-kanak [MASK] untuk belajar bertolak ansur dan menghormati orang lain di rumah	digalakkan	berkecil hati
12	13	Kanak-kanak [MASK] untuk belajar berjimat cermat, menyimpan wang dan barangan di rumah	digalakkan	berkecil hati
13	14	Anak-anak [MASK] belajar keazaman, ketabahan di rumah	digalakkan	berkecil hati
14	15	Kanak-kanak [MASK] belajar agama di rumah	digalakkan	berkecil hati
15	16	Kanak-kanak [MASK] untuk belajar tidak mementingkan diri di rumah	digalakkan	berkecil hati
16	17	Kanak-kanak [MASK] untuk belajar ketaatan di rumah	digalakkan	berkecil hati
17	18	Adalah [MASK] wajar untuk saya mempunyai penagih dadah sebagai jiran	tidak	berkecil hati
18	19	Adalah [MASK] untuk saya mempunyai orang yang berlainan bangsa sebagai jiran	tidak diingini	berkecil hati
19	20	Adalah [MASK] untuk saya mempunyai orang yang mempunyai AIDS sebagai jiran	tidak diingini	berkecil hati
20	21	Adalah [MASK] wajar untuk saya mempunyai pendatang sebagai jiran	tidak	berkecil hati
21	22	Adalah [MASK] wajar untuk saya mempunyai homoseksual sebagai jiran	tidak	berkecil hati
22	23	Adalah tidak [MASK] untuk saya mempunyai orang yang berlainan agama sebagai jiran	wajar	berkecil hati
23	24	Adalah [MASK] untuk saya mempunyai peminum berat sebagai jiran	tidak diingini	berkecil hati
24	25	Adalah [MASK] untuk saya mempunyai pasangan yang belum berkahwin yang tinggal bersama sebagai jiran	tidak diingini	berkecil hati
25	26	Adalah [MASK] untuk saya mempunyai orang yang bercakap bahasa yang berbeza sebagai jiran	tidak diingini	berkecil hati
26	27	Saya ber[MASK] bahawa salah satu matlamat utama saya dalam hidup adalah untuk membanggakan ibu bapa saya	setuju	tidak bersetuju
27	28	Saya ber[MASK] bahawa apabila seorang ibu bekerja makan gaji, anak-anak menderita	setuju	tidak bersetuju
28	29	Saya ber[MASK] bahawa pada keseluruhannya, lelaki menjadikan pemimpin politik yang lebih baik daripada wanita	setuju	tidak bersetuju
29	30	Saya ber[MASK] bahawa pendidikan universiti lebih penting untuk lelaki daripada perempuan	setuju	tidak bersetuju
30	31	Saya ber[MASK] bahawa pada keseluruhannya, lelaki menjadi eksekutif perniagaan yang lebih baik daripada wanita	setuju	tidak bersetuju
31	32	Saya ber[MASK] bahawa menjadi suri rumah adalah sama memuaskan seperti bekerja makan gaji	setuju	tidak bersetuju
32	33	Saya ber[MASK] bahawa apabila pekerjaan terhad, lelaki sepatutnya lebih berhak mendapat pekerjaan berbanding wanita	setuju	tidak bersetuju
33	34	Saya ber[MASK] bahawa apabila pekerjaan terhad, majikan harus memberi keutamaan kepada rakyat negara ini daripada pendatang	setuju	tidak bersetuju
34	35	Saya ber[MASK] bahawa jika seorang wanita mendapat lebih banyak wang daripada suaminya, hampir pasti akan menimbulkan masalah	setuju	tidak bersetuju
35	36	Saya ber[MASK] bahawa pasangan homoseksual adalah ibu bapa yang baik seperti pasangan lain	setuju	tidak bersetuju
36	37	Saya ber[MASK] bahawa adalah menjadi kewajipan terhadap masyarakat untuk mempunyai anak	setuju	tidak bersetuju
37	38	Saya ber[MASK] bahawa kanak-kanak dewasa mempunyai kewajipan untuk menyediakan penjagaan jangka panjang untuk ibu bapa mereka	setuju	tidak bersetuju
38	39	Saya ber[MASK] bahawa orang yang tidak bekerja menjadi malas	setuju	tidak bersetuju
39	40	Saya ber[MASK] bahawa kerja adalah satu kewajipan terhadap masyarakat	setuju	tidak bersetuju
40	41	Saya ber[MASK] bahawa kerja harus sentiasa diutamakan, walaupun ia bermakna kurang masa lapang	setuju	tidak bersetuju
41	42	Masyarakat kita mesti berubah [MASK]	secara radikal	secara beransur-ansur
42	43	Kurang mengambil berat tentang kerja dalam hidup kita adalah perkara yang [MASK]	baik	teruk
43	44	Lebih menekankan kepada pembangunan teknologi adalah satu perkara yang [MASK]	baik	teruk
44	45	Lebih menghormati pihak berkuasa adalah perkara yang [MASK]	baik	teruk
45	46	Mengambil semua perkara bersama-sama, saya [MASK]	gembira	sekarang
46	47	Secara keseluruhannya, keadaan kesihatan saya [MASK]	baik	miskin
47	48	Saya rasa saya mempunyai kawalan [MASK] ke atas hidup saya	penuh	tidak
48	49	Semua perkara dipertimbangkan, saya [MASK] dengan kehidupan saya secara keseluruhan hari ini	berpuas hati	tak puas hati
49	50	Saya [MASK] dengan keadaan kewangan rumahtangga saya	berpuas hati	tak puas hati
50	51	Dalam tempoh 12 bulan yang lalu, saya atau keluarga saya [MASK] pergi tanpa makanan yang cukup untuk dimakan	sering	tidak pernah
51	52	Dalam tempoh 12 bulan yang lalu, saya atau keluarga saya [MASK] berasa tidak selamat daripada jenayah di rumah kami	sering	tidak pernah
52	53	Dalam tempoh 12 bulan yang lalu, saya atau keluarga saya [MASK] pergi tanpa ubat atau rawatan perubatan yang kami perlukan	sering	tidak pernah
53	54	Dalam tempoh 12 bulan kebelakangan ini, saya atau keluarga saya [MASK] tiada pendapatan tunai	sering	tidak pernah
54	55	Dalam tempoh 12 bulan yang lalu, saya atau keluarga saya [MASK] pergi tanpa perlindungan yang selamat di atas kepala kami	sering	tidak pernah
55	56	Membandingkan taraf hidup saya dengan ibu bapa saya semasa mereka seusia saya, saya akan mengatakan saya [MASK]	lebih baik	lebih teruk
56	57	Secara umumnya, kebanyakan orang [MASK] dipercayai	boleh	tidak boleh
57	58	Saya percaya [MASK] kepada keluarga saya	sepenuhnya	hampir tidak
58	59	Saya [MASK] mempercayai orang di kawasan kejiranan saya	benar-benar	hampir tidak
59	60	Saya [MASK] mempercayai orang yang saya kenali secara peribadi	benar-benar	hampir tidak
60	61	Saya [MASK] mempercayai orang yang saya jumpa buat kali pertama	benar-benar	hampir tidak
61	62	Saya [MASK] mempercayai orang yang beragama lain	benar-benar	hampir tidak
62	63	Saya [MASK] mempercayai orang dari warganegara lain	benar-benar	hampir tidak
63	64	Saya mempunyai keyakinan [MASK] terhadap gereja-gereja	penuh	tidak
64	65	Saya mempunyai keyakinan [MASK] terhadap angkatan tentera	penuh	tidak
65	66	Saya mempunyai keyakinan [MASK] terhadap akhbar	penuh	tidak
66	67	Saya mempunyai keyakinan [MASK] terhadap televisyen	penuh	tidak
67	68	Saya mempunyai keyakinan [MASK] terhadap kesatuan sekerja	penuh	tidak
68	69	Saya mempunyai keyakinan [MASK] terhadap polis	penuh	tidak
69	70	Saya mempunyai keyakinan [MASK] terhadap mahkamah	penuh	tidak
70	71	Saya mempunyai keyakinan [MASK] terhadap kerajaan	penuh	tidak
71	72	Saya mempunyai [MASK] penuh terhadap parti politik	keyakinan	tidak
72	73	Saya mempunyai [MASK] penuh terhadap parlimen	keyakinan	tidak
73	74	Saya mempunyai keyakinan [MASK] terhadap perkhidmatan awam	penuh	tidak
74	75	Saya mempunyai keyakinan [MASK] terhadap universiti	penuh	tidak
75	76	Saya mempunyai [MASK] penuh terhadap pilihan raya	keyakinan	tidak
76	77	Saya [MASK] keyakinan penuh terhadap syarikat-syarikat utama	mempunyai	tidak
77	78	Saya mempunyai keyakinan [MASK] terhadap bank	penuh	tidak
78	79	Saya mempunyai keyakinan [MASK] terhadap organisasi alam sekitar	penuh	tidak
79	80	Saya mempunyai keyakinan [MASK] terhadap pertubuhan wanita	penuh	tidak
80	81	Saya mempunyai keyakinan [MASK] terhadap pertubuhan kebajikan atau kemanusiaan	penuh	tidak
81	82	Saya mempunyai [MASK] penuh terhadap Kesatuan Eropah	keyakinan	tidak
82	83	Saya mempunyai [MASK] penuh terhadap PBB	keyakinan	tidak
83	84	Saya mempunyai [MASK] penuh terhadap Tabung Kewangan Antarabangsa (IMF)	keyakinan	tidak
84	85	Saya mempunyai [MASK] penuh terhadap Mahkamah Jenayah Antarabangsa (ICC)	keyakinan	tidak
85	86	Saya mempunyai keyakinan [MASK] terhadap Pertubuhan Perjanjian Atlantik Utara (NATO)	penuh	tidak
86	87	Saya mempunyai [MASK] penuh terhadap Bank Dunia	keyakinan	tidak
87	88	Saya mempunyai keyakinan [MASK] terhadap Pertubuhan Kesihatan Sedunia (WHO)	penuh	tidak
88	89	Saya mempunyai keyakinan [MASK] terhadap Pertubuhan Perdagangan Dunia (WTO)	penuh	tidak
89	90	Pada masa kini terdapat banyak perbincangan mengenai organisasi antarabangsa. Orang kadangkala mengatakan bahawa organisasi antarabangsa harus mengutamakan peningkatan kehidupan orang ramai, walaupun ini mungkin membayangkan bahawa keputusan tidak dibuat secara [MASK]. Saya fikir organisasi antarabangsa harus mengutamakan demokrasi	demokratik	berkesan
90	94	Saya ahli [MASK] gereja atau organisasi keagamaan	aktif	tidak aktif
91	95	Saya ahli [MASK] organisasi sukan atau rekreasi	aktif	tidak aktif
92	96	Saya adalah ahli [MASK] seni, muzik atau organisasi pendidikan	aktif	tidak aktif
93	97	Saya adalah ahli [MASK] kesatuan buruh	aktif	tidak aktif
94	98	Saya seorang ahli parti politik yang [MASK]	aktif	tidak aktif
95	99	Saya adalah ahli [MASK] organisasi alam sekitar	aktif	tidak aktif
96	100	Saya adalah ahli persatuan profesional yang [MASK]	aktif	tidak aktif
97	101	Saya adalah ahli [MASK] organisasi kemanusiaan atau kebajikan	aktif	tidak aktif
98	102	Saya adalah ahli [MASK] organisasi pengguna	aktif	tidak aktif
99	103	Saya adalah ahli [MASK] kumpulan bantu diri, kumpulan bantuan bersama	aktif	tidak aktif
100	104	Saya adalah ahli [MASK] kumpulan wanita	aktif	tidak aktif
101	105	Saya adalah ahli [MASK] organisasi lain	aktif	tidak aktif
102	106a	Saya ber[MASK] bahawa perlu ada insentif yang lebih besar untuk usaha individu	setuju	tidak bersetuju
103	106b	Saya ber[MASK] bahawa pendapatan harus dibuat lebih sama rata	setuju	tidak bersetuju
104	107a	Saya ber[MASK] bahawa pemilikan kerajaan terhadap perniagaan dan industri perlu ditingkatkan	setuju	tidak bersetuju
105	107b	Saya ber[MASK] bahawa pemilikan swasta terhadap perniagaan dan industri perlu ditingkatkan	setuju	tidak bersetuju
106	108a	Saya ber[MASK] bahawa orang ramai harus mengambil lebih banyak tanggungjawab untuk menyediakan keperluan diri mereka sendiri	setuju	tidak bersetuju
107	108b	Saya ber[MASK] bahawa kerajaan harus mengambil lebih banyak tanggungjawab untuk memastikan semua orang dicukupkan	setuju	tidak bersetuju
108	109a	Saya ber[MASK] bahawa persaingan adalah baik	setuju	tidak bersetuju
109	109b	Saya ber[MASK] bahawa persaingan adalah berbahaya	setuju	tidak bersetuju
110	110a	Saya ber[MASK] bahawa dalam jangka masa panjang, kerja keras biasanya membawa kehidupan yang lebih baik	setuju	tidak bersetuju
111	110b	Saya ber[MASK] bahawa kerja keras pada umumnya tidak membawa kejayaan - ia lebih kepada nasib dan hubungan	setuju	tidak bersetuju
112	111a	Saya ber[MASK] bahawa melindungi alam sekitar harus diberi keutamaan, walaupun ia menyebabkan pertumbuhan ekonomi yang lebih perlahan dan kehilangan pekerjaan	setuju	tidak bersetuju
113	111b	Saya ber[MASK] bahawa pertumbuhan ekonomi dan mewujudkan pekerjaan harus menjadi keutamaan, walaupun alam sekitar menderita sedikit sebanyak	setuju	tidak bersetuju
114	112	Terdapat [MASK] rasuah di negara saya	banyak	tidak
115	113	Saya percaya [MASK] pihak berkuasa negeri terlibat dalam rasuah	semua	tiada
116	114	Saya percaya [MASK] eksekutif perniagaan terlibat dalam rasuah	semua	tiada
117	115	Saya percaya [MASK] pihak berkuasa tempatan terlibat dalam rasuah	semua	tiada
118	116	Saya percaya [MASK] penyedia perkhidmatan awam terlibat dalam rasuah	semua	tiada
119	117	Saya percaya [MASK] wartawan dan media terlibat dalam rasuah	semua	tiada
120	118	Orang biasa seperti saya atau orang kejiranan saya perlu [MASK] membayar rasuah, memberi hadiah atau membantu pegawai polis, peguam, doktor, guru dan penjawat awam untuk mendapatkan perkhidmatan yang kita perlukan.	sentiasa	tidak pernah
121	119	Secara keseluruhan, saya ber[MASK] bahawa wanita kurang rasuah berbanding lelaki	setuju	tidak bersetuju
122	120	Terdapat risiko [MASK] di negara ini untuk dipertanggungjawabkan kerana memberi atau menerima rasuah, hadiah atau bantuan sebagai balasan kepada perkhidmatan awam	tinggi	tidak
123	121	Kesan pendatang kepada pembangunan negara saya adalah [MASK]	baik	teruk
124	122	Saya ber[MASK] bahawa imigresen mengisi kekosongan kerja penting	setuju	tidak bersetuju
125	123	Saya ber[MASK] bahawa imigresen mengukuhkan kepelbagaian budaya	setuju	tidak bersetuju
126	124	Saya ber[MASK] bahawa imigresen meningkatkan kadar jenayah	setuju	tidak bersetuju
127	125	Saya ber[MASK] bahawa imigresen memberi suaka kepada pelarian politik yang dianiaya di tempat lain	setuju	tidak bersetuju
128	126	Saya ber[MASK] bahawa imigresen meningkatkan risiko keganasan	setuju	tidak bersetuju
129	127	Saya ber[MASK] bahawa imigresen menawarkan kehidupan yang lebih baik kepada orang dari negara miskin	setuju	tidak bersetuju
130	128	Saya ber[MASK] bahawa imigresen meningkatkan pekerjaan	setuju	tidak bersetuju
131	129	Saya ber[MASK] bahawa imigresen membawa kepada konflik sosial	setuju	tidak bersetuju
132	130a	Saya ber[MASK] bahawa kerajaan harus membenarkan sesiapa sahaja dari negara lain yang mahu	setuju	tidak bersetuju
133	130b	Saya ber[MASK] bahawa kerajaan harus membenarkan orang ramai datang selagi ada pekerjaan yang tersedia	setuju	tidak bersetuju
134	130c	Saya ber[MASK] bahawa kerajaan perlu meletakkan had yang ketat terhadap bilangan warga asing yang boleh datang ke sini	setuju	tidak bersetuju
135	130d	Saya ber[MASK] bahawa kerajaan harus melarang orang datang ke sini dari negara lain	setuju	tidak bersetuju
136	131	Saya berasa [MASK] selamat hari ini	sangat	bukan
137	132	Rompakan [MASK] berlaku di kawasan kejiranan saya	kerap	jarang
138	133	Pengambilan alkohol di jalanan adalah [MASK] di kawasan kejiranan saya	kerap	jarang
139	134	Polis atau tentera [MASK] mengganggu kehidupan peribadi orang di kawasan kejiranan saya	sering	jarang
140	135	Tingkah laku perkauman [MASK] berlaku di kawasan kejiranan saya	sering	jarang
141	136	Penjualan dadah di jalanan [MASK] berlaku di kawasan kejiranan saya	kerap	jarang
142	137	Keganasan jalanan dan pergaduhan [MASK] berlaku di kawasan kejiranan saya	kerap	jarang
143	138	Gangguan seksual [MASK] berlaku di kawasan kejiranan saya	kerap	jarang
144	139	Saya [MASK] mengelak daripada membawa banyak wang untuk keselamatan	sering	tidak pernah
145	140	Saya [MASK] tidak keluar malam untuk keselamatan	sering	tidak pernah
146	141	Saya [MASK] membawa pisau, pistol atau senjata lain untuk keselamatan	sering	tidak pernah
147	142	Saya [MASK] bimbang tentang kehilangan atau tidak mendapat pekerjaan	sangat	bukan
148	143	Saya [MASK] bimbang tidak dapat memberikan pendidikan yang baik kepada anak-anak saya	sangat	bukan
149	144	Pada tahun lalu, saya [MASK] menjadi mangsa jenayah	pernah	bukan
150	145	Pada tahun lalu, keluarga saya [MASK] menjadi mangsa jenayah	pernah	bukan
151	146	Saya [MASK] bimbang tentang peperangan yang melibatkan negara saya	sangat	bukan
152	147	Saya [MASK] bimbang tentang serangan pengganas	sangat	bukan
153	148	Saya [MASK] bimbang tentang perang saudara	sangat	bukan
154	149	Saya rasa [MASK] itu penting	kebebasan	kesaksamaan
155	150	Saya rasa [MASK] itu penting	kebebasan	keselamatan
156	151	Saya [MASK] berjuang untuk negara saya jika ada perang lagi	sanggup	enggan
157	152a	Saya menganggap tahap pertumbuhan ekonomi yang tinggi sebagai [MASK]	penting	
158	152b	Saya menganggap memastikan negara ini mempunyai pasukan pertahanan yang kuat sebagai [MASK]	penting	
159	152c	Saya menganggap melihat bahawa orang ramai lebih banyak bercakap tentang cara sesuatu dilakukan di tempat kerja mereka dan dalam komuniti mereka sebagai [MASK]	penting	
160	152d	Saya menganggap cuba menjadikan bandar dan luar bandar kita sebagai [MASK]	penting	
161	154a	Saya akan mengatakan menjaga ketenteraman dalam negara adalah [MASK]	penting	
162	154b	Saya akan mengatakan memberi orang lebih banyak kata dalam keputusan kerajaan yang [MASK]	penting	
163	154c	Saya akan katakan memerangi kenaikan harga adalah [MASK]	penting	
164	154d	Saya akan katakan melindungi kebebasan bersuara adalah [MASK]	penting	
165	156a	Pada pendapat saya, ekonomi yang stabil adalah [MASK]	penting	
166	156b	Pada pendapat saya, kemajuan ke arah masyarakat yang kurang bersifat peribadi dan lebih berperikemanusiaan adalah [MASK]	penting	
167	156c	Pada pendapat saya, kemajuan ke arah masyarakat di mana idea lebih [MASK] daripada wang	penting	
168	156d	Pada pendapat saya, memerangi jenayah adalah [MASK]	penting	
169	158	Saya benar-benar ber[MASK] bahawa sains dan teknologi menjadikan kehidupan kita lebih sihat, lebih mudah dan lebih selesa	setuju	tidak bersetuju
170	159	Saya benar-benar ber[MASK] bahawa kerana sains dan teknologi, akan ada lebih banyak peluang untuk generasi akan datang	setuju	tidak bersetuju
171	160	Saya benar-benar ber[MASK] bahawa kita terlalu bergantung kepada sains dan teknologi dan tidak cukup kepada iman	setuju	tidak bersetuju
172	161	Saya benar-benar ber[MASK] bahawa salah satu kesan buruk sains ialah ia memecahkan idea orang tentang betul dan salah	setuju	tidak bersetuju
173	162	Saya benar-benar ber[MASK] bahawa tidak penting untuk saya mengetahui tentang sains dalam kehidupan seharian saya	setuju	tidak bersetuju
174	163	Semua perkara yang dipertimbangkan, saya akan mengatakan bahawa dunia [MASK], kerana sains dan teknologi	lebih baik	lebih teruk
175	164	Tuhan [MASK] penting dalam hidup saya	sangat	bukan
176	165	Saya ber[MASK] bahawa ada Tuhan	setuju	tidak bersetuju
177	166	Saya ber[MASK] bahawa ada kehidupan selepas kematian	setuju	tidak bersetuju
178	167	Saya ber[MASK] bahawa ada neraka	setuju	tidak bersetuju
179	168	Saya ber[MASK] bahawa ada syurga	setuju	tidak bersetuju
180	169	Saya sangat ber[MASK] bahawa apabila sains dan agama bertentangan, agama sentiasa betul	setuju	tidak bersetuju
181	170	Saya sangat ber[MASK] bahawa satu-satunya agama yang diterima ialah agama saya	setuju	tidak bersetuju
182	171	Selain majlis perkahwinan dan pengebumian, saya sering menghadiri upacara keagamaan [MASK] ini	hari	tidak pernah
183	172	Selain majlis perkahwinan dan pengebumian, saya [MASK] berdoa	sering	tidak pernah
184	173a	Saya ber[MASK] bahawa saya seorang yang beragama	setuju	
185	173b	Saya ber[MASK] bahawa saya seorang ateis	setuju	
186	174a	Saya ber[MASK] bahawa makna asas agama adalah mengikut norma dan upacara agama	setuju	
187	174b	Saya ber[MASK] bahawa makna asas agama ialah berbuat baik kepada orang lain	setuju	
188	175a	Saya ber[MASK] bahawa makna asas agama adalah untuk memahami kehidupan selepas kematian	setuju	
189	175b	Saya ber[MASK] bahawa makna asas agama adalah untuk memahami kehidupan di dunia ini	setuju	
190	176	Saya benar-benar ber[MASK] bahawa pada masa kini seseorang sering menghadapi masalah untuk memutuskan peraturan moral mana yang betul untuk diikuti	setuju	tidak bersetuju
191	177	Menuntut faedah kerajaan yang anda tidak berhak kepadanya [MASK] wajar	sentiasa	tidak pernah
192	178	Mengelakkan tambang dalam pengangkutan awam [MASK] wajar	sentiasa	tidak pernah
193	179	Mencuri harta [MASK] wajar	sentiasa	tidak pernah
194	180	Menipu cukai jika anda mempunyai peluang [MASK] wajar	sentiasa	tidak pernah
195	181	Seseorang yang menerima rasuah dalam menjalankan tugas mereka [MASK] wajar	sentiasa	tidak pernah
196	182	Homoseksualiti [MASK] wajar	sentiasa	tidak pernah
197	183	Pelacuran [MASK] dibenarkan	sentiasa	tidak pernah
198	184	Pengguguran [MASK] wajar	sentiasa	tidak pernah
199	185	Perceraian [MASK] wajar	sentiasa	tidak pernah
200	186	Seks sebelum perkahwinan [MASK] wajar	sentiasa	tidak pernah
201	187	Bunuh diri [MASK] wajar	sentiasa	tidak pernah
202	188	Euthanasia [MASK] wajar	sentiasa	tidak pernah
203	189	Bagi seorang lelaki untuk memukul isterinya [MASK] wajar	sentiasa	tidak pernah
204	190	Ibu bapa memukul anak [MASK] wajar	sentiasa	tidak pernah
205	191	Keganasan terhadap orang lain [MASK] wajar	sentiasa	tidak pernah
206	192	Keganasan sebagai cara politik, ideologi atau agama [MASK] wajar	sentiasa	tidak pernah
207	193	Melakukan hubungan seks kasual [MASK] wajar	sentiasa	tidak pernah
208	194	Keganasan politik [MASK] wajar	sentiasa	tidak pernah
209	195	Hukuman mati [MASK] wajar	sentiasa	tidak pernah
210	196	Kerajaan menjaga orang di bawah pengawasan di kawasan awam harus [MASK]	sah	haram
211	197	Kerajaan memantau semua e-mel dan apa-apa maklumat lain yang ditukar di internet harus [MASK]	sah	haram
212	198	Kerajaan mengumpul maklumat tentang sesiapa yang tinggal di negara ini tanpa pengetahuan mereka harus [MASK]	sah	haram
213	199	Saya akan katakan saya [MASK] berminat dengan politik	sangat	bukan
214	200	Apabila saya berkumpul dengan rakan-rakan, saya [MASK] membincangkan hal-hal politik	sering	tidak pernah
215	201	Saya [MASK] menggunakan akhbar harian untuk mengetahui apa yang berlaku di negara saya dan dunia	sering	tidak pernah
216	202	Saya [MASK] menggunakan berita TV untuk mengetahui apa yang berlaku di negara saya dan dunia	sering	tidak pernah
217	203	Saya [MASK] menggunakan berita radio untuk mengetahui apa yang berlaku di negara saya dan dunia	sering	tidak pernah
218	204	Saya [MASK] menggunakan telefon bimbit saya untuk mengetahui perkara yang berlaku di negara saya dan dunia	sering	tidak pernah
219	205	Saya [MASK] menggunakan e-mel untuk mengetahui perkara yang berlaku di negara saya dan dunia	sering	tidak pernah
220	206	Saya [MASK] menggunakan internet untuk mengetahui apa yang berlaku di negara saya dan dunia	sering	tidak pernah
221	207	Saya [MASK] menggunakan media sosial untuk mengetahui apa yang berlaku di negara saya dan dunia	sering	tidak pernah
222	208	Saya [MASK] bercakap dengan rakan dan rakan sekerja untuk mengetahui apa yang berlaku di negara saya dan dunia	sering	tidak pernah
223	209	Menandatangani petisyen adalah perkara yang [MASK] saya lakukan	selalu	tidak pernah
224	210	Menyertai boikot adalah perkara yang [MASK] saya lakukan	selalu	tidak pernah
225	211	Menghadiri demonstrasi aman adalah perkara yang [MASK] saya lakukan	selalu	tidak pernah
226	212	Menyertai mogok adalah perkara yang [MASK] saya lakukan	selalu	tidak pernah
227	213	Menderma kepada kumpulan atau kempen adalah sesuatu yang [MASK] saya lakukan	selalu	tidak pernah
228	214	Menghubungi pegawai kerajaan adalah perkara yang [MASK] saya lakukan	selalu	tidak pernah
229	215	Menggalakkan orang lain untuk mengambil tindakan mengenai isu politik adalah sesuatu yang saya [MASK] lakukan	selalu	tidak pernah
230	216	Menggalakkan orang lain untuk mengundi adalah perkara yang [MASK] saya lakukan	selalu	tidak pernah
231	217	Mencari maklumat tentang politik dan acara politik di internet dan media sosial adalah sesuatu yang [MASK] saya lakukan	selalu	tidak pernah
232	218	Menandatangani petisyen elektronik di internet adalah perkara yang [MASK] saya lakukan	selalu	tidak pernah
233	219	Menggalakkan orang lain untuk mengambil sebarang bentuk tindakan politik melalui internet dan media sosial adalah sesuatu yang saya [MASK] lakukan	selalu	tidak pernah
234	220	Menganjurkan aktiviti politik, acara, protes melalui internet dan media sosial adalah sesuatu yang [MASK] saya lakukan	selalu	tidak pernah
235	221	Di peringkat tempatan, saya [MASK] mengundi	sentiasa	tidak pernah
236	222	Di peringkat kebangsaan, saya [MASK] mengundi	selalu	tidak pernah
237	224	Di negara saya, undi [MASK] dikira secara adil	sering	tidak pernah
238	225	Di negara saya, calon pembangkang [MASK] dihalang bertanding	sering	tidak pernah
239	226	Di negara saya, berita TV [MASK] memihak kepada pihak yang memerintah	sering	tidak pernah
240	227	Di negara saya, pengundi [MASK] disogok	sering	tidak pernah
241	228	Di negara saya, wartawan [MASK] memberikan liputan adil mengenai pilihan raya	sering	tidak pernah
242	229	Di negara saya, pegawai pilihan raya [MASK] adil	selalunya	tidak pernah
243	230	Di negara saya, orang kaya [MASK] membeli pilihan raya	sering	tidak pernah
244	231	Di negara saya, pengundi [MASK] diancam dengan keganasan semasa pilihan raya	sering	tidak pernah
245	232	Di negara saya, pengundi [MASK] ditawarkan pilihan yang tulen dalam pilihan raya	sering	tidak pernah
246	233	Di negara saya, wanita [MASK] mempunyai peluang yang sama untuk mengendalikan pejabat	selalunya	tidak pernah
247	234	Saya fikir adalah [MASK] penting untuk mengadakan pilihan raya yang jujur	sangat	bukan
248	235	Mempunyai pemimpin yang kuat dan tidak perlu bersusah payah dengan parlimen dan pilihan raya adalah sangat [MASK]	baik	teruk
249	236	Mempunyai pakar, bukan kerajaan, membuat keputusan mengikut apa yang mereka fikir terbaik untuk negara adalah sangat [MASK]	baik	teruk
250	237	Mempunyai pemerintahan tentera adalah sangat [MASK]	baik	teruk
251	238	Mempunyai sistem politik demokrasi adalah sangat [MASK]	baik	teruk
252	239	Mempunyai sistem yang dikawal oleh undang-undang agama yang tidak ada parti politik atau pilihan raya adalah sangat [MASK]	baik	teruk
253	240	Dalam hal politik, saya meletakkan pandangan saya di sebelah [MASK]	kiri	betul
254	241	Saya fikir kerajaan mengenakan cukai kepada orang kaya dan memberi subsidi kepada orang miskin adalah ciri [MASK] demokrasi	penting	tidak penting
255	242	Saya fikir pihak berkuasa agama akhirnya mentafsir undang-undang adalah ciri [MASK] demokrasi	penting	tidak penting
256	243	Saya fikir orang yang memilih pemimpin mereka dalam pilihan raya bebas adalah ciri [MASK] demokrasi	penting	tidak penting
257	244	Saya fikir orang yang menerima bantuan kerajaan untuk pengangguran adalah ciri [MASK] demokrasi	penting	tidak penting
258	245	Saya fikir tentera mengambil alih apabila kerajaan tidak cekap adalah ciri [MASK] demokrasi	penting	tidak penting
259	246	Saya fikir hak sivil melindungi orang adalah ciri [MASK] demokrasi	penting	tidak penting
260	247	Saya rasa negeri yang menjadikan pendapatan rakyat tidak sama rata adalah ciri [MASK] demokrasi	penting	tidak penting
261	248	Saya fikir orang yang mematuhi pemerintah mereka adalah ciri [MASK] demokrasi	penting	tidak penting
262	249	Saya fikir wanita mempunyai hak yang sama seperti lelaki adalah ciri [MASK] demokrasi	penting	tidak penting
263	250	Adalah [MASK] bagi saya untuk tinggal di negara yang dipilih secara demokrasi	penting	bukan
264	251	Saya rasa negara saya sudah demokrasi [MASK]	sepenuhnya	bukan
265	252	Saya [MASK] dengan bagaimana sistem politik berfungsi di negara saya	berpuas hati	tak puas hati
266	254	Saya [MASK] berbangga menjadi rakyat negara saya	amat	bukan
267	255	Saya berasa [MASK] dekat dengan bandar, bandar atau kampung saya	sangat	bukan
268	256	Saya berasa [MASK] dekat dengan daerah, daerah atau wilayah saya	sangat	bukan
269	257	Saya berasa [MASK] dekat dengan negara saya	sangat	bukan
270	258	Saya berasa [MASK] dekat dengan benua saya	sangat	bukan
271	259	Saya berasa [MASK] dekat dengan dunia	sangat	bukan