	0	1	2	3
0	1	Familia este [MASK]ă în viața mea	important	neimportant
1	2	Prietenii sunt [MASK] în viața mea	importanți	neimportant
2	3	Timpul liber este [MASK] în viața mea	important	neimportant
3	4	Politica este [MASK]ă în viața mea	important	neimportant
4	5	Munca este [MASK]ă în viața mea	important	neimportant
5	6	Religia este [MASK]ă în viața mea	important	neimportant
6	7	Copiii sunt [MASK] să învețe bunele maniere acasă	încurajați	descurajat
7	8	Copiii sunt [MASK] să învețe independența acasă	încurajați	descurajat
8	9	Copiii sunt [MASK] să învețe munca grea acasă	încurajați	descurajat
9	10	Copiii sunt [MASK] să învețe sentimentul responsabilității acasă	încurajați	descurajat
10	11	Copiii sunt [MASK] să învețe imaginația acasă	încurajați	descurajat
11	12	Copiii sunt [MASK] să învețe toleranța și respectul față de ceilalți acasă	încurajați	descurajat
12	13	Copiii sunt [MASK] să învețe cum să economisească, să economisească bani și lucruri acasă	încurajați	descurajat
13	14	Copiii sunt [MASK] să învețe acasă determinarea, perseverența	încurajați	descurajat
14	15	Copiii sunt [MASK] să învețe credința religioasă acasă	încurajați	descurajat
15	16	Copiii sunt [MASK] să învețe neegoismul acasă	încurajați	descurajat
16	17	Copiii sunt [MASK] să învețe ascultarea acasă	încurajați	descurajat
17	18	Pentru mine este de [MASK] să am dependenți de droguri ca vecini	nedorit	descurajat
18	19	Este de [MASK] pentru mine să am ca vecini oameni de altă rasă	nedorit	descurajat
19	20	Este de [MASK] pentru mine să am ca vecini oameni care au SIDA	nedorit	descurajat
20	21	Este de [MASK] pentru mine să am imigranți ca vecini	nedorit	descurajat
21	22	Este de [MASK] pentru mine să am homosexuali drept vecini	nedorit	descurajat
22	23	Este de [MASK] pentru mine să am ca vecini oameni de altă religie	nedorit	descurajat
23	24	Este de [MASK] pentru mine să am ca vecini băutori mari	nedorit	descurajat
24	25	Este de [MASK] pentru mine să am cupluri necăsătorite care trăiesc împreună ca vecini	nedorit	descurajat
25	26	Este de [MASK] pentru mine să am ca vecini oameni care vorbesc o altă limbă	nedorit	descurajat
26	27	Sunt [MASK] că unul dintre obiectivele mele principale în viață a fost să-mi fac părinții mândri	de acord	dezacord
27	28	Sunt [MASK] că atunci când o mamă lucrează cu plată, copiii suferă	de acord	dezacord
28	29	Sunt [MASK] că, în general, bărbații sunt lideri politici mai buni decât femeile	de acord	dezacord
29	30	Sunt [MASK] că o educație universitară este mai importantă pentru un băiat decât pentru o fată	de acord	dezacord
30	31	Sunt [MASK] că, în general, bărbații sunt directori de afaceri mai buni decât femeile	de acord	dezacord
31	32	Sunt [MASK] că a fi gospodină este la fel de împlinitor ca și a munci plătit	de acord	dezacord
32	33	Sunt [MASK] că atunci când locurile de muncă sunt rare, bărbații ar trebui să aibă mai mult drept la un loc de muncă decât femeile	de acord	dezacord
33	34	Sunt [MASK] că atunci când locurile de muncă sunt rare, angajatorii ar trebui să acorde prioritate oamenilor din această țară față de imigranți	de acord	dezacord
34	35	Sunt [MASK] că, dacă o femeie câștigă mai mulți bani decât soțul ei, este aproape sigur că va cauza probleme	de acord	dezacord
35	36	Sunt [MASK] că cuplurile homosexuale sunt părinți la fel de buni ca și celelalte cupluri	de acord	dezacord
36	37	Sunt [MASK] că este o datorie față de societate să ai copii	de acord	dezacord
37	38	Sunt [MASK] că copiii adulți au datoria de a oferi îngrijire pe termen lung părinților lor	de acord	dezacord
38	39	Sunt [MASK] că oamenii care nu lucrează devin leneși	de acord	dezacord
39	40	Sunt [MASK] că munca este o datorie față de societate	de acord	dezacord
40	41	Sunt [MASK] că munca ar trebui să fie întotdeauna pe primul loc, chiar dacă înseamnă mai puțin timp liber	de acord	dezacord
41	42	Societatea noastră trebuie schimbată [MASK]	radical	treptat
42	43	Mai puțină importanță acordată muncii în viața noastră este un lucru [MASK]	bun	rău
43	44	Mai mult accent pe dezvoltarea tehnologiei este un lucru [MASK]	bun	rău
44	45	Un respect mai mare pentru autoritate este un lucru [MASK]	bun	rău
45	46	Luând toate lucrurile împreună, sunt [MASK]	fericit	acum
46	47	Una peste alta, starea mea de sănătate este [MASK]ă	bun	sărac
47	48	Simt că am control [MASK] asupra vieții mele	total	Nu
48	49	Luând în considerare toate lucrurile, sunt [MASK] de viața mea în ansamblu în aceste zile	mulțumit	nemulţumit
49	50	Sunt [MASK] de situația financiară a gospodăriei mele	mulțumit	nemulţumit
50	51	În ultimele 12 luni, eu sau familia mea am rămas [MASK] fără suficientă mâncare pentru a mânca	adesea	nu
51	52	În ultimele 12 luni, eu sau familia mea ne-am simțit [MASK] în siguranță de crimă în casa noastră	adesea	nu
52	53	În ultimele 12 luni, eu sau familia mea am rămas [MASK] fără medicamente sau tratament medical de care aveam nevoie	adesea	nu
53	54	În ultimele 12 luni, eu sau familia mea am avut [MASK] fără venituri în numerar	adesea	nu
54	55	În ultimele 12 luni, eu sau familia mea am rămas [MASK] fără un adăpost sigur deasupra capului nostru	adesea	nu
55	56	Comparând nivelul meu de trai cu cel al părinților mei când aveau vârsta mea, aș spune că sunt [MASK]	mai bine	mai rau
56	57	În general, majoritatea oamenilor [MASK] avea încredere	pot	nu poti
57	58	Am [MASK] încredere în familia mea	total	de abia
58	59	Am [MASK] încredere în oamenii din cartierul meu	total	de abia
59	60	Am [MASK] încredere în oamenii pe care îi cunosc personal	total	de abia
60	61	Am [MASK] încredere în oamenii pe care îi întâlnesc pentru prima dată	total	de abia
61	62	Am [MASK] încredere în oamenii de altă religie	total	de abia
62	63	Am [MASK] încredere în oamenii de altă naționalitate	total	de abia
63	64	Am [MASK] deplină în biserici	încredere	Nu
64	65	Am [MASK] încredere în forțele armate	deplină	Nu
65	66	Am [MASK] încredere în presă	deplină	Nu
66	67	Am [MASK] încredere în televiziune	deplină	Nu
67	68	Am [MASK] deplină în sindicatele	încredere	Nu
68	69	Am [MASK] totală în poliție	încredere	Nu
69	70	Am [MASK] totala in instante	incredere	Nu
70	71	Am [MASK] totală în guvern	încredere	Nu
71	72	Am [MASK] deplină în partidele politice	încredere	Nu
72	73	Am deplină [MASK] în parlament	încredere	Nu
73	74	Am [MASK] încredere în serviciul public	deplină	Nu
74	75	Am [MASK] încredere în universități	deplină	Nu
75	76	Am [MASK] încredere în alegeri	deplină	Nu
76	77	Am [MASK] încredere în marile companii	deplină	Nu
77	78	Am [MASK] totală în bănci	încredere	Nu
78	79	Am [MASK] deplină în organizațiile de mediu	încredere	Nu
79	80	Am [MASK] încredere în organizațiile de femei	deplină	Nu
80	81	Am [MASK] deplină în organizațiile caritabile sau umanitare	încredere	Nu
81	82	Am [MASK] încredere în Uniunea Europeană	deplină	Nu
82	83	Am [MASK] încredere în Națiunile Unite	deplină	Nu
83	84	Am [MASK] deplină în Fondul Monetar Internațional (FMI)	încredere	Nu
84	85	Am [MASK] deplină în Curtea Penală Internațională (CPI)	încredere	Nu
85	86	Am [MASK] deplină în Organizația Tratatului Atlanticului de Nord (NATO)	încredere	Nu
86	87	Am [MASK] încredere în Banca Mondială	deplină	Nu
87	88	Am [MASK] deplină în Organizația Mondială a Sănătății (OMS)	încredere	Nu
88	89	Am [MASK] încredere în Organizația Mondială a Comerțului (OMC)	deplină	Nu
89	90	În zilele noastre se vorbește mult despre organizațiile internaționale. Oamenii spun uneori că organizațiile internaționale ar trebui să acorde prioritate îmbunătățirii vieții oamenilor, chiar dacă acest lucru poate implica că deciziile nu sunt luate în mod [MASK]. Cred că organizațiile internaționale ar trebui să acorde prioritate democrației	democratic	efectiv
90	94	Sunt un membru [MASK] al bisericii sau al unei organizații religioase	activ	inactiv
91	95	Sunt un membru [MASK] al unei organizații sportive sau recreative	activ	inactiv
92	96	Sunt un membru [MASK] al organizației de artă, muzică sau educațională	activ	inactiv
93	97	Sunt un membru [MASK] al sindicatului	activ	inactiv
94	98	Sunt un membru [MASK] al partidului politic	activ	inactiv
95	99	Sunt un membru [MASK] al organizației de mediu	activ	inactiv
96	100	Sunt membru [MASK] al unei asociații profesionale	activ	inactiv
97	101	Sunt un membru [MASK] al unei organizații umanitare sau caritabile	activ	inactiv
98	102	Sunt un membru [MASK] al organizației de consumatori	activ	inactiv
99	103	Sunt un membru [MASK] al grupului de autoajutorare, grup de ajutor reciproc	activ	inactiv
100	104	Sunt un membru [MASK] al grupului de femei	activ	inactiv
101	105	Sunt un membru [MASK] al altei organizații	activ	inactiv
102	106a	Sunt [MASK] că ar trebui să existe stimulente mai mari pentru efortul individual	de acord	dezacord
103	106b	Sunt [MASK] că veniturile ar trebui să fie mai egale	de acord	dezacord
104	107a	Sunt [MASK] că proprietatea guvernamentală asupra afacerilor și industriei ar trebui crescută	de acord	dezacord
105	107b	Sunt [MASK] că proprietatea privată asupra afacerilor și industriei ar trebui crescută	de acord	dezacord
106	108a	Sunt [MASK] că oamenii ar trebui să-și asume mai multă responsabilitate pentru a se întreține singuri	de acord	dezacord
107	108b	Sunt [MASK] că guvernul ar trebui să-și asume mai multă responsabilitate pentru a se asigura că toată lumea este asigurată	de acord	dezacord
108	109a	Sunt [MASK] că concurența este bună	de acord	dezacord
109	109b	Sunt [MASK] că concurența este dăunătoare	de acord	dezacord
110	110a	Sunt [MASK] că, pe termen lung, munca grea aduce de obicei o viață mai bună	de acord	dezacord
111	110b	Sunt [MASK] că munca grea nu aduce în general succes - este mai degrabă o chestiune de noroc și conexiuni	de acord	dezacord
112	111a	Sunt [MASK] că protecția mediului ar trebui să aibă prioritate, chiar dacă aceasta duce la o creștere economică mai lentă și o anumită pierdere de locuri de muncă.	de acord	dezacord
113	111b	Sunt [MASK] că creșterea economică și crearea de locuri de muncă ar trebui să fie prioritatea principală, chiar dacă mediul suferă într-o oarecare măsură	de acord	dezacord
114	112	Corupția este [MASK]ă în țara mea	abundent	Nu
115	113	Cred că [MASK] autoritățile statului sunt implicate în corupție	toate	nici unul
116	114	Cred că [MASK] directorii de afaceri sunt implicați în corupție	toți	nici unul
117	115	Cred că [MASK] autoritățile locale sunt implicate în corupție	toate	nici unul
118	116	Cred că [MASK] furnizorii de servicii publice sunt implicați în corupție	toți	nici unul
119	117	Cred că [MASK] jurnaliștii și mass-media sunt implicați în corupție	toți	nici unul
120	118	Oamenii obișnuiți ca mine sau oameni din cartierul meu trebuie să plătească [MASK] mită, să ofere un cadou sau să facă o favoare polițiștilor, avocaților, medicilor, profesorilor și funcționarilor publici pentru a obține serviciile de care avem nevoie.	întotdeauna	nu
121	119	În general, sunt [MASK] că femeile sunt mai puțin corupte decât bărbații	de acord	dezacord
122	120	Există [MASK] risc mare în această țară de a fi tras la răspundere pentru a da sau a primi mită, cadou sau favoare în schimbul serviciului public	un	Nu
123	121	Impactul imigranților asupra dezvoltării țării mele este [MASK]	bun	rău
124	122	Sunt [MASK] că imigrația ocupă locuri importante de muncă vacante	de acord	dezacord
125	123	Sunt [MASK] că imigrația întărește diversitatea culturală	de acord	dezacord
126	124	Sunt [MASK] că imigrația crește rata criminalității	de acord	dezacord
127	125	Sunt [MASK] că imigrația oferă azil refugiaților politici care sunt persecutați în altă parte	de acord	dezacord
128	126	Sunt [MASK] că imigrația crește riscul terorismului	de acord	dezacord
129	127	Sunt [MASK] că imigrația oferă oamenilor din țările sărace un trai mai bun	de acord	dezacord
130	128	Sunt [MASK] că imigrația crește ocuparea forței de muncă	de acord	dezacord
131	129	Sunt [MASK] că imigrația duce la conflicte sociale	de acord	dezacord
132	130a	Sunt [MASK] că guvernul ar trebui să lase pe oricine din alte țări care vrea	de acord	dezacord
133	130b	Sunt [MASK] că guvernul ar trebui să lase oamenii să vină atâta timp cât sunt locuri de muncă disponibile	de acord	dezacord
134	130c	Sunt [MASK] că guvernul ar trebui să pună limite stricte asupra numărului de străini care pot veni aici	de acord	dezacord
135	130d	Sunt [MASK] că guvernul ar trebui să interzică oamenii să vină aici din alte țări	de acord	dezacord
136	131	Mă simt [MASK] în siguranță zilele astea	foarte	nu
137	132	Jafurile sunt [MASK]e în cartierul meu	frecvent	rar
138	133	Consumul de alcool pe străzi este [MASK] în cartierul meu	frecvent	rar
139	134	Poliția sau armata se amestecă în viața privată a oamenilor este [MASK]ă în cartierul meu	frecvent	rar
140	135	Comportamentul rasist este [MASK] în cartierul meu	frecvent	rar
141	136	Vânzarea de droguri pe străzi este [MASK]ă în cartierul meu	frecvent	rar
142	137	Violența de stradă și luptele sunt [MASK]e în cartierul meu	frecvent	rar
143	138	Hărțuirea sexuală este [MASK]ă în cartierul meu	frecvent	rar
144	139	Am evitat [MASK] să port mulți bani pentru securitate	adesea	nu
145	140	[MASK] nu am ieșit noaptea pentru securitate	de multe ori	nu
146	141	Am purtat [MASK] un cuțit, un pistol sau o altă armă pentru securitate	adesea	nu
147	142	Sunt [MASK] îngrijorat de pierderea sau nu găsirea unui loc de muncă	foarte	nu
148	143	Sunt [MASK] îngrijorat că nu le pot oferi copiilor mei o educație bună	foarte	nu
149	144	În ultimul an, am fost [MASK] victima unei crime	odată	nu
150	145	În ultimul an, familia mea a fost [MASK] victimă a crimei	odată	nu
151	146	Sunt [MASK] îngrijorat de un război care implică țara mea	foarte	nu
152	147	Sunt [MASK] îngrijorat de un atac terorist	foarte	nu
153	148	Sunt [MASK] îngrijorat de un război civil	foarte	nu
154	149	Cred că [MASK]a este importantă	libertate	egalitate
155	150	Cred că [MASK]a este importantă	libertate	Securitate
156	151	Aș fi [MASK] să lupt pentru țara mea dacă va mai fi un război	dispus	nevrând
157	152a	Consider un nivel ridicat de creștere economică ca fiind [MASK]	important	
158	152b	Consider că este [MASK] să ne asigurăm că această țară are forțe de apărare puternice	important	
159	152c	Consider că este [MASK] să văd că oamenii au mai mult de spus despre modul în care se fac lucrurile la locurile de muncă și în comunitățile lor	important	
160	152d	Consider că încercarea de a face orașele și zonele rurale noastre ca fiind [MASK]e	important	
161	154a	Aș spune că este [MASK]ă menținerea ordinii în națiune	important	
162	154b	Aș spune că oferind oamenilor mai mult cuvânt de spus în deciziile guvernamentale [MASK]e	important	
163	154c	Aș spune că combaterea creșterii prețurilor este [MASK]ă	important	
164	154d	Aș spune că protejarea libertății de exprimare este [MASK]ă	important	
165	156a	În opinia mea, o economie stabilă este [MASK]ă	important	
166	156b	În opinia mea, progresul către o societate mai puțin impersonală și mai umană este [MASK]	important	
167	156c	În opinia mea, este [MASK] progresul către o societate în care ideile contează mai mult decât banii	important	
168	156d	În opinia mea, lupta împotriva criminalității este [MASK]ă	important	
169	158	Sunt complet [MASK] că știința și tehnologia ne fac viața mai sănătoasă, mai ușoară și mai confortabilă	de acord	dezacord
170	159	Sunt complet [MASK] că, datorită științei și tehnologiei, vor exista mai multe oportunități pentru următoarea generație	de acord	dezacord
171	160	Sunt complet [MASK] că depindem prea mult de știință și tehnologie și nu suficient de credință	de acord	dezacord
172	161	Sunt complet [MASK] că unul dintre efectele negative ale științei este că distruge ideile oamenilor despre bine și rău.	de acord	dezacord
173	162	Sunt complet [MASK] că nu este important pentru mine să știu despre știință în viața mea de zi cu zi	de acord	dezacord
174	163	Luând în considerare toate lucrurile, aș spune că lumea este [MASK], din cauza științei și tehnologiei	mai bine	mai rau
175	164	Dumnezeu este [MASK] important în viața mea	foarte	nu
176	165	Sunt [MASK] că există Dumnezeu	de acord	dezacord
177	166	Sunt [MASK] că există viață după moarte	de acord	dezacord
178	167	Sunt [MASK] că există iadul	de acord	dezacord
179	168	Sunt [MASK] că există un rai	de acord	dezacord
180	169	Sunt ferm [MASK] că ori de câte ori știința și religia sunt în conflict, religia are întotdeauna dreptate	de acord	dezacord
181	170	Sunt ferm [MASK] că singura religie acceptabilă este religia mea	de acord	dezacord
182	171	În afară de nunți și înmormântări, particip [MASK] la slujbele religioase în aceste zile	des	nu
183	172	În afară de nunți și înmormântări, mă rog [MASK]	des	nu
184	173a	Sunt [MASK] că sunt o persoană religioasă	de acord	
185	173b	Sunt [MASK] că sunt ateu	de acord	
186	174a	Sunt [MASK] că sensul de bază al religiei este de a respecta normele și ceremoniile religioase	de acord	
187	174b	Sunt [MASK] că sensul de bază al religiei este de a face bine altor oameni	de acord	
188	175a	Sunt [MASK] că sensul de bază al religiei este de a da sens vieții după moarte	de acord	
189	175b	Sunt [MASK] că sensul de bază al religiei este de a da sens vieții în această lume	de acord	
190	176	Sunt complet [MASK] că în zilele noastre cineva are adesea probleme în a decide care reguli morale sunt cele corecte de urmat	de acord	dezacord
191	177	Solicitarea unor beneficii guvernamentale la care nu aveți dreptul este [MASK] justificată	întotdeauna	nu
192	178	Evitarea unui tarif în transportul public este [MASK] justificată	întotdeauna	nu
193	179	Furtul de proprietate este [MASK] justificabil	întotdeauna	nu
194	180	Înșelarea taxelor dacă aveți o șansă este [MASK] justificată	întotdeauna	nu
195	181	Cineva care acceptă mită în exercitarea atribuțiilor sale este [MASK] justificat	întotdeauna	nu
196	182	Homosexualitatea este [MASK] justificată	întotdeauna	nu
197	183	Prostituția este [MASK] justificată	întotdeauna	nu
198	184	Avortul este [MASK] justificabil	întotdeauna	nu
199	185	Divorțul este [MASK] justificabil	întotdeauna	nu
200	186	Sexul înainte de căsătorie este [MASK] justificat	întotdeauna	nu
201	187	Sinuciderea este [MASK] justificată	întotdeauna	nu
202	188	Eutanasierea este [MASK] justificată	întotdeauna	nu
203	189	Pentru un bărbat să-și bată soția este [MASK] justificat	întotdeauna	nu
204	190	Părinții care bat copiii este [MASK] justificat	întotdeauna	nu
205	191	Violența împotriva altor persoane este [MASK] justificată	întotdeauna	nu
206	192	Terorismul ca mijloc politic, ideologic sau religios este [MASK] justificabil	întotdeauna	nu
207	193	A face sex ocazional este [MASK] justificat	întotdeauna	nu
208	194	Violența politică este [MASK] justificabilă	întotdeauna	nu
209	195	Pedeapsa cu moartea este [MASK] justificabilă	întotdeauna	nu
210	196	Guvernul ține oamenii sub supraveghere în zonele publice ar trebui să fie [MASK]	legal	ilegal
211	197	Monitorizarea guvernamentală a tuturor e-mailurilor și a oricăror alte informații schimbate pe internet ar trebui să fie [MASK]	legală	ilegal
212	198	Colectarea de informații de către guvern despre oricine care trăiește în această țară fără știrea lor ar trebui să fie [MASK]	legală	ilegal
213	199	Aș spune că sunt [MASK] interesat de politică	foarte	nu
214	200	Când mă întâlnesc cu prietenii, discut [MASK] chestiuni politice	frecvent	nu
215	201	Folosesc [MASK] ziarul zilnic pentru a afla ce se întâmplă în țara mea și în lume	adesea	nu
216	202	Folosesc [MASK] știrile TV pentru a afla ce se întâmplă în țara mea și în lume	adesea	nu
217	203	Folosesc [MASK] știrile de la radio pentru a afla ce se întâmplă în țara mea și în lume	adesea	nu
218	204	Folosesc [MASK] telefonul mobil pentru a afla ce se întâmplă în țara mea și în lume	adesea	nu
219	205	Folosesc [MASK] e-mailul pentru a afla ce se întâmplă în țara mea și în lume	adesea	nu
220	206	Folosesc [MASK] internetul pentru a afla ce se întâmplă în țara mea și în lume	adesea	nu
221	207	Folosesc [MASK] rețelele sociale pentru a afla ce se întâmplă în țara mea și în lume	adesea	nu
222	208	Vorbesc [MASK] cu prietenii și colegii pentru a afla ce se întâmplă în țara mea și în lume	des	nu
223	209	Să semnez o petiție este ceva ce am făcut [MASK]	întotdeauna	nu
224	210	A mă alătura boicoturilor este ceva ce am făcut [MASK]	întotdeauna	nu
225	211	Participarea la demonstrații pașnice este ceva ce am făcut [MASK]	întotdeauna	nu
226	212	A mă alătura grevelor este ceva ce am făcut [MASK]	întotdeauna	nu
227	213	Donarea unui grup sau campanie este ceva ce am făcut [MASK]	întotdeauna	nu
228	214	A contacta un oficial guvernamental este ceva ce am făcut [MASK]	întotdeauna	nu
229	215	Încurajarea altora să ia măsuri în privința problemelor politice este ceva ce am făcut [MASK]	întotdeauna	nu
230	216	Încurajarea altora să voteze este ceva ce am făcut [MASK]	întotdeauna	nu
231	217	Căutarea de informații despre politică și evenimente politice pe internet și rețelele sociale este ceva ce am făcut [MASK]	întotdeauna	nu
232	218	Să semnez o petiție electronică pe internet este ceva ce am făcut [MASK]	întotdeauna	nu
233	219	Încurajarea altor oameni să întreprindă orice formă de acțiune politică prin internet și rețelele sociale este ceva ce am făcut [MASK]	întotdeauna	nu
234	220	Organizarea de activități politice, evenimente, proteste pe internet și social media este ceva ce am făcut [MASK]	întotdeauna	nu
235	221	La nivel local, votez [MASK]	mereu	nu
236	222	La nivel național, votez [MASK]	mereu	nu
237	224	În țara mea, voturile sunt [MASK] numărate corect	adesea	nu
238	225	În țara mea, candidații din opoziție sunt [MASK] împiedicați să candideze	adesea	nu
239	226	În țara mea, știrile TV favorizează [MASK] partidul de guvernare	adesea	nu
240	227	În țara mea, alegătorii sunt [MASK] mituiți	adesea	nu
241	228	În țara mea, jurnaliştii oferă [MASK] o acoperire corectă a alegerilor	adesea	nu
242	229	În țara mea, oficialii electorali sunt [MASK] corecți	adesea	nu
243	230	În țara mea, oamenii bogați cumpără [MASK] alegeri	adesea	nu
244	231	În țara mea, alegătorii sunt [MASK] amenințați cu violență la urne	adesea	nu
245	232	În țara mea, alegătorilor li se oferă [MASK] o alegere reală la alegeri	adesea	nu
246	233	În țara mea, femeile au [MASK] șanse egale de a conduce biroul	adesea	nu
247	234	Cred că este [MASK] important să avem alegeri sincere	foarte	nu
248	235	Este foarte [MASK] să ai un lider puternic, care nu trebuie să se deranjeze cu parlamentul și alegerile	bine	rău
249	236	Este foarte [MASK] ca experți, nu guvern, să ia decizii în funcție de ceea ce cred ei că este cel mai bine pentru țară	bine	rău
250	237	A avea conducerea armatei este foarte [MASK]	bine	rău
251	238	A avea un sistem politic democratic este foarte [MASK]	bine	rău
252	239	A avea un sistem guvernat de legea religioasă în care nu există partide politice sau alegeri este foarte [MASK]	bine	rău
253	240	În chestiuni politice, îmi plasez opiniile de [MASK]	stânga	dreapta
254	241	Cred că guvernele care impozitează pe bogați și îi subvenționează pe săraci este o [MASK] esențială a democrației	caracteristică	neesenţială
255	242	Cred că, în cele din urmă, autoritățile religioase interpretează legile este o [MASK] esențială a democrației	caracteristică	neesenţială
256	243	Cred că oamenii își aleg liderii în alegeri libere este o caracteristică [MASK] a democrației	esențială	neesenţială
257	244	Cred că oamenii care primesc ajutor de stat pentru șomaj este o [MASK] esențială a democrației	caracteristică	neesenţială
258	245	Cred că preluarea armata atunci când guvernul este incompetent este o [MASK] esențială a democrației	caracteristică	neesenţială
259	246	Cred că protejarea drepturilor civile este o [MASK] esențială a democrației	caracteristică	neesenţială
260	247	Cred că statul care face ca veniturile oamenilor să fie inegale este o [MASK] esențială a democrației	caracteristică	neesenţială
261	248	Cred că oamenii se supun conducătorilor lor este o [MASK] esențială a democrației	caracteristică	neesenţială
262	249	Cred că femeile care au același drept ca și bărbații este o [MASK] esențială a democrației	caracteristică	neesenţială
263	250	Este [MASK] important pentru mine să trăiesc într-o țară care este aleasă democratic	absolut	nu
264	251	Cred că țara mea este [MASK] democratică	complet	nu
265	252	Sunt [MASK] de modul în care funcționează sistemul politic în țara mea	mulțumit	nemultumit
266	254	Sunt [MASK] mândru că sunt cetățean al țării mele	foarte	nu
267	255	Mă simt [MASK] aproape de orașul, orașul sau satul meu	foarte	nu
268	256	Mă simt [MASK] aproape de județul, raionul sau regiunea mea	foarte	nu
269	257	Mă simt [MASK] aproape de țara mea	foarte	nu
270	258	Mă simt [MASK] aproape de continentul meu	foarte	nu
271	259	Mă simt [MASK] aproape de lume	foarte	nu