	0	1	2	3
0	1	Породица је [MASK] у мом животу	важна	неважно
1	2	Пријатељи су [MASK] у мом животу	важни	неважно
2	3	Слободно време је [MASK] у мом животу	важно	неважно
3	4	Политика ми је [MASK] у животу	важна	неважно
4	5	Посао ми је [MASK] у животу	важан	неважно
5	6	Религија је [MASK] у мом животу	важна	неважно
6	7	Деца се [MASK] да науче лепе манире код куће	подстичу	обесхрабрени
7	8	Деца се [MASK] да науче самосталност код куће	подстичу	обесхрабрени
8	9	Деца се [MASK] да уче тежак рад код куће	подстичу	обесхрабрени
9	10	Деца се [MASK] да науче осећај одговорности код куће	подстичу	обесхрабрени
10	11	Деца се [MASK] да уче машту код куће	подстичу	обесхрабрени
11	12	Деца се [MASK] да се код куће науче толеранцији и поштовању других људи	подстичу	обесхрабрени
12	13	Деца се [MASK] да науче штедљивост, штедњу новца и ствари код куће	подстичу	обесхрабрени
13	14	Деца се [MASK] да науче одлучности, упорности код куће	подстичу	обесхрабрени
14	15	Деца се [MASK] да уче верску веру код куће	подстичу	обесхрабрени
15	16	Деца се [MASK] да науче несебичности код куће	подстичу	обесхрабрени
16	17	Деца се [MASK] да уче послушности код куће	подстичу	обесхрабрени
17	18	[MASK] ми је да за комшије имам наркомане	Непожељно	обесхрабрени
18	19	[MASK] ми је да за комшије имам људе друге расе	Непожељно	обесхрабрени
19	20	[MASK] ми је да за комшије имам људе који имају сиду	Непожељно	обесхрабрени
20	21	[MASK] ми је имати имигранте за комшије	Непожељно	обесхрабрени
21	22	[MASK] ми је да имам за комшије хомосексуалце	Непожељно	обесхрабрени
22	23	За мене је [MASK] да суседи људи друге вере	непожељно	обесхрабрени
23	24	[MASK] ми је да за комшије имам велике пијанице	Непожељно	обесхрабрени
24	25	За мене је [MASK] да невенчани парови живе заједно као комшије	непожељно	обесхрабрени
25	26	[MASK] ми је да за комшије имам људе који говоре другим језиком	Непожељно	обесхрабрени
26	27	Слажем [MASK] да је један од мојих главних циљева у животу био да учиним своје родитеље поносним	се	не слазем се
27	28	Слажем [MASK] да када мајка ради за плату, деца пате	се	не слазем се
28	29	[MASK] се да су мушкарци у целини бољи политички лидери од жена	Слажем	не слазем се
29	30	[MASK] се да је факултетско образовање важније за дечака него за девојчицу	Слажем	не слазем се
30	31	[MASK] се да су у целини мушкарци бољи пословни руководиоци од жена	Слажем	не слазем се
31	32	[MASK] се да је бити домаћица једнако испуњавајуће као и радити за плату	Слажем	не слазем се
32	33	[MASK] се да када нема посла, мушкарци треба да имају више права на посао него жене	Слажем	не слазем се
33	34	[MASK] се да када нема посла, послодавци треба да дају предност људима ове земље у односу на имигранте	Слажем	не слазем се
34	35	[MASK] се да ако жена зарађује више новца од мужа, то ће скоро сигурно изазвати проблеме	Слажем	не слазем се
35	36	[MASK] се да су хомосексуални парови добри родитељи као и други парови	Слажем	не слазем се
36	37	[MASK] се да је дужност према друштву имати децу	Слажем	не слазем се
37	38	[MASK] се да су одрасла деца дужна да обезбеде дуготрајну негу својим родитељима	Слажем	не слазем се
38	39	[MASK] се да људи који не раде постају лењи	Слажем	не слазем се
39	40	[MASK] се да је рад обавеза према друштву	Слажем	не слазем се
40	41	[MASK] се да посао увек треба да буде на првом месту, чак и ако то значи мање слободног времена	Слажем	не слазем се
41	42	Наше друштво се мора [MASK] променити	радикално	постепено
42	43	Мањи значај који се придаје послу у нашим животима је [MASK] ствар	добра	лоше
43	44	Већи нагласак на развоју технологије је [MASK] ствар	добра	лоше
44	45	Веће поштовање ауторитета је [MASK] ствар	добра	лоше
45	46	Узимајући све заједно, срећан [MASK]	сам	Сада
46	47	Све у свему, моје здравствено стање је [MASK]	Добро	јадан
47	48	Осећам да имам [MASK] контролу над својим животом	потпуну	не
48	49	Све у свему, ових дана сам [MASK] својим животом у целини	задовољан	незадовољан
49	50	[MASK] сам материјалним стањем свог домаћинства	задовољан	незадовољан
50	51	У последњих 12 месеци, ја или моја породица [MASK] смо остајали без довољно хране за јело	често	никад
51	52	У последњих 12 месеци, ја или моја породица [MASK] смо се осећали несигурно од криминала у нашем дому	често	никад
52	53	У последњих 12 месеци, ја или моја породица [MASK] смо остајали без лекова или лечења који су нам били потребни	често	никад
53	54	У последњих 12 месеци, ја или моја породица [MASK] смо били без готовинских прихода	често	никад
54	55	У последњих 12 месеци, ја или моја породица [MASK] смо остајали без сигурног заклона над главом	често	никад
55	56	Упоређујући мој животни стандард са животним стандардом мојих родитеља када су били мојих година, рекао бих да ми је [MASK]	боље	горе
56	57	Уопштено говорећи, већини људи се [MASK] веровати	може	не може
57	58	[MASK] верујем својој породици	Потпуно	једва
58	59	[MASK] верујем људима у мом комшилуку	Потпуно	једва
59	60	[MASK] верујем људима које лично познајем	Потпуно	једва
60	61	[MASK] верујем људима које први пут срећем	Потпуно	једва
61	62	[MASK] верујем људима друге вероисповести	Потпуно	једва
62	63	[MASK] верујем људима друге националности	Потпуно	једва
63	64	Имам [MASK] поверење у цркве	потпуно	не
64	65	Имам [MASK] поверење у оружане снаге	потпуно	не
65	66	Имам [MASK] поверење у штампу	потпуно	не
66	67	Имам [MASK] поверење у телевизију	потпуно	не
67	68	Имам [MASK] поверење у синдикате	потпуно	не
68	69	Имам [MASK] поверење у полицију	потпуно	не
69	70	Имам [MASK] поверење у судове	потпуно	не
70	71	Имам [MASK] поверење у владу	потпуно	не
71	72	Имам [MASK] поверење у политичке странке	потпуно	не
72	73	Имам [MASK] поверење у парламент	потпуно	не
73	74	Имам [MASK] поверење у државну службу	потпуно	не
74	75	Имам [MASK] поверење у универзитете	потпуно	не
75	76	Имам [MASK] поверење у изборе	потпуно	не
76	77	Имам [MASK] поверење у велике компаније	потпуно	не
77	78	Имам [MASK] поверење у банке	потпуно	не
78	79	Имам [MASK] поверење у еколошке организације	потпуно	не
79	80	Имам [MASK] поверење у женске организације	потпуно	не
80	81	Имам [MASK] поверење у добротворне или хуманитарне организације	потпуно	не
81	82	Имам [MASK] поверење у Европску унију	потпуно	не
82	83	Имам [MASK] поверење у Уједињене нације	потпуно	не
83	84	Имам [MASK] поверење у Међународни монетарни фонд (ММФ)	потпуно	не
84	85	Имам [MASK] поверење у Међународни кривични суд (МКС)	потпуно	не
85	86	Имам [MASK] поверење у Организацију Северноатлантског пакта (НАТО)	потпуно	не
86	87	Имам [MASK] поверење у Светску банку	потпуно	не
87	88	Имам [MASK] поверење у Светску здравствену организацију (СЗО)	потпуно	не
88	89	Имам [MASK] поверење у Светску трговинску организацију (СТО)	потпуно	не
89	90	Данас се много прича о међународним организацијама. Људи понекад кажу да међународне организације треба да дају приоритет побољшању живота људи, чак и ако то може да имплицира да се одлуке не доносе демократски. Мислим да би међународне организације требало да дају предност [MASK]м	демократски	делотворан
90	94	[MASK] сам члан цркве или верске организације	активан	неактиван
91	95	[MASK] сам члан спортске или рекреативне организације	активан	неактиван
92	96	[MASK] сам члан уметничке, музичке или образовне организације	активан	неактиван
93	97	[MASK] сам члан синдиката	активан	неактиван
94	98	[MASK] сам члан политичке странке	активан	неактиван
95	99	[MASK] сам члан еколошке организације	активан	неактиван
96	100	[MASK] сам члан струковног удружења	активан	неактиван
97	101	[MASK] сам члан хуманитарне или добротворне организације	активан	неактиван
98	102	[MASK] сам члан потрошачке организације	активан	неактиван
99	103	[MASK] сам члан групе за самопомоћ, групе за узајамну помоћ	активан	неактиван
100	104	[MASK] сам чланица женске групе	Активна	неактиван
101	105	[MASK] сам члан друге организације	активан	неактиван
102	106a	Слажем се да би требало да постоје већи подстицаји за индивидуални труд	договорити се	не слазем се
103	106b	[MASK] се да приходе треба уједначити	Слажем	не слазем се
104	107a	[MASK] се да државно власништво над бизнисом и индустријом треба повећати	Слажем	не слазем се
105	107b	[MASK] се да треба повећати приватно власништво над бизнисом и индустријом	Слажем	не слазем се
106	108a	[MASK] се да би људи требало да преузму више одговорности како би сами себи обезбедили живот	Слажем	не слазем се
107	108b	[MASK] се да влада треба да преузме више одговорности како би осигурала да сви буду збринути	Слажем	не слазем се
108	109a	Слажем [MASK] да је конкуренција добра	се	не слазем се
109	109b	[MASK] се да је конкуренција штетна	Слажем	не слазем се
110	110a	Слажем [MASK] да на дуге стазе напоран рад обично доноси бољи живот	се	не слазем се
111	110b	[MASK] се да напоран рад углавном не доноси успех - то је више ствар среће и веза	Слажем	не слазем се
112	111a	[MASK] се да заштити животне средине треба дати приоритет, чак и ако то узрокује спорији привредни раст и губитак радних места	Слажем	не слазем се
113	111b	[MASK] се да економски раст и отварање радних места треба да буду главни приоритет, чак и ако животна средина у одређеној мери пати	Слажем	не слазем се
114	112	У мојој земљи постоји [MASK] корупција	велика	не
115	113	Верујем да су [MASK] државни органи умешани у корупцију	сви	ниједан
116	114	Верујем да су [MASK] пословни руководиоци умешани у корупцију	сви	ниједан
117	115	Верујем да су [MASK] локалне власти умешане у корупцију	све	ниједан
118	116	Верујем да су [MASK] државни службеници умешани у корупцију	сви	ниједан
119	117	Верујем да су [MASK] новинари и медији умешани у корупцију	сви	ниједан
120	118	Обични људи попут мене или људи из мог комшилука морају [MASK] да плате мито, поклоне или учине услугу полицајцима, адвокатима, лекарима, наставницима и државним службеницима да би добили услуге које су нам потребне	увек	никад
121	119	Све у свему, [MASK] се да су жене мање корумпиране од мушкараца	слажем	не слазем се
122	120	У овој земљи постоји [MASK] ризик да се сматра одговорним за давање или примање мита, поклона или услуге у замену за јавну службу	велики	не
123	121	Утицај имиграната на развој моје земље је [MASK]	добар	лоше
124	122	[MASK] се да имиграција попуњава важна упражњена радна места	Слажем	не слазем се
125	123	Слажем [MASK] да имиграција јача културну разноликост	се	не слазем се
126	124	Слажем [MASK] да имиграција повећава стопу криминала	се	не слазем се
127	125	[MASK] се да имиграција даје азил политичким избеглицама које су прогањане негде другде	Слажем	не слазем се
128	126	[MASK] се да имиграција повећава ризик од тероризма	Слажем	не слазем се
129	127	[MASK] се да имиграција људима из сиромашних земаља нуди бољи живот	Слажем	не слазем се
130	128	[MASK] се да имиграција повећава запосленост	Слажем	не слазем се
131	129	Слажем [MASK] да имиграција доводи до друштвених сукоба	се	не слазем се
132	130a	[MASK] се да влада треба да пусти било кога из других земаља ко жели	Слажем	не слазем се
133	130b	[MASK] се да влада треба да пусти људе да долазе све док има радних места	Слажем	не слазем се
134	130c	[MASK] се да влада треба да постави стриктна ограничења у погледу броја странаца који могу да дођу овде	Слажем	не слазем се
135	130d	Слажем се да би влада требало да забрани да овде долазе људи из других земаља	договорити се	не слазем се
136	131	Осећам се [MASK] сигурно ових дана	веома	не
137	132	Пљачке су [MASK] у мом крају	честе	ретко
138	133	Конзумација алкохола на улици је [MASK] у мом крају	честа	ретко
139	134	У мом комшилуку [MASK] се мешају полиција или војска у приватни живот људи	често	ретко
140	135	Расистичко понашање је [MASK] у мом комшилуку	често	ретко
141	136	Продаја дроге на улицама је [MASK] у мом крају	честа	ретко
142	137	Улично насиље и туче су [MASK] у мом крају	честе	ретко
143	138	Сексуално узнемиравање је [MASK] у мом комшилуку	често	ретко
144	139	[MASK] сам избегавао да носим много новца због безбедности	често	никад
145	140	[MASK] нисам излазио ноћу ради обезбеђења	често	никад
146	141	[MASK] сам носио нож, пиштољ или друго оружје ради сигурности	често	никад
147	142	[MASK] сам забринут због губитка или неналажења посла	Веома	не
148	143	[MASK] сам забринут због тога што својој деци не могу дати добро образовање	Веома	не
149	144	У протеклих годину дана, [MASK] сам био жртва злочина	једном	не
150	145	У протеклих годину дана, моја породица је [MASK] била жртва злочина	једном	не
151	146	[MASK] сам забринут због рата који укључује моју земљу	Веома	не
152	147	[MASK] сам забринут због терористичког напада	Веома	не
153	148	[MASK] сам забринут због грађанског рата	Веома	не
154	149	Мислим да је [MASK] важна	слобода	једнакост
155	150	Мислим да је [MASK] важна	слобода	безбедност
156	151	Био бих [MASK] да се борим за своју земљу ако дође до другог рата	спреман	невољни
157	152a	Висок ниво привредног раста сматрам [MASK]	важним	
158	152b	Сматрам важним да ова земља има јаке одбрамбене снаге	важно	
159	152c	Сматрам да је [MASK] да људи имају више речи о томе како се ствари раде на њиховим пословима иу њиховим заједницама	важно	
160	152d	Сматрам да се трудим да наши градови и село буду [MASK]	важни	
161	154a	Рекао бих да је [MASK] одржати ред у народу	важно	
162	154b	Рекао бих да људима даје више речи у [MASK] владиним одлукама	важним	
163	154c	Рекао бих да је борба против раста цена [MASK]	важна	
164	154d	Рекао бих да је заштита слободе говора [MASK]	важна	
165	156a	По мом мишљењу, важна је стабилна [MASK]	економија	
166	156b	По мом мишљењу, важан је напредак ка мање безличном и хуманијем друштву	важно	
167	156c	По мом мишљењу, важан је напредак ка друштву у којем су идеје важније од [MASK]	новца	
168	156d	По мом мишљењу, борба против криминала је [MASK]	важна	
169	158	Потпуно се [MASK] да наука и технологија чине наше животе здравијим, лакшим и удобнијим	слажем	не слазем се
170	159	Потпуно се [MASK] да ће због науке и технологије бити више могућности за следећу генерацију	слажем	не слазем се
171	160	Потпуно се [MASK] да превише зависимо од науке и технологије, а недовољно од вере	слажем	не слазем се
172	161	Потпуно се [MASK] да је један од лоших ефеката науке то што разбија идеје људи о исправном и лошем	слажем	не слазем се
173	162	Потпуно се [MASK] да ми није важно да знам о науци у свакодневном животу	слажем	не слазем се
174	163	Све у свему, рекао бих да је свет [MASK] због науке и технологије	бољи,	горе
175	164	Бог је [MASK] важан у мом животу	веома	не
176	165	[MASK] се да постоји Бог	Слажем	не слазем се
177	166	[MASK] се да постоји живот после смрти	Слажем	не слазем се
178	167	[MASK] се да постоји пакао	Слажем	не слазем се
179	168	[MASK] се да постоји рај	Слажем	не слазем се
180	169	Потпуно се [MASK] да кад год су наука и религија у сукобу, религија је увек у праву	слажем	не слазем се
181	170	Чврсто се [MASK] да је једина прихватљива религија моја религија	слажем	не слазем се
182	171	Осим венчања и сахрана, ових дана [MASK] присуствујем богослужењима	често	никад
183	172	Осим венчања и сахрана, [MASK] се молим	често	никад
184	173a	[MASK] се да сам религиозна особа	Слажем	
185	173b	[MASK] се да сам атеиста	Слажем	
186	174a	[MASK] се да је основно значење религије да следи верске норме и церемоније	Слажем	
187	174b	[MASK] се да је основно значење религије чинити добро другим људима	Слажем	
188	175a	[MASK] се да је основни смисао религије да даје смисао животу након смрти	Слажем	
189	175b	[MASK] се да је основни смисао религије да даје смисао животу на овом свету	Слажем	
190	176	Потпуно се [MASK] да у данашње време човек често има проблема да одлучи која су морална правила исправна да следи	слажем	не слазем се
191	177	Тражење државних бенефиција на које немате право је [MASK] оправдано	увек	никад
192	178	Избегавање цене карте у јавном превозу је [MASK] оправдано	увек	никад
193	179	Крађа имовине је [MASK] оправдана	увек	никад
194	180	Варање на порезу ако имате прилику је [MASK] оправдано	увек	никад
195	181	Неко ко прима мито у обављању својих дужности је [MASK] оправдан	увек	никад
196	182	Хомосексуалност је [MASK] оправдана	увек	никад
197	183	Проституција је [MASK] оправдана	увек	никад
198	184	Абортус је [MASK] оправдан	увек	никад
199	185	Развод је [MASK] оправдан	увек	никад
200	186	Секс пре брака је [MASK] оправдан	увек	никад
201	187	Самоубиство је [MASK] оправдано	увек	никад
202	188	Еутаназија је [MASK] оправдана	увек	никад
203	189	Да мушкарац туче своју жену је [MASK] оправдано	увек	никад
204	190	То што родитељи туку децу је [MASK] оправдано	увек	никад
205	191	Насиље над другим људима је [MASK] оправдано	увек	никад
206	192	Тероризам као политичко, идеолошко или верско средство је [MASK] оправдан	увек	никад
207	193	Случајни секс је [MASK] оправдан	увек	никад
208	194	Политичко насиље је [MASK] оправдано	увек	никад
209	195	Смртна казна је [MASK] оправдана	увек	никад
210	196	Држава која држи људе под надзором на јавним површинама треба да буде [MASK]	легална	незаконито
211	197	Државни надзор над свим имејловима и свим другим информацијама размењеним на интернету требало би да буде [MASK]	легалан	незаконито
212	198	Државно прикупљање информација о свакоме ко живи у овој земљи без њиховог знања требало би да буде [MASK]	легално	незаконито
213	199	Рекао бих да ме [MASK] занима политика	јако	не
214	200	Када се нађем са пријатељима, [MASK] разговарам о политичким стварима	често	никад
215	201	[MASK] користим дневне новине да сазнам шта се дешава у мојој земљи и свету	често	никад
216	202	[MASK] користим ТВ вести да сазнам шта се дешава у мојој земљи и свету	често	никад
217	203	[MASK] користим радио вести да сазнам шта се дешава у мојој земљи и свету	често	никад
218	204	[MASK] користим свој мобилни телефон да сазнам шта се дешава у мојој земљи и свету	често	никад
219	205	[MASK] користим е-пошту да сазнам шта се дешава у мојој земљи и свету	често	никад
220	206	[MASK] користим интернет да сазнам шта се дешава у мојој земљи и свету	често	никад
221	207	[MASK] користим друштвене мреже да сазнам шта се дешава у мојој земљи и свету	често	никад
222	208	[MASK] разговарам са пријатељима и колегама да сазнам шта се дешава у мојој земљи и свету	често	никад
223	209	Потписивање петиције је нешто што сам [MASK] радио	увек	никад
224	210	Придруживање бојкоту је нешто што сам [MASK] радио	увек	никад
225	211	Присуствовање мирним демонстрацијама је нешто што сам [MASK] радио	увек	никад
226	212	Придруживање штрајковима је нешто што сам [MASK] радио	увек	никад
227	213	Донирање групи или кампањи је нешто што сам од[MASK] радио	увек	никад
228	214	Контактирање са државним службеником је нешто што сам [MASK] радио	увек	никад
229	215	Подстицати друге да предузму акцију у вези са политичким питањима је нешто што сам [MASK] радио	увек	никад
230	216	Подстицати друге да гласају је нешто што сам [MASK] радио	увек	никад
231	217	Трагање за информацијама о политици и политичким догађајима на интернету и друштвеним мрежама је нешто што сам [MASK] радио	увек	никад
232	218	Потписивање електронске петиције на интернету је нешто што сам [MASK] радио	увек	никад
233	219	Подстицање других људи да предузму било какав облик политичке акције преко интернета и друштвених медија је нешто што сам [MASK] радио	увек	никад
234	220	Организовање политичких активности, догађаја, протеста преко интернета и друштвених мрежа је нешто што сам од[MASK] радио	увек	никад
235	221	На локалном нивоу [MASK] гласам	увек	никад
236	222	На националном нивоу [MASK] гласам	увек	никад
237	224	У мојој земљи се гласови [MASK] поштено броје	често	никад
238	225	У мојој земљи опозициони кандидати су [MASK] спречени да се кандидују	често	никад
239	226	У мојој земљи ТВ вести [MASK] фаворизују владајућу странку	често	никад
240	227	У мојој земљи бирачи су [MASK] подмићени	често	никад
241	228	У мојој земљи новинари [MASK] фер извештавају о изборима	често	никад
242	229	У мојој земљи су изборни званичници [MASK] фер	често	никад
243	230	У мојој земљи, богати људи [MASK] купују изборе	често	никад
244	231	У мојој земљи бирачима се [MASK] прети насиљем на биралиштима	често	никад
245	232	У мојој земљи бирачима се [MASK] нуди прави избор на изборима	често	никад
246	233	У мојој земљи жене [MASK] имају једнаке могућности да воде канцеларију	често	никад
247	234	Мислим да је [MASK] важно да имамо поштене изборе	веома	не
248	235	Имати јаког лидера који не мора да се мучи са парламентом и изборима је јако [MASK]	Добро	лоше
249	236	То што стручњаци, а не влада, доносе одлуке према ономе што мисле да је најбоље за државу је веома [MASK]	Добро	лоше
250	237	Имати војску је веома [MASK]	Добро	лоше
251	238	Имати демократски политички систем је веома [MASK]	Добро	лоше
252	239	Имати систем вођен верским правом у којем нема политичких партија или избора је веома [MASK]	Добро	лоше
253	240	У политичким стварима своје ставове стављам на [MASK]	левицу	јел тако
254	241	Мислим да је опорезивање владе богатих и субвенционисање сиромашних [MASK] карактеристика демократије	суштинска	небитни
255	242	Мислим да је верска власт која на крају тумачи законе [MASK] карактеристика демократије	суштинска	небитни
256	243	Мислим да је то што људи бирају своје лидере на слободним изборима [MASK] карактеристика демократије	суштинска	небитни
257	244	Мислим да је то што људи примају државну помоћ за незапослене суштинска [MASK] демократије	карактеристика	небитни
258	245	Мислим да је преузимање војске када је власт неспособна [MASK] карактеристика демократије	суштинска	небитни
259	246	Мислим да је заштита грађанских права суштинска [MASK] демократије	карактеристика	небитни
260	247	Мислим да је неједнакост прихода од државе суштинска [MASK] демократије	карактеристика	небитни
261	248	Мислим да је послушност људи својим владарима [MASK] карактеристика демократије	суштинска	небитни
262	249	Мислим да је жена која има иста права као и мушкарци [MASK] карактеристика демократије	суштинска	небитни
263	250	[MASK] ми је важно да живим у земљи која је демократски изабрана	апсолутно	не
264	251	Мислим да је моја земља [MASK] демократска	потпуно	не
265	252	[MASK] сам како политички систем функционише у мојој земљи	задовољан	незадовољан
266	254	Веома сам [MASK] што сам грађанин своје земље	поносан	не
267	255	Осећам се [MASK] близу свог града, места или села	веома	не
268	256	Осећам се [MASK] блиским свом округу, округу или региону	веома	не
269	257	Осећам се [MASK] блиском својој земљи	веома	не
270	258	Осећам се [MASK] близу свог континента	веома	не
271	259	Осећам се [MASK] блиско са светом	веома	не