	0	1	2	3
0	1	[MASK] ang pamilya sa buhay ko	mahalaga	hindi mahalaga
1	2	Ang mga kaibigan ay [MASK] sa aking buhay	mahalaga	hindi mahalaga
2	3	Ang oras ng paglilibang ay [MASK] sa aking buhay	mahalaga	hindi mahalaga
3	4	[MASK] ang pulitika sa buhay ko	mahalaga	hindi mahalaga
4	5	Ang trabaho ay [MASK] sa aking buhay	mahalaga	hindi mahalaga
5	6	[MASK] ang relihiyon sa buhay ko	mahalaga	hindi mahalaga
6	7	[MASK] ang mga bata na matuto ng mabuting asal sa tahanan	hinihikayat	pinanghinaan ng loob
7	8	[MASK] ang mga bata na matuto ng kalayaan sa tahanan	hinihikayat	pinanghinaan ng loob
8	9	[MASK] ang mga bata na matuto ng masipag sa bahay	hinihikayat	pinanghinaan ng loob
9	10	[MASK] ang mga bata na matutunan ang pakiramdam ng responsibilidad sa tahanan	hinihikayat	pinanghinaan ng loob
10	11	[MASK] ang mga bata na matuto ng imahinasyon sa bahay	hinihikayat	pinanghinaan ng loob
11	12	[MASK] ang mga bata na matuto ng pagpaparaya at paggalang sa ibang tao sa tahanan	hinihikayat	pinanghinaan ng loob
12	13	[MASK] ang mga bata na matutong magtipid, mag-ipon ng pera at mga bagay sa bahay	hinihikayat	pinanghinaan ng loob
13	14	[MASK] ang mga bata na matuto ng determinasyon, tiyaga sa tahanan	hinihikayat	pinanghinaan ng loob
14	15	[MASK] ang mga bata na matuto ng relihiyosong pananampalataya sa tahanan	hinihikayat	pinanghinaan ng loob
15	16	[MASK] ang mga bata na matuto ng hindi pagkamakasarili sa tahanan	hinihikayat	pinanghinaan ng loob
16	17	[MASK] ang mga bata na matuto ng pagsunod sa tahanan	hinihikayat	pinanghinaan ng loob
17	18	[MASK] para sa akin na magkaroon ng mga adik sa droga bilang kapitbahay	hindi kanais-nais	pinanghinaan ng loob
18	19	[MASK] para sa akin na magkaroon ng magkakaibang lahi bilang kapitbahay	hindi kanais-nais	pinanghinaan ng loob
19	20	[MASK] para sa akin na magkaroon ng mga taong may AIDS bilang kapitbahay	hindi kanais-nais	pinanghinaan ng loob
20	21	[MASK] para sa akin na magkaroon ng mga imigrante bilang kapitbahay	hindi kanais-nais	pinanghinaan ng loob
21	22	[MASK] para sa akin na magkaroon ng mga bading bilang kapitbahay	hindi kanais-nais	pinanghinaan ng loob
22	23	[MASK] para sa akin na magkaroon ng mga tao sa ibang relihiyon bilang kapitbahay	hindi kanais-nais	pinanghinaan ng loob
23	24	[MASK] para sa akin na magkaroon ng malakas na inuman bilang mga kapitbahay	hindi kanais-nais	pinanghinaan ng loob
24	25	[MASK] para sa akin na magkaroon ng mga mag-asawang walang asawa na magkakapitbahay	hindi kanais-nais	pinanghinaan ng loob
25	26	[MASK] para sa akin na magkaroon ng mga taong nagsasalita ng ibang wika bilang mga kapitbahay	hindi kanais-nais	pinanghinaan ng loob
26	27	[MASK] ako na isa sa mga pangunahing layunin ko sa buhay ay ang ipagmalaki ang aking mga magulang	Sumasang-ayon	hindi sumasang-ayon
27	28	[MASK] ako na kapag ang isang ina ay nagtatrabaho para sa suweldo, ang mga bata ay nagdurusa	Sumasang-ayon	hindi sumasang-ayon
28	29	[MASK] ako na sa kabuuan, ang mga lalaki ay gumagawa ng mas mahusay na mga pinuno sa pulitika kaysa sa mga kababaihan	Sumasang-ayon	hindi sumasang-ayon
29	30	[MASK] ako na ang edukasyon sa unibersidad ay mas mahalaga para sa isang lalaki kaysa sa isang babae	Sumasang-ayon	hindi sumasang-ayon
30	31	[MASK] ako na sa kabuuan, ang mga lalaki ay gumagawa ng mas mahusay na mga executive ng negosyo kaysa sa mga babae	Sumasang-ayon	hindi sumasang-ayon
31	32	[MASK] ako na ang pagiging maybahay ay kasing-kasiyahan ng pagtatrabaho para sa suweldo	Sumasang-ayon	hindi sumasang-ayon
32	33	[MASK] ako na kapag kakaunti ang mga trabaho, ang mga lalaki ay dapat magkaroon ng higit na karapatan sa trabaho kaysa sa mga babae	Sumasang-ayon	hindi sumasang-ayon
33	34	[MASK] ako na kapag kakaunti ang mga trabaho, dapat bigyang-priyoridad ng mga employer ang mga tao ng bansang ito kaysa sa mga imigrante	Sumasang-ayon	hindi sumasang-ayon
34	35	[MASK] ako na kung ang isang babae ay kumikita ng mas maraming pera kaysa sa kanyang asawa, ito ay halos tiyak na magdulot ng mga problema	Sumasang-ayon	hindi sumasang-ayon
35	36	[MASK] ako na ang mga homosexual na mag-asawa ay kasing buti ng ibang mga mag-asawa	Sumasang-ayon	hindi sumasang-ayon
36	37	[MASK] ako na isang tungkulin sa lipunan ang magkaroon ng mga anak	Sumasang-ayon	hindi sumasang-ayon
37	38	[MASK] ako na ang mga batang nasa hustong gulang ay may tungkulin na magbigay ng pangmatagalang pangangalaga para sa kanilang mga magulang	Sumasang-ayon	hindi sumasang-ayon
38	39	[MASK] ako na ang mga taong hindi nagtatrabaho ay nagiging tamad	Sumasang-ayon	hindi sumasang-ayon
39	40	[MASK] ako na ang trabaho ay isang tungkulin sa lipunan	Sumasang-ayon	hindi sumasang-ayon
40	41	[MASK] ako na ang trabaho ay dapat palaging mauna, kahit na nangangahulugan ito ng mas kaunting bakanteng oras	Sumasang-ayon	hindi sumasang-ayon
41	42	Ang ating lipunan ay dapat na [MASK] na mabago	radikal	unti-unti
42	43	Ang hindi gaanong kahalagahan sa trabaho sa ating buhay ay isang [MASK] bagay	magandang	masama
43	44	Ang higit na diin sa pag-unlad ng teknolohiya ay isang [MASK] bagay	magandang	masama
44	45	Ang higit na paggalang sa awtoridad ay isang [MASK] bagay	magandang	masama
45	46	Pinagsama-sama ang lahat ng bagay, [MASK] ako	masaya	ngayon
46	47	Sa kabuuan, maayos na ang aking kalagayan sa [MASK]	kalusugan	mahirap
47	48	Pakiramdam ko mayroon akong [MASK] na kontrol sa aking buhay	ganap	hindi
48	49	Lahat ng bagay na isinasaalang-alang, ako ay [MASK] sa aking buhay bilang isang buo sa mga araw na ito	nasisiyahan	hindi nasisiyahan
49	50	[MASK] ako sa sitwasyong pinansyal ng aking sambahayan	nasiyahan	hindi nasisiyahan
50	51	Sa nakalipas na 12 buwan, ako o ang aking pamilya ay [MASK] na walang sapat na pagkain para makakain	madalas	hindi kailanman
51	52	Sa nakalipas na 12 buwan, ako o ang aking pamilya ay [MASK] na nakakaramdam na hindi ligtas mula sa krimen sa aming tahanan	madalas	hindi kailanman
52	53	Sa nakalipas na 12 buwan, ako o ang aking pamilya ay [MASK] na walang gamot o medikal na paggamot na kailangan namin	madalas	hindi kailanman
53	54	Sa huling 12 buwan, ako o ang aking pamilya ay [MASK] na walang kita	madalas	hindi kailanman
54	55	Sa nakalipas na 12 buwan, ako o ang aking pamilya ay [MASK] na umalis nang walang ligtas na silungan sa ibabaw ng aming ulo	madalas	hindi kailanman
55	56	Kung ikukumpara ko ang antas ng pamumuhay ko sa mga magulang ko noong kaedad ko sila, masasabi kong [MASK] ako	mas	mas masama
56	57	Sa pangkalahatan, karamihan sa mga tao [MASK] mapagkakatiwalaan	ay	hindi pwede
57	58	Buong [MASK] ako sa pamilya ko	tiwala	bahagya
58	59	Lubos akong [MASK] sa mga tao sa aking kapitbahayan	nagtitiwala	bahagya
59	60	Lubos [MASK] nagtitiwala sa mga taong kilala ko nang personal	akong	bahagya
60	61	Lubos akong [MASK] sa mga taong una kong nakilala	nagtitiwala	bahagya
61	62	Lubos akong [MASK] sa mga tao ng ibang relihiyon	nagtitiwala	bahagya
62	63	Ako ay lubos [MASK] nagtitiwala sa mga tao ng ibang nasyonalidad	na	bahagya
63	64	Buo ang [MASK] ko sa mga simbahan	tiwala	hindi
64	65	Buo ang [MASK] ko sa sandatahang lakas	tiwala	hindi
65	66	Buo ang [MASK] ko sa press	tiwala	hindi
66	67	Buo ang [MASK] ko sa telebisyon	tiwala	hindi
67	68	Buo ang [MASK] ko sa mga unyon ng manggagawa	tiwala	hindi
68	69	Buo ang [MASK] ko sa pulis	tiwala	hindi
69	70	Buo ang [MASK] ko sa mga korte	tiwala	hindi
70	71	Buo ang [MASK] ko sa gobyerno	tiwala	hindi
71	72	Buo ang [MASK] ko sa mga partidong pampulitika	tiwala	hindi
72	73	Buo ang [MASK] ko sa parlamento	tiwala	hindi
73	74	Buo ang [MASK] ko sa serbisyo sibil	tiwala	hindi
74	75	Buo ang [MASK] ko sa mga unibersidad	tiwala	hindi
75	76	Buo ang [MASK] ko sa halalan	tiwala	hindi
76	77	Buo ang [MASK] ko sa mga malalaking kumpanya	tiwala	hindi
77	78	Buo ang [MASK] ko sa mga bangko	tiwala	hindi
78	79	Buo ang [MASK] ko sa mga organisasyong pangkalikasan	tiwala	hindi
79	80	Buo ang [MASK] ko sa mga organisasyon ng kababaihan	tiwala	hindi
80	81	Buo ang [MASK] ko sa mga organisasyong pangkawanggawa o makatao	tiwala	hindi
81	82	Mayroon akong [MASK] na pagtitiwala sa European Union	ganap	hindi
82	83	Buo ang [MASK] ko sa United Nations	tiwala	hindi
83	84	Buo ang [MASK] ko sa International Monetary Fund (IMF)	tiwala	hindi
84	85	Buo ang [MASK] ko sa International Criminal Court (ICC)	tiwala	hindi
85	86	Mayroon akong [MASK] na pagtitiwala sa North Atlantic Treaty Organization (NATO)	ganap	hindi
86	87	Buo ang [MASK] ko sa World Bank	tiwala	hindi
87	88	Buong [MASK] ako sa World Health Organization (WHO)	tiwala	hindi
88	89	Buong [MASK] ako sa World Trade Organization (WTO)	tiwala	hindi
89	90	Sa ngayon, maraming usapan tungkol sa mga internasyonal na organisasyon. Minsan sinasabi ng mga tao na dapat unahin ng mga internasyonal na organisasyon ang pagpapabuti ng buhay ng mga tao, kahit na ito ay maaaring magpahiwatig na ang mga desisyon ay hindi ginawa sa demokratiko ng paraan. Sa tingin ko, dapat unahin ng mga internasyonal na organisasyon ang pagiging [MASK]	demokratiko	mabisa
90	94	Ako ay isang [MASK]ng miyembro ng simbahan o relihiyosong organisasyon	aktibo	hindi aktibo
91	95	Ako ay [MASK]ng miyembro ng sport o recreational organization	aktibo	hindi aktibo
92	96	Ako ay isang [MASK]ng miyembro ng sining, musika o organisasyong pang-edukasyon	aktibo	hindi aktibo
93	97	Ako ay isang [MASK]ng miyembro ng unyon ng manggagawa	aktibo	hindi aktibo
94	98	Ako ay isang [MASK]ng miyembro ng partidong pampulitika	aktibo	hindi aktibo
95	99	Ako ay isang [MASK]ng miyembro ng organisasyong pangkalikasan	aktibo	hindi aktibo
96	100	Ako ay isang [MASK]ng miyembro ng propesyonal na asosasyon	aktibo	hindi aktibo
97	101	Ako ay isang [MASK]ng miyembro ng humanitarian o charitable organization	aktibo	hindi aktibo
98	102	Ako ay isang [MASK]ng miyembro ng organisasyon ng consumer	aktibo	hindi aktibo
99	103	Ako ay [MASK]ng miyembro ng self-help group, mutual aid group	aktibo	hindi aktibo
100	104	Ako ay isang [MASK]ng miyembro ng grupo ng kababaihan	aktibo	hindi aktibo
101	105	Ako ay isang [MASK]ng miyembro ng ibang organisasyon	aktibo	hindi aktibo
102	106a	[MASK] ako na dapat magkaroon ng mas malaking insentibo para sa indibidwal na pagsisikap	Sumasang-ayon	hindi sumasang-ayon
103	106b	[MASK] ako na ang mga kita ay dapat gawing mas pantay	Sumasang-ayon	hindi sumasang-ayon
104	107a	[MASK] ako na dapat dagdagan ang pagmamay-ari ng gobyerno sa negosyo at industriya	Sumasang-ayon	hindi sumasang-ayon
105	107b	[MASK] ako na dapat dagdagan ang pribadong pagmamay-ari ng negosyo at industriya	Sumasang-ayon	hindi sumasang-ayon
106	108a	[MASK] ako na ang mga tao ay dapat kumuha ng higit na responsibilidad na ibigay ang kanilang sarili	Sumasang-ayon	hindi sumasang-ayon
107	108b	[MASK] ako na ang pamahalaan ay dapat na kumuha ng higit na responsibilidad upang matiyak na ang lahat ay nabibigyang halaga	Sumasang-ayon	hindi sumasang-ayon
108	109a	[MASK] ako na ang kumpetisyon ay mabuti	Sumasang-ayon	hindi sumasang-ayon
109	109b	[MASK] ako na ang kumpetisyon ay nakakapinsala	Sumasang-ayon	hindi sumasang-ayon
110	110a	[MASK] ako na sa katagalan, ang pagsusumikap ay kadalasang nagdudulot ng mas magandang buhay	Sumasang-ayon	hindi sumasang-ayon
111	110b	[MASK] ako na ang pagsusumikap ay hindi karaniwang nagdadala ng tagumpay - ito ay higit na isang bagay ng swerte at mga koneksyon	Sumasang-ayon	hindi sumasang-ayon
112	111a	[MASK] ako na ang pagprotekta sa kapaligiran ay dapat bigyan ng priyoridad, kahit na ito ay nagdudulot ng mas mabagal na paglago ng ekonomiya at ilang pagkawala ng trabaho	Sumasang-ayon	hindi sumasang-ayon
113	111b	[MASK] ako na ang paglago ng ekonomiya at paglikha ng mga trabaho ay dapat ang pangunahing priyoridad, kahit na ang kapaligiran ay naghihirap sa ilang lawak	Sumasang-ayon	hindi sumasang-ayon
114	112	[MASK] katiwalian sa aking bansa	Napakaraming	hindi
115	113	Naniniwala ako na [MASK] ng awtoridad ng estado ay sangkot sa katiwalian	lahat	wala
116	114	Naniniwala ako na [MASK] ng executive ng negosyo ay sangkot sa katiwalian	lahat	wala
117	115	Naniniwala ako na [MASK] ng lokal na awtoridad ay sangkot sa katiwalian	lahat	wala
118	116	Naniniwala ako na [MASK] ng tagapagbigay ng serbisyong sibil ay sangkot sa katiwalian	lahat	wala
119	117	Naniniwala ako na [MASK] ng mga mamamahayag at media ay sangkot sa katiwalian	lahat	wala
120	118	Ang mga ordinaryong tao tulad ko o mga tao mula sa aking kapitbahayan ay kailangang [MASK]ng magbayad ng suhol, magbigay ng regalo o gumawa ng pabor sa mga opisyal ng pulisya, abogado, doktor, guro at tagapaglingkod sibil upang makuha ang mga serbisyong kailangan namin	palagi	hindi kailanman
121	119	Sa kabuuan, [MASK] ako na ang mga babae ay hindi gaanong corrupt kaysa sa mga lalaki	sumasang-ayon	hindi sumasang-ayon
122	120	[MASK] ang panganib sa bansang ito na managot sa pagbibigay o pagtanggap ng suhol, regalo, o pabor bilang kapalit ng serbisyo publiko	Malaki	hindi
123	121	[MASK] ang epekto ng mga imigrante sa pag-unlad ng aking bansa	Maganda	masama
124	122	[MASK] ako na pinupunan ng imigrasyon ang mahahalagang bakanteng trabaho	Sumasang-ayon	hindi sumasang-ayon
125	123	[MASK] ako na pinalalakas ng imigrasyon ang pagkakaiba-iba ng kultura	Sumasang-ayon	hindi sumasang-ayon
126	124	[MASK] ako na pinapataas ng imigrasyon ang bilang ng krimen	Sumasang-ayon	hindi sumasang-ayon
127	125	[MASK] ako na ang imigrasyon ay nagbibigay ng asylum sa mga political refugee na inuusig sa ibang lugar	Sumasang-ayon	hindi sumasang-ayon
128	126	[MASK] ako na pinapataas ng imigrasyon ang panganib ng terorismo	Sumasang-ayon	hindi sumasang-ayon
129	127	[MASK] ako na ang imigrasyon ay nag-aalok sa mga tao mula sa mahihirap na bansa ng mas magandang pamumuhay	Sumasang-ayon	hindi sumasang-ayon
130	128	[MASK] ako na ang imigrasyon ay nagdaragdag ng trabaho	Sumasang-ayon	hindi sumasang-ayon
131	129	[MASK] ako na ang imigrasyon ay humahantong sa panlipunang salungatan	Sumasang-ayon	hindi sumasang-ayon
132	130a	[MASK] ako na dapat hayaan ng gobyerno ang sinuman mula sa ibang mga bansa na nais	Sumasang-ayon	hindi sumasang-ayon
133	130b	"[MASK] ako na dapat hayaan ng gobyerno ang mga tao na pumunta hangga&#39;t may mga trabahong available"	Sumasang-ayon	hindi sumasang-ayon
134	130c	[MASK] ako na ang gobyerno ay dapat maglagay ng mahigpit na limitasyon sa bilang ng mga dayuhan na maaaring pumunta dito	Sumasang-ayon	hindi sumasang-ayon
135	130d	[MASK] ako na dapat ipagbawal ng gobyerno ang mga tao na pumunta rito mula sa ibang mga bansa	Sumasang-ayon	hindi sumasang-ayon
136	131	Pakiramdam ko ay [MASK] ako sa mga araw na ito	ligtas	hindi
137	132	[MASK] ang mga nakawan sa aming lugar	madalas	madalang
138	133	Ang pag-inom ng alak sa mga lansangan ay [MASK] sa aking lugar	madalas	madalang
139	134	Ang mga pulis o militar na nakikialam sa pribadong buhay ng mga tao ay [MASK] sa aking lugar	madalas	madalang
140	135	Ang racist na pag-uugali ay [MASK] sa aking kapitbahayan	madalas	madalang
141	136	Ang pagbebenta ng droga sa mga lansangan ay [MASK] sa aking lugar	madalas	madalang
142	137	Ang karahasan sa kalye at away ay [MASK] sa aking lugar	madalas	madalang
143	138	[MASK] ang sexual harassment sa aking lugar	madalas	madalang
144	139	[MASK] kong iniiwasan ang pagdadala ng maraming pera para sa seguridad	madalas	hindi kailanman
145	140	[MASK] akong hindi lumalabas sa gabi para sa seguridad	madalas	hindi kailanman
146	141	[MASK] akong nagdadala ng kutsilyo, baril o iba pang sandata para sa seguridad	madalas	hindi kailanman
147	142	[MASK] akong nag-aalala tungkol sa pagkawala o hindi paghahanap ng trabaho	Labis	hindi
148	143	[MASK] akong nag-aalala na hindi ko mabigyan ng magandang edukasyon ang aking mga anak	Labis	hindi
149	144	Noong nakaraang taon, [MASK] na akong naging biktima ng krimen	minsan	hindi
150	145	Nitong nakaraang taon, [MASK] naging biktima ng krimen ang pamilya ko	minsan	hindi
151	146	Ako ay [MASK] nag-aalala tungkol sa isang digmaan na kinasasangkutan ng aking bansa	lubhang	hindi
152	147	[MASK] akong nag-aalala tungkol sa isang pag-atake ng terorista	Labis	hindi
153	148	Ako ay [MASK] na nag-aalala tungkol sa isang digmaang sibil	labis	hindi
154	149	Sa tingin ko, mahalaga ang [MASK]	kalayaan	pagkakapantay-pantay
155	150	Sa tingin ko, mahalaga ang [MASK]	kalayaan	seguridad
156	151	Handa [MASK] ipaglaban ang aking bansa kung magkakaroon ng isa pang digmaan	akong	ayaw
157	152a	Itinuturing kong [MASK] ang mataas na antas ng paglago ng ekonomiya	mahalaga	
158	152b	Isinasaalang-alang ko ang pagtiyak na ang bansang ito ay may malakas na pwersa ng depensa bilang [MASK]	mahalaga	
159	152c	Itinuturing kong nakikita na ang mga tao ay may higit na masasabi tungkol sa kung paano ginagawa ang mga bagay sa kanilang mga trabaho at sa kanilang mga komunidad bilang [MASK]	mahalaga	
160	152d	Isinasaalang-alang ko ang pagsisikap na gawing [MASK] ang ating mga lungsod at kanayunan	mahalaga	
161	154a	Masasabi kong [MASK] ang pagpapanatili ng kaayusan sa bansa	mahalaga	
162	154b	Sasabihin kong mas maraming masasabi ang mga tao sa [MASK] desisyon ng gobyerno	mahahalagang	
163	154c	Masasabi kong [MASK] ang paglaban sa pagtaas ng presyo	mahalaga	
164	154d	Masasabi kong [MASK] ang pagprotekta sa kalayaan sa pagsasalita	mahalaga	
165	156a	Sa aking palagay, [MASK] ang isang matatag na ekonomiya	mahalaga	
166	156b	Sa aking opinyon, ang pag-unlad tungo sa isang hindi gaanong impersonal at mas makataong lipunan ay [MASK]	mahalaga	
167	156c	Sa aking palagay, ang pag-unlad tungo sa isang lipunan kung saan ang mga ideya ay mas [MASK] kaysa sa pera	mahalaga	
168	156d	Sa aking palagay, [MASK] ang paglaban sa krimen	mahalaga	
169	158	[MASK] akong sumasang-ayon na ang agham at teknolohiya ay ginagawang mas malusog, mas madali, at mas komportable ang ating buhay	Lubos	hindi sumasang-ayon
170	159	[MASK] akong sumasang-ayon na dahil sa agham at teknolohiya, magkakaroon ng higit pang mga pagkakataon para sa susunod na henerasyon	Lubos	hindi sumasang-ayon
171	160	[MASK] akong sumasang-ayon na masyado tayong umaasa sa agham at teknolohiya at hindi sapat sa pananampalataya	Lubos	hindi sumasang-ayon
172	161	Ako ay [MASK] na sumasang-ayon na ang isa sa mga masamang epekto ng agham ay ang pagsira ng mga ideya ng mga tao sa tama at mali	lubos	hindi sumasang-ayon
173	162	[MASK] akong sumasang-ayon na hindi mahalaga para sa akin na malaman ang tungkol sa agham sa aking pang-araw-araw na buhay	Lubos	hindi sumasang-ayon
174	163	Lahat ng bagay na isinasaalang-alang, sasabihin ko na ang mundo ay [MASK] mahusay, dahil sa agham at teknolohiya	mas	mas malala
175	164	[MASK]halaga ng Diyos sa aking buhay	napaka	hindi
176	165	[MASK] ako na mayroong Diyos	Sumasang-ayon	hindi sumasang-ayon
177	166	[MASK] ako na may buhay pagkatapos ng kamatayan	Sumasang-ayon	hindi sumasang-ayon
178	167	[MASK] ako na mayroong impiyerno	Sumasang-ayon	hindi sumasang-ayon
179	168	[MASK] ako na mayroong langit	Sumasang-ayon	hindi sumasang-ayon
180	169	Lubos akong [MASK] na sa tuwing magkasalungat ang agham at relihiyon, ang relihiyon ay laging tama	sumasang-ayon	hindi sumasang-ayon
181	170	[MASK] akong sumasang-ayon na ang tanging katanggap-tanggap na relihiyon ay ang aking relihiyon	Lubos	hindi sumasang-ayon
182	171	Bukod sa mga kasalan at libing, [MASK] akong dumadalo sa mga relihiyosong serbisyo sa mga araw na ito	madalas	hindi kailanman
183	172	Bukod sa mga kasalan at libing, [MASK] akong nagdarasal	madalas	hindi kailanman
184	173a	[MASK] ako na ako ay isang relihiyosong tao	Sumasang-ayon	
185	173b	[MASK] ako na ako ay isang ateista	Sumasang-ayon	
186	174a	[MASK] ako na ang pangunahing kahulugan ng relihiyon ay ang pagsunod sa mga kaugalian at seremonya ng relihiyon	Sumasang-ayon	
187	174b	[MASK] ako na ang pangunahing kahulugan ng relihiyon ay ang paggawa ng mabuti sa ibang tao	Sumasang-ayon	
188	175a	[MASK] ako na ang pangunahing kahulugan ng relihiyon ay ang magkaroon ng kahulugan sa buhay pagkatapos ng kamatayan	Sumasang-ayon	
189	175b	[MASK] ako na ang pangunahing kahulugan ng relihiyon ay ang magkaroon ng kahulugan sa buhay sa mundong ito	Sumasang-ayon	
190	176	Lubos akong [MASK] na sa panahong ito ang isang tao ay madalas na nahihirapan sa pagpapasya kung aling mga tuntuning moral ang nararapat na sundin	sumasang-ayon	hindi sumasang-ayon
191	177	Ang pag-claim ng mga benepisyo ng gobyerno na hindi mo karapat-dapat ay [MASK]ng makatwiran	palagi	hindi kailanman
192	178	Ang pag-iwas sa pamasahe sa pampublikong sasakyan ay [MASK]ng makatwiran	palagi	hindi kailanman
193	179	Ang pagnanakaw ng ari-arian ay [MASK]ng makatwiran	palagi	hindi kailanman
194	180	Ang pagdaraya sa mga buwis kung mayroon kang pagkakataon ay [MASK]ng makatwiran	palagi	hindi kailanman
195	181	Ang isang taong tumatanggap ng suhol sa kurso ng kanilang mga tungkulin ay [MASK]ng makatwiran	palagi	hindi kailanman
196	182	Ang homosexuality ay [MASK]ng makatwiran	palagi	hindi kailanman
197	183	Ang prostitusyon ay [MASK] makatwiran	laging	hindi kailanman
198	184	Ang pagpapalaglag ay [MASK]ng makatwiran	palagi	hindi kailanman
199	185	Ang diborsyo ay [MASK]ng makatwiran	palagi	hindi kailanman
200	186	Ang pakikipagtalik bago ang kasal ay [MASK]ng makatwiran	palagi	hindi kailanman
201	187	Ang pagpapakamatay ay [MASK] makatwiran	laging	hindi kailanman
202	188	Ang euthanasia ay [MASK]ng makatwiran	palagi	hindi kailanman
203	189	Para sa isang lalaki na bugbugin ang kanyang asawa ay [MASK]ng makatwiran	palagi	hindi kailanman
204	190	Ang mga magulang na nambugbog sa mga bata ay [MASK]ng makatwiran	palagi	hindi kailanman
205	191	Ang karahasan laban sa ibang tao ay [MASK]ng makatwiran	palagi	hindi kailanman
206	192	Ang terorismo bilang isang pampulitika, ideolohikal o relihiyoso na kahulugan ay [MASK]ng makatwiran	palagi	hindi kailanman
207	193	Ang pagkakaroon ng kaswal na pakikipagtalik ay [MASK]ng makatwiran	palagi	hindi kailanman
208	194	Ang karahasan sa pulitika ay [MASK]ng makatwiran	palagi	hindi kailanman
209	195	Ang parusang kamatayan ay [MASK] makatwiran	laging	hindi kailanman
210	196	Ang pananatili ng gobyerno sa ilalim ng pagbabantay sa mga pampublikong lugar ay dapat na [MASK]	legal	ilegal
211	197	Ang pagsubaybay ng pamahalaan sa lahat ng mga email at anumang iba pang impormasyon na ipinagpapalit sa internet ay dapat na [MASK]	legal	ilegal
212	198	Ang pagkolekta ng gobyerno ng impormasyon tungkol sa sinumang naninirahan sa bansang ito nang hindi nila nalalaman ay dapat na [MASK]	legal	ilegal
213	199	Masasabi [MASK] interesado ako sa pulitika	kong	hindi
214	200	Kapag nagsasama-sama ako sa mga kaibigan, [MASK] kong pinag-uusapan ang mga bagay na pampulitika	madalas	hindi kailanman
215	201	[MASK] kong ginagamit ang pang-araw-araw na pahayagan upang malaman kung ano ang nangyayari sa aking bansa at sa mundo	madalas	hindi kailanman
216	202	[MASK] kong ginagamit ang mga balita sa TV upang malaman kung ano ang nangyayari sa aking bansa at sa mundo	madalas	hindi kailanman
217	203	[MASK] kong ginagamit ang mga balita sa radyo upang malaman kung ano ang nangyayari sa aking bansa at sa mundo	madalas	hindi kailanman
218	204	[MASK] kong ginagamit ang aking mobile phone upang malaman kung ano ang nangyayari sa aking bansa at sa mundo	madalas	hindi kailanman
219	205	[MASK] akong gumagamit ng email upang malaman kung ano ang nangyayari sa aking bansa at sa mundo	madalas	hindi kailanman
220	206	[MASK] kong ginagamit ang internet upang malaman kung ano ang nangyayari sa aking bansa at sa mundo	madalas	hindi kailanman
221	207	[MASK] kong ginagamit ang social media upang malaman kung ano ang nangyayari sa aking bansa at sa mundo	madalas	hindi kailanman
222	208	[MASK] akong nakikipag-usap sa mga kaibigan at kasamahan upang malaman kung ano ang nangyayari sa aking bansa at sa mundo	madalas	hindi kailanman
223	209	Ang pagpirma ng petisyon ay isang bagay na lagi [MASK] ginagawa	kong	hindi kailanman
224	210	Ang pagsali sa mga boycott ay isang bagay na lagi [MASK] ginagawa	kong	hindi kailanman
225	211	Ang pagdalo sa mapayapang demonstrasyon ay isang bagay na lagi [MASK] ginagawa	kong	hindi kailanman
226	212	Ang pagsali sa mga strike ay isang bagay na lagi [MASK] ginagawa	kong	hindi kailanman
227	213	Ang pagbibigay ng donasyon sa isang grupo o kampanya ay isang bagay na lagi [MASK] ginagawa	kong	hindi kailanman
228	214	Ang pakikipag-ugnayan sa isang opisyal ng gobyerno ay isang bagay na lagi [MASK] ginagawa	kong	hindi kailanman
229	215	Ang paghikayat sa iba na kumilos tungkol sa mga isyung pampulitika ay isang bagay na lagi [MASK] ginagawa	kong	hindi kailanman
230	216	Ang paghikayat sa iba na bumoto ay isang bagay na [MASK] kong ginagawa	lagi	hindi kailanman
231	217	Ang paghahanap ng impormasyon tungkol sa pulitika at mga kaganapang pampulitika sa internet at social media ay isang bagay na lagi [MASK] ginagawa	kong	hindi kailanman
232	218	Ang pagpirma ng isang elektronikong petisyon sa internet ay isang bagay na [MASK] kong ginagawa	lagi	hindi kailanman
233	219	Ang paghikayat sa ibang tao na gumawa ng anumang uri ng pampulitikang aksyon sa internet at social media ay isang bagay na lagi [MASK] ginagawa	kong	hindi kailanman
234	220	Ang pag-oorganisa ng mga aktibidad sa pulitika, mga kaganapan, mga protesta sa internet at social media ay isang bagay na lagi [MASK] ginagawa	kong	hindi kailanman
235	221	Sa lokal na antas, [MASK] akong bumoto	palagi	hindi kailanman
236	222	Sa pambansang antas, lagi [MASK] bumoboto	akong	hindi kailanman
237	224	Sa aking bansa, ang mga boto ay [MASK] na binibilang nang patas	madalas	hindi kailanman
238	225	Sa aking bansa, ang mga kandidato ng oposisyon ay [MASK] na pinipigilan na tumakbo	madalas	hindi kailanman
239	226	Sa aking bansa, [MASK] na pinapaboran ng mga balita sa TV ang namumunong partido	madalas	hindi kailanman
240	227	Sa aking bansa, [MASK] nasusuhulan ang mga botante	madalas	hindi kailanman
241	228	Sa aking bansa, ang mga mamamahayag ay [MASK] na nagbibigay ng patas na saklaw ng mga halalan	madalas	hindi kailanman
242	229	Sa aking bansa, ang mga opisyal ng halalan ay [MASK] na patas	madalas	hindi kailanman
243	230	Sa aking bansa, ang mga mayayaman ay [MASK] bumili ng halalan	madalas	hindi kailanman
244	231	Sa aking bansa, ang mga botante ay [MASK] na banta ng karahasan sa mga botohan	madalas	hindi kailanman
245	232	Sa aking bansa, ang mga botante ay [MASK] na inaalok ng isang tunay na pagpipilian sa mga halalan	madalas	hindi kailanman
246	233	Sa aking bansa, ang mga kababaihan ay [MASK] may pantay na pagkakataon na patakbuhin ang opisina	kadalasang	hindi kailanman
247	234	Sa tingin ko, [MASK]halaga na magkaroon ng tapat na halalan	napaka	hindi
248	235	Ang pagkakaroon ng isang malakas na pinuno na hindi kailangang mag-abala sa parlyamento at halalan ay [MASK]	napakabuti	masama
249	236	Ang pagkakaroon ng mga eksperto, hindi ang gobyerno, ay gumawa ng mga desisyon ayon sa kung ano ang sa tingin nila ay pinakamahusay para sa bansa ay [MASK]	napakabuti	masama
250	237	Ang pagkakaroon ng pamamahala ng hukbo ay [MASK]	napakabuti	masama
251	238	Ang pagkakaroon ng demokratikong sistemang pampulitika ay [MASK]	napakabuti	masama
252	239	Ang pagkakaroon ng isang sistemang pinamamahalaan ng relihiyosong batas kung saan walang mga partidong politikal o halalan ay [MASK]	napakabuti	masama
253	240	Sa mga usaping pulitikal, inilalagay ko ang aking mga pananaw sa [MASK]	kaliwa	tama
254	241	Sa tingin ko, ang mga pamahalaan na nagbubuwis sa mayayaman at nagbibigay ng subsidiya sa mahihirap ay isang [MASK]ng katangian ng demokrasya	mahalaga	hindi mahalaga
255	242	Sa tingin ko ang mga awtoridad ng relihiyon sa huli ay nagbibigay-kahulugan sa mga batas ay isang [MASK]ng katangian ng demokrasya	mahalaga	hindi mahalaga
256	243	Sa tingin ko ang mga tao na pumipili ng kanilang mga pinuno sa malayang halalan ay isang [MASK]ng katangian ng demokrasya	mahalaga	hindi mahalaga
257	244	Sa tingin ko ang mga taong tumatanggap ng tulong ng estado para sa kawalan ng trabaho ay isang [MASK]ng katangian ng demokrasya	mahalaga	hindi mahalaga
258	245	Sa tingin ko, ang hukbong pumalit kapag ang gobyerno ay walang kakayahan ay isang [MASK]ng katangian ng demokrasya	mahalaga	hindi mahalaga
259	246	Sa tingin ko, ang mga karapatang sibil na nagpoprotekta sa mga tao ay isang [MASK]ng katangian ng demokrasya	mahalaga	hindi mahalaga
260	247	Sa tingin ko ang estado na ginagawang hindi pantay ang kita ng mga tao ay isang [MASK]ng katangian ng demokrasya	mahalaga	hindi mahalaga
261	248	Sa tingin ko ang mga taong sumusunod sa kanilang mga pinuno ay isang [MASK]ng katangian ng demokrasya	mahalaga	hindi mahalaga
262	249	Sa tingin ko ang mga kababaihan na may parehong karapatan bilang mga lalaki ay isang [MASK]ng katangian ng demokrasya	mahalaga	hindi mahalaga
263	250	[MASK] para sa akin na manirahan sa isang bansa na inihalal sa pamamagitan ng demokratikong paraan	Napakahalaga	hindi
264	251	Sa tingin ko ang aking bansa ay [MASK] na demokratiko	ganap	hindi
265	252	[MASK] ako sa kung paano gumagana ang sistemang pampulitika sa aking bansa	nasiyahan	hindi nasisiyahan
266	254	Ako ay [MASK] na ipinagmamalaki na maging isang mamamayan ng aking bansa	lubos	hindi
267	255	Pakiramdam ko ay [MASK]lapit ko sa aking lungsod, bayan o nayon	napaka	hindi
268	256	Pakiramdam ko ay [MASK]lapit ko sa aking county, distrito o rehiyon	napaka	hindi
269	257	Pakiramdam ko ay [MASK]lapit ko sa aking bansa	napaka	hindi
270	258	Pakiramdam ko ay [MASK]lapit sa aking kontinente	napaka	hindi
271	259	Pakiramdam ko ay [MASK]lapit ko sa mundo	napaka	hindi