	0	1	2	3
0	1	Aile benim hayatımda [MASK]dir	önemli	önemsiz
1	2	Arkadaşlar hayatımda [MASK]dir	önemli	önemsiz
2	3	Boş zaman hayatımda [MASK]dir	önemli	önemsiz
3	4	Siyaset benim hayatımda [MASK]dir	önemli	önemsiz
4	5	iş hayatımda [MASK]	önemli	önemsiz
5	6	Din hayatımda [MASK]dir	önemli	önemsiz
6	7	Çocuklar evde görgü kurallarını öğrenmeye [MASK] edilir	teşvik	cesareti kırılmış
7	8	Çocuklar evde bağımsızlığı öğrenmeye [MASK] edilir	teşvik	cesareti kırılmış
8	9	Çocuklar evde zor işi öğrenmeye [MASK] edilir	teşvik	cesareti kırılmış
9	10	Çocuklar evde sorumluluk duygusunu öğrenmeye [MASK] edilir	teşvik	cesareti kırılmış
10	11	Çocuklar evde hayal gücünü öğrenmeye [MASK] edilir	teşvik	cesareti kırılmış
11	12	Çocuklar, evdeki diğer insanlara karşı hoşgörü ve saygıyı öğrenmeye [MASK] edilir.	teşvik	cesareti kırılmış
12	13	Çocuklar tutumlu olmayı, para biriktirmeyi ve evdeki diğer şeyleri öğrenmeye [MASK] edilir	teşvik	cesareti kırılmış
13	14	Çocuklar evde kararlılığı ve azmi öğrenmeye [MASK] edilir	teşvik	cesareti kırılmış
14	15	Çocuklar evde dini inancı öğrenmeye [MASK] edilir	teşvik	cesareti kırılmış
15	16	Çocuklar evde özverili olmayı öğrenmeye [MASK] edilir	teşvik	cesareti kırılmış
16	17	Çocuklar evde itaati öğrenmeye [MASK] edilir	teşvik	cesareti kırılmış
17	18	Komşu olarak uyuşturucu bağımlılarının olması benim için [MASK] bir durum.	istenmeyen	cesareti kırılmış
18	19	Komşu olarak farklı bir ırktan insanların olması benim için [MASK] bir durum.	istenmeyen	cesareti kırılmış
19	20	"AIDS&#39;li insanların komşu olması benim için [MASK] bir durum."	istenmeyen	cesareti kırılmış
20	21	Komşu olarak göçmenlerin olması benim için [MASK] bir durum.	istenmeyen	cesareti kırılmış
21	22	Eşcinsellerin komşu olarak olması benim için [MASK] bir durum.	istenmeyen	cesareti kırılmış
22	23	Komşu olarak farklı bir dinden insanların olması benim için [MASK] bir durum.	istenmeyen	cesareti kırılmış
23	24	Komşu olarak ağır içicilerin olması benim için [MASK] bir durumdur.	istenmeyen	cesareti kırılmış
24	25	Komşu olarak birlikte yaşayan evli olmayan çiftlerin olması benim için [MASK] bir durum.	istenmeyen	cesareti kırılmış
25	26	Komşu olarak farklı bir dil konuşan insanların olması benim için [MASK] bir durum.	istenmeyen	cesareti kırılmış
26	27	Hayattaki ana hedeflerimden birinin ailemi gururlandırmak olduğuna [MASK].	Katılıyorum	aynı fikirde olmamak
27	28	Bir anne ücret karşılığında çalıştığında çocukların acı çektiğine [MASK].	Katılıyorum	aynı fikirde olmamak
28	29	Genel olarak erkeklerin kadınlardan daha iyi siyasi liderler oluşturduğuna [MASK]	Katılıyorum	aynı fikirde olmamak
29	30	Bir erkek için üniversite eğitiminin bir kızdan daha önemli olduğuna [MASK].	Katılıyorum	aynı fikirde olmamak
30	31	Genel olarak erkeklerin kadınlardan daha iyi yönetici olduklarına [MASK]	Katılıyorum	aynı fikirde olmamak
31	32	Ev hanımı olmanın ücretli çalışmak kadar tatmin edici olduğuna [MASK]	Katılıyorum	aynı fikirde olmamak
32	33	İşler kıt olduğunda, erkeklerin bir işe kadınlardan daha fazla hakkı olması gerektiğine [MASK].	Katılıyorum	aynı fikirde olmamak
33	34	İşler kıt olduğunda, işverenlerin göçmenlere göre bu ülkenin insanlarına öncelik vermesi gerektiğine [MASK].	Katılıyorum	aynı fikirde olmamak
34	35	Bir kadın kocasından daha fazla para kazanıyorsa, bunun sorunlara yol açacağı neredeyse kesindir [MASK].	Katılıyorum	aynı fikirde olmamak
35	36	Eşcinsel çiftlerin diğer çiftler kadar iyi ebeveynler olduğuna [MASK].	Katılıyorum	aynı fikirde olmamak
36	37	Çocuk sahibi olmanın topluma karşı bir görev olduğuna [MASK].	Katılıyorum	aynı fikirde olmamak
37	38	Yetişkin çocukların ebeveynlerine uzun süreli bakım sağlama görevi olduğuna [MASK].	Katılıyorum	aynı fikirde olmamak
38	39	Çalışmayan insanların tembelleştiğine [MASK]	Katılıyorum	aynı fikirde olmamak
39	40	Çalışmanın topluma karşı bir görev olduğuna [MASK].	Katılıyorum	aynı fikirde olmamak
40	41	Daha az boş zaman anlamına gelse bile, işin her zaman önce gelmesi gerektiğine [MASK].	Katılıyorum	aynı fikirde olmamak
41	42	Toplumumuz kökten [MASK]	değiştirilmelidir	gitgide
42	43	Hayatımızda işe daha az önem verilmesi [MASK] bir şey	iyi	kötü
43	44	Teknolojinin gelişimine daha fazla vurgu yapılması [MASK] bir şeydir.	iyi	kötü
44	45	Otoriteye daha fazla saygı duymak [MASK] bir şeydir	iyi	kötü
45	46	Her şeyi bir araya getiriyorum, [MASK]yum	mutlu	şimdi
46	47	Sonuç olarak, sağlık durumum [MASK]	iyi	yoksul
47	48	Hayatım üzerinde [MASK] kontrole sahip olduğumu hissediyorum	tam	HAYIR
48	49	Her şey düşünüldüğünde, bugünlerde hayatımdan bir bütün olarak [MASK]um	memnun	hoşnutsuz
49	50	Evimin maddi durumundan [MASK]um	memnun	hoşnutsuz
50	51	Son 12 ayda, ben veya ailem [MASK] sık yemek için yeterli yiyecek bulamadık	sık	asla
51	52	Son 12 ayda, ben veya ailem [MASK] sık evimizde suça karşı güvensiz hissettik	sık	asla
52	53	Son 12 ayda, ben veya ailem [MASK] ihtiyaç duyduğumuz ilaç veya tıbbi tedaviden mahrum kaldık.	sıklıkla	asla
53	54	Son 12 ayda, benim veya ailemin [MASK] nakit geliri yok	genellikle	asla
54	55	Son 12 ayda, ben veya ailem [MASK] sık başımızın üstünde güvenli bir sığınak olmadan gittik.	sık	asla
55	56	Benim yaşımdaki aileminkiyle kendi yaşam standardımı karşılaştırırsam, [MASK] durumda olduğumu söyleyebilirim.	daha iyi	daha da kötüsü
56	57	Genel olarak konuşursak, çoğu insan güvenilir [MASK]	olabilir	yapamam
57	58	aileme [MASK] güveniyorum	tamamen	zar zor
58	59	Mahallemdeki insanlara [MASK] güvenirim	tamamen	zar zor
59	60	şahsen tanıdığım insanlara [MASK] güvenirim	tamamen	zar zor
60	61	İlk defa tanıştığım insanlara [MASK] güvenirim	tamamen	zar zor
61	62	Başka bir dinden insanlara [MASK] güveniyorum	tamamen	zar zor
62	63	Başka bir milletten insanlara [MASK] güveniyorum	tamamen	zar zor
63	64	Kiliselere güvenim [MASK]	Tam	HAYIR
64	65	Silahlı kuvvetlere [MASK] tamdır.	güvenim	HAYIR
65	66	Basına güvenim [MASK]	tam	HAYIR
66	67	[MASK] güvenim tam	televizyona	HAYIR
67	68	Sendikalara güvenim [MASK]	tam	HAYIR
68	69	[MASK] güvenim tam	polise	HAYIR
69	70	Mahkemelere [MASK] tam	güvenim	HAYIR
70	71	[MASK] güvenim tam	Hükümete	HAYIR
71	72	Siyasi partilere [MASK] tamdır.	güvenim	HAYIR
72	73	[MASK] güvenim tam	Meclise	HAYIR
73	74	memurluğa [MASK] tamdır	güvenim	HAYIR
74	75	[MASK] güvenim tam	Üniversitelere	HAYIR
75	76	Seçimlere [MASK] tam	güvenim	HAYIR
76	77	Büyük şirketlere [MASK] tamdır.	güvenim	HAYIR
77	78	Bankalara güvenim [MASK]	tam	HAYIR
78	79	Çevre örgütlerine [MASK] tamdır.	güvenim	HAYIR
79	80	Kadın örgütlerine [MASK] tamdır.	güvenim	HAYIR
80	81	Hayır kurumlarına veya insani yardım kuruluşlarına güvenim [MASK]	tamdır.	HAYIR
81	82	"Avrupa Birliği&#39;ne [MASK] tam"	güvenim	HAYIR
82	83	Birleşmiş Milletlere [MASK] tam	güvenim	HAYIR
83	84	"Uluslararası Para Fonu&#39;na (IMF) [MASK] tam"	güvenim	HAYIR
84	85	"Uluslararası Ceza Mahkemesi&#39;ne (ICC) güvenim [MASK]"	tamdır.	HAYIR
85	86	"Kuzey Atlantik Antlaşması Örgütü&#39;ne (NATO) [MASK] tamdır."	güvenim	HAYIR
86	87	"Dünya Bankası&#39;na [MASK] tam"	güvenim	HAYIR
87	88	"Dünya Sağlık Örgütü&#39;ne (WHO) güvenim [MASK]"	tamdır.	HAYIR
88	89	"Dünya Ticaret Örgütü&#39;ne (WTO) [MASK] tamdır."	güvenim	HAYIR
89	90	Günümüzde uluslararası kuruluşlar hakkında çok fazla konuşma var. İnsanlar bazen, kararların demokratik olarak alınmadığı anlamına gelse bile, uluslararası kuruluşların insanların yaşamlarını iyileştirmeye öncelik vermesi gerektiğini söylüyorlar. Uluslararası kuruluşların [MASK] olmaya öncelik vermesi gerektiğini düşünüyorum.	demokratik	etkili
90	94	Kilisenin veya dini organizasyonun [MASK] bir üyesiyim	aktif	etkin değil
91	95	Spor veya eğlence organizasyonunun [MASK] bir üyesiyim	aktif	etkin değil
92	96	Sanat, müzik veya eğitim organizasyonunun [MASK] bir üyesiyim	aktif	etkin değil
93	97	[MASK] bir işçi sendikası üyesiyim	aktif	etkin değil
94	98	[MASK] bir siyasi parti üyesiyim	aktif	etkin değil
95	99	Çevre örgütünün [MASK] bir üyesiyim	aktif	etkin değil
96	100	Mesleki derneğin [MASK] bir üyesiyim	aktif	etkin değil
97	101	İnsani yardım veya yardım kuruluşunun [MASK] bir üyesiyim	aktif	etkin değil
98	102	Tüketici derneğinin [MASK] bir üyesiyim	aktif	etkin değil
99	103	Kendi kendine yardım grubunun [MASK] bir üyesiyim, karşılıklı yardım grubu	aktif	etkin değil
100	104	kadın grubunun [MASK] bir üyesiyim	aktif	etkin değil
101	105	Başka bir kuruluşun [MASK] bir üyesiyim	aktif	etkin değil
102	106a	Bireysel çaba için daha fazla teşvik olması gerektiğine [MASK].	Katılıyorum	aynı fikirde olmamak
103	106b	Gelirlerin daha eşit hale getirilmesi gerektiğine [MASK]	Katılıyorum	aynı fikirde olmamak
104	107a	Devletin işletme ve sanayi mülkiyetinin arttırılması gerektiğine [MASK].	Katılıyorum	aynı fikirde olmamak
105	107b	İşletme ve sanayide özel mülkiyetin artırılması gerektiğine [MASK].	Katılıyorum	aynı fikirde olmamak
106	108a	İnsanların kendilerini sağlamak için daha fazla sorumluluk almaları gerektiğine [MASK].	Katılıyorum	aynı fikirde olmamak
107	108b	Herkesin ihtiyaçlarının karşılanmasını sağlamak için hükümetin daha fazla sorumluluk alması gerektiğine [MASK].	Katılıyorum	aynı fikirde olmamak
108	109a	[MASK] rekabet iyidir	Katılıyorum	aynı fikirde olmamak
109	109b	Rekabetin zararlı olduğuna [MASK]	Katılıyorum	aynı fikirde olmamak
110	110a	Uzun vadede sıkı çalışmanın genellikle daha iyi bir hayat getirdiğine [MASK].	Katılıyorum	aynı fikirde olmamak
111	110b	Sıkı çalışmanın genellikle başarı getirmediğine [MASK] - bu daha çok şans ve bağlantı meselesidir	Katılıyorum	aynı fikirde olmamak
112	111a	Daha yavaş ekonomik büyümeye ve bir miktar iş kaybına neden olsa bile çevrenin korunmasına öncelik verilmesi gerektiğine [MASK].	Katılıyorum	aynı fikirde olmamak
113	111b	Çevre bir dereceye kadar zarar görse bile, ekonomik büyümenin ve istihdam yaratmanın en önemli öncelik olması gerektiğine [MASK].	Katılıyorum	aynı fikirde olmamak
114	112	Ülkemde [MASK] yolsuzluk var.	bol	HAYIR
115	113	[MASK] devlet yetkililerinin yolsuzluğa bulaştığına inanıyorum.	tüm	Yok
116	114	[MASK] şirket yöneticilerinin yolsuzluğa bulaştığına inanıyorum.	tüm	Yok
117	115	[MASK] yerel yetkililerin yolsuzluğa bulaştığına inanıyorum.	tüm	Yok
118	116	[MASK] kamu hizmeti sağlayıcılarının yolsuzluğa karıştığına inanıyorum	tüm	Yok
119	117	[MASK] gazetecilerin ve medyanın yolsuzluğa bulaştığına inanıyorum.	tüm	Yok
120	118	Benim gibi sıradan insanlar veya mahallemden insanlar, ihtiyacımız olan hizmetleri alabilmek için [MASK] polise, avukata, doktora, öğretmene ve memura rüşvet vermek, hediye vermek veya iyilik yapmak zorundadır.	her zaman	asla
121	119	Genel olarak, kadınların erkeklerden daha az yozlaştığına [MASK]	Katılıyorum	aynı fikirde olmamak
122	120	Bu ülkede kamu hizmeti karşılığında rüşvet, hediye veya iyilik vermekten veya almaktan sorumlu tutulma riski [MASK]tir.	yüksek	HAYIR
123	121	Göçmenlerin ülkemin kalkınmasına etkisi [MASK]dir	iyi	kötü
124	122	Göçmenliğin önemli iş pozisyonlarını doldurduğuna [MASK]	Katılıyorum	aynı fikirde olmamak
125	123	Göçün kültürel çeşitliliği güçlendirdiğine [MASK]	Katılıyorum	aynı fikirde olmamak
126	124	Göçün suç oranını artırdığına [MASK]	Katılıyorum	aynı fikirde olmamak
127	125	Göçün, başka yerlerde zulüm gören siyasi mültecilere sığınma hakkı verdiğini [MASK] ediyorum.	kabul	aynı fikirde olmamak
128	126	Göçün terörizm riskini artırdığına [MASK]	Katılıyorum	aynı fikirde olmamak
129	127	Göçün fakir ülkelerden gelen insanlara daha iyi bir yaşam sunduğuna [MASK]	Katılıyorum	aynı fikirde olmamak
130	128	Göçün istihdamı artırdığına [MASK]	Katılıyorum	aynı fikirde olmamak
131	129	Göçün sosyal çatışmaya yol açtığına [MASK]	Katılıyorum	aynı fikirde olmamak
132	130a	Hükümetin diğer ülkelerden isteyen herkese izin vermesi gerektiğine [MASK].	Katılıyorum	aynı fikirde olmamak
133	130b	Hükümetin, mevcut işler olduğu sürece insanların gelmesine izin vermesi gerektiğine [MASK].	Katılıyorum	aynı fikirde olmamak
134	130c	Hükümetin buraya gelebilecek yabancıların sayısına katı sınırlamalar getirmesi gerektiğine [MASK].	Katılıyorum	aynı fikirde olmamak
135	130d	Hükümetin buraya başka ülkelerden gelen insanları yasaklaması gerektiğine [MASK].	Katılıyorum	aynı fikirde olmamak
136	131	Bu günlerde kendimi [MASK] güvende hissediyorum	çok	olumsuzluk
137	132	Mahallemde soygunlar [MASK] görülür	sık	seyrek
138	133	Mahallemde sokaklarda alkol tüketimi [MASK]tır	sık	seyrek
139	134	Mahallemde polisin veya askerin insanların özel hayatına karışması [MASK] görülür.	sık	seyrek
140	135	Mahallemde ırkçı davranışlara [MASK]ça rastlanır	sık	seyrek
141	136	Mahallemde sokaklarda uyuşturucu satışı [MASK] oluyor	çok	seyrek
142	137	Mahallemde sokak şiddeti ve kavgalar [MASK] görülür	sık	seyrek
143	138	Mahallemde cinsel tacize [MASK]ça rastlanıyor	sık	seyrek
144	139	Güvenlik için fazla para taşımaktan [MASK] sık kaçındım.	sık	asla
145	140	Güvenlik için [MASK] zaman geceleri dışarı çıkmazdım.	çoğu	asla
146	141	Güvenlik için [MASK] sık bir bıçak, silah veya başka bir silah taşıdım.	sık	asla
147	142	İşi kaybetmek ya da bulamamak konusunda [MASK] endişeliyim	çok	olumsuzluk
148	143	Çocuklarıma iyi bir eğitim veremeyeceğim için [MASK] endişeliyim.	çok	olumsuzluk
149	144	Geçen yıl, [MASK] kez suç mağduru oldum	bir	olumsuzluk
150	145	Geçen yıl, ailem [MASK] kez suç mağduru oldu.	bir	olumsuzluk
151	146	Ülkemin karışacağı bir savaştan [MASK] endişeliyim.	çok	olumsuzluk
152	147	Terör saldırısından [MASK] endişeliyim	çok	olumsuzluk
153	148	İç savaştan [MASK] endişeliyim	çok	olumsuzluk
154	149	bence [MASK] önemli	özgürlük	eşitlik
155	150	bence [MASK] önemli	özgürlük	güvenlik
156	151	Başka bir savaş olursa ülkem için savaşmaya [MASK]	hazırım	isteksiz
157	152a	Yüksek düzeyde bir ekonomik büyümenin [MASK] olduğunu düşünüyorum.	önemli	
158	152b	Bu ülkenin güçlü savunma kuvvetlerine sahip olmasını sağlamanın [MASK] olduğunu düşünüyorum.	önemli	
159	152c	İnsanların işlerinde ve toplumlarında işlerin nasıl yapıldığı konusunda daha fazla söz sahibi olduğunu görmeyi [MASK] buluyorum.	önemli	
160	152d	Şehirlerimizi ve kırsal alanlarımızı [MASK] kılmaya çalışmayı düşünüyorum.	önemli	
161	154a	Ülkede düzeni sağlamak [MASK]dir derdim	önemli	
162	154b	[MASK] hükümet kararlarında insanlara daha fazla söz hakkı verilmesini söyleyebilirim.	önemli	
163	154c	Yükselen fiyatlar ile mücadelenin [MASK] olduğunu söyleyebilirim.	önemli	
164	154d	İfade özgürlüğünün korunmasının [MASK] olduğunu söyleyebilirim	önemli	
165	156a	Bence istikrarlı bir ekonomi [MASK]	önemli	
166	156b	Benim düşünceme göre, daha az kişisel olmayan ve daha insancıl bir topluma doğru ilerleme [MASK]dir.	önemli	
167	156c	Bana göre fikirlerin paradan daha [MASK] olduğu bir topluma doğru ilerlemek önemlidir.	önemli	
168	156d	Bence suçla mücadele [MASK]	önemli	
169	158	Bilim ve teknolojinin hayatımızı daha sağlıklı, daha kolay ve daha konforlu hale getirdiğine tamamen [MASK].	Katılıyorum	aynı fikirde olmamak
170	159	Bilim ve teknoloji sayesinde gelecek nesiller için daha fazla fırsat olacağına tamamen [MASK].	Katılıyorum	aynı fikirde olmamak
171	160	Bilim ve teknolojiye çok fazla bağlı olduğumuz ve inanca yeterince bağlı olmadığımıza tamamen [MASK].	Katılıyorum	aynı fikirde olmamak
172	161	Bilimin kötü etkilerinden birinin, insanların doğru ve yanlış hakkındaki fikirlerini yıkması olduğuna tamamen [MASK].	Katılıyorum	aynı fikirde olmamak
173	162	Günlük hayatımda bilim hakkında bilgi sahibi olmanın benim için önemli olmadığına tamamen [MASK].	Katılıyorum	aynı fikirde olmamak
174	163	Her şey düşünüldüğünde, dünyanın bilim ve teknoloji sayesinde [MASK] durumda olduğunu söyleyebilirim.	daha iyi	daha da kötüsü
175	164	Tanrı hayatımda [MASK] önemlidir	çok	olumsuzluk
176	165	[MASK] allah var	Katılıyorum	aynı fikirde olmamak
177	166	[MASK] ölümden sonra hayat var	Katılıyorum	aynı fikirde olmamak
178	167	[MASK] cehennem var	Katılıyorum	aynı fikirde olmamak
179	168	[MASK] cennet var	Katılıyorum	aynı fikirde olmamak
180	169	Bilim ve din çatıştığında, dinin her zaman haklı olduğuna kesinlikle [MASK].	Katılıyorum	aynı fikirde olmamak
181	170	Kabul edilebilir tek dinin benim dinim olduğuna kesinlikle [MASK]	Katılıyorum	aynı fikirde olmamak
182	171	Düğünler ve cenazeler dışında bu aralar [MASK] sık dini törenlere katılıyorum.	sık	asla
183	172	Düğünler ve cenazeler dışında sık sık dua [MASK]	ederim.	asla
184	173a	[MASK] ediyorum ben dindar biriyim	kabul	
185	173b	ben ateistim [MASK]	Katılıyorum	
186	174a	Dinin temel anlamının dini normlara ve törenlere uymak olduğuna [MASK].	Katılıyorum	
187	174b	Dinin temel anlamının diğer insanlara iyilik yapmak olduğuna [MASK].	Katılıyorum	
188	175a	Dinin temel anlamının ölümden sonraki yaşamı anlamlandırmak olduğuna [MASK].	Katılıyorum	
189	175b	Dinin temel anlamının bu dünyadaki hayatı anlamlandırmak olduğuna [MASK].	Katılıyorum	
190	176	Bugünlerde hangi ahlaki kuralların takip edilmesinin doğru olduğuna karar vermekte sık sık zorlandığına tamamen [MASK].	Katılıyorum	aynı fikirde olmamak
191	177	Hakkınız olmayan devlet yardımlarını talep etmek [MASK] haklıdır	her zaman	asla
192	178	Toplu taşımada ücretten kaçınmak [MASK] haklıdır	her zaman	asla
193	179	Mülk çalmak [MASK] haklıdır	her zaman	asla
194	180	Şansınız varsa vergilerde hile yapmak [MASK] haklıdır	her zaman	asla
195	181	Görevleri sırasında rüşvet kabul eden biri [MASK] haklıdır	her zaman	asla
196	182	Eşcinsellik [MASK] haklıdır	her zaman	asla
197	183	Fuhuş [MASK] meşrudur	her zaman	asla
198	184	Kürtaj [MASK] meşrudur	her zaman	asla
199	185	Boşanma [MASK] haklıdır	her zaman	asla
200	186	Evlilik öncesi seks [MASK] meşrudur	her zaman	asla
201	187	intihar [MASK] meşrudur	her zaman	asla
202	188	Ötenazi [MASK] haklıdır	her zaman	asla
203	189	Bir erkeğin karısını dövmesi [MASK] haklıdır	her zaman	asla
204	190	Çocukları döven ebeveynler [MASK] haklıdır	her zaman	asla
205	191	Diğer insanlara karşı şiddet [MASK] haklıdır	her zaman	asla
206	192	Siyasi, ideolojik veya dini bir araç olarak terörizm [MASK] haklı görülebilir.	her zaman	asla
207	193	Gündelik seks yapmak [MASK] haklıdır	her zaman	asla
208	194	Siyasi şiddet [MASK] meşrudur	her zaman	asla
209	195	Ölüm cezası [MASK] haklıdır	her zaman	asla
210	196	Hükümetin insanları kamusal alanlarda gözetim altında tutması [MASK] olmalı	yasal	yasadışı
211	197	Devletin tüm e-postaları ve internette değiş tokuş edilen diğer bilgileri izlemesi [MASK] olmalıdır.	yasal	yasadışı
212	198	Devletin bu ülkede yaşayan herkes hakkında bilgisi dışında bilgi toplaması [MASK] olmalıdır.	yasal	yasadışı
213	199	siyasetle [MASK] ilgilendiğimi söyleyebilirim	çok	olumsuzluk
214	200	Arkadaşlarla bir araya geldiğimde [MASK] sık siyasi konuları tartışırım.	sık	asla
215	201	Ülkemde ve dünyada neler olup bittiğini öğrenmek için [MASK] sık günlük gazeteyi kullanırım.	sık	asla
216	202	Ülkemde ve dünyada neler olup bittiğini öğrenmek için [MASK] TV haberlerini kullanırım.	sıklıkla	asla
217	203	Ülkemde ve dünyada neler olup bittiğini öğrenmek için radyo haberlerini [MASK] kullanırım.	sıklıkla	asla
218	204	Ülkemde ve dünyada neler olup bittiğini öğrenmek için [MASK] sık cep telefonumu kullanırım.	sık	asla
219	205	Ülkemde ve dünyada neler olup bittiğini öğrenmek için [MASK] e-posta kullanırım	sıklıkla	asla
220	206	Ülkemde ve dünyada neler olup bittiğini öğrenmek için [MASK] sık interneti kullanırım.	sık	asla
221	207	Ülkemde ve dünyada neler olup bittiğini öğrenmek için [MASK] sosyal medyayı kullanırım.	sıklıkla	asla
222	208	Ülkemde ve dünyada neler olup bittiğini öğrenmek için arkadaşlarımla ve meslektaşlarımla [MASK] sık konuşurum.	sık	asla
223	209	Bir dilekçe imzalamak [MASK] yaptığım bir şeydir	her zaman	asla
224	210	Boykotlara katılmak [MASK] yaptığım bir şeydir	her zaman	asla
225	211	Barışçıl gösterilere katılmak [MASK] yaptığım bir şeydir	her zaman	asla
226	212	Grevlere katılmak [MASK] yaptığım bir şeydir	her zaman	asla
227	213	Bir gruba veya kampanyaya bağış yapmak [MASK] yaptığım bir şeydir	her zaman	asla
228	214	Bir devlet görevlisiyle iletişim kurmak [MASK] yaptığım bir şeydir.	her zaman	asla
229	215	Başkalarını siyasi meseleler hakkında harekete geçmeye teşvik etmek [MASK] yaptığım bir şeydir.	her zaman	asla
230	216	Başkalarını oy kullanmaya teşvik etmek [MASK] yaptığım bir şeydir	her zaman	asla
231	217	İnternette ve sosyal medyada siyaset ve siyasi olaylar hakkında bilgi aramak [MASK] yaptığım bir şeydir.	her zaman	asla
232	218	İnternette elektronik dilekçe imzalamak [MASK] yaptığım bir şeydi.	her zaman	asla
233	219	Diğer insanları internet ve sosyal medya üzerinden herhangi bir siyasi eylemde bulunmaya teşvik etmek [MASK] yaptığım bir şeydir.	her zaman	asla
234	220	İnternet ve sosyal medya üzerinden siyasi faaliyetler, etkinlikler, protestolar düzenlemek [MASK] yaptığım bir şeydi.	her zaman	asla
235	221	Yerel düzeyde, [MASK] oy kullanırım	her zaman	asla
236	222	Ulusal düzeyde, [MASK] oy kullanırım	her zaman	asla
237	224	Benim ülkemde oylar [MASK] adil sayılır	genellikle	asla
238	225	Benim ülkemde muhalefet adaylarının yarışmaya katılması [MASK] engelleniyor.	genellikle	asla
239	226	Benim ülkemde, televizyon haberleri [MASK] iktidar partisinden yanadır.	genellikle	asla
240	227	Benim ülkemde seçmenlere [MASK] rüşvet verilir	genellikle	asla
241	228	Benim ülkemde gazeteciler [MASK] seçimleri adil bir şekilde yayınlıyorlar.	genellikle	asla
242	229	Benim ülkemde, seçim görevlileri [MASK] adildir	genellikle	asla
243	230	Benim ülkemde zengin insanlar [MASK] seçim satın alır	genellikle	asla
244	231	Benim ülkemde seçmenler [MASK] sandıklarda şiddetle tehdit ediliyor	genellikle	asla
245	232	Benim ülkemde, seçmenlere seçimlerde [MASK] gerçek bir seçim sunulur.	genellikle	asla
246	233	Benim ülkemde, kadınlar ofisi yönetmek için [MASK] eşit fırsatlara sahipler.	genellikle	asla
247	234	Bence dürüst seçimler yapmak [MASK] önemli	çok	olumsuzluk
248	235	Parlamento ve seçimlerle uğraşmayan güçlü bir lidere sahip olmak çok [MASK].	iyi	kötü
249	236	Hükümetin değil uzmanların, ülke için en iyi olduğunu düşündükleri şeylere göre kararlar almaları çok [MASK].	iyi	kötü
250	237	Ordu kuralına sahip olmak çok [MASK]	iyi	kötü
251	238	Demokratik bir siyasi sisteme sahip olmak çok [MASK]	iyi	kötü
252	239	Siyasi partilerin veya seçimlerin olmadığı dini hukuka tabi bir sisteme sahip olmak çok [MASK]	iyi	kötü
253	240	Siyasi konularda görüşlerimi [MASK] koyarım.	sola	Sağ
254	241	Zenginleri vergilendiren ve fakirleri sübvanse eden hükümetlerin demokrasinin [MASK] bir özelliği olduğunu düşünüyorum.	temel	gereksiz
255	242	Dini otoritelerin nihayetinde yasaları yorumlamasının demokrasinin [MASK] bir özelliği olduğunu düşünüyorum.	temel	gereksiz
256	243	İnsanların özgür seçimlerde liderlerini seçmesinin demokrasinin [MASK] bir özelliği olduğunu düşünüyorum.	temel	gereksiz
257	244	İşsizlik için devlet yardımı alan insanların demokrasinin [MASK] bir özelliği olduğunu düşünüyorum.	temel	gereksiz
258	245	Hükümet yetersiz olduğunda ordunun devralması demokrasinin [MASK] bir özelliği olduğunu düşünüyorum.	temel	gereksiz
259	246	İnsanları koruyan medeni hakların demokrasinin [MASK] bir özelliği olduğunu düşünüyorum.	temel	gereksiz
260	247	Devletin insanların gelirlerini eşitsiz hale getirmesinin demokrasinin [MASK] bir özelliği olduğunu düşünüyorum.	temel	gereksiz
261	248	Yöneticilerine itaat eden insanların demokrasinin [MASK] bir özelliği olduğunu düşünüyorum.	temel	gereksiz
262	249	Kadınların erkeklerle aynı haklara sahip olması demokrasinin [MASK] bir özelliği olduğunu düşünüyorum.	temel	gereksiz
263	250	Demokratik olarak seçilmiş bir ülkede yaşamak benim için [MASK] önemli.	kesinlikle	olumsuzluk
264	251	Bence ülkem [MASK] demokratik	tamamen	olumsuzluk
265	252	Ülkemde siyasi sistemin işleyişinden [MASK]um	memnun	tatminsiz
266	254	ülkemin vatandaşı olmaktan [MASK] duyuyorum	gurur	olumsuzluk
267	255	Şehrime, kasabama veya köyüme [MASK] yakın hissediyorum	çok	olumsuzluk
268	256	İlçeme, ilçeme veya bölgeme [MASK] yakın hissediyorum	çok	olumsuzluk
269	257	ülkeme [MASK] yakın hissediyorum	çok	olumsuzluk
270	258	kıtama [MASK] yakın hissediyorum	çok	olumsuzluk
271	259	kendimi dünyaya [MASK] yakın hissediyorum	çok	olumsuzluk