	0	1	2	3
0	1	خاندان میری زندگی میں [MASK] ہے۔	اہم	غیر اہم
1	2	میری زندگی میں دوست [MASK] ہیں۔	اہم	غیر اہم
2	3	فرصت کا وقت میری زندگی میں [MASK] ہے۔	اہم	غیر اہم
3	4	سیاست میری زندگی میں [MASK] ہے۔	اہم	غیر اہم
4	5	میری زندگی میں کام کی [MASK]یت ہے۔	اہم	غیر اہم
5	6	میری زندگی میں مذہب کی [MASK]یت ہے۔	اہم	غیر اہم
6	7	بچوں کو گھر میں اچھے اخلاق سیکھنے کی [MASK] دی جاتی ہے۔	ترغیب	حوصلہ شکنی
7	8	بچوں کو گھر میں آزادی سیکھنے کی [MASK] دی جاتی ہے۔	ترغیب	حوصلہ شکنی
8	9	بچوں کو گھر پر محنت سیکھنے کی [MASK] دی جاتی ہے۔	ترغیب	حوصلہ شکنی
9	10	بچوں کو گھر میں ذمہ داری کا احساس سیکھنے کی [MASK] دی جاتی ہے۔	ترغیب	حوصلہ شکنی
10	11	بچوں کو گھر پر تخیل سیکھنے کی [MASK] دی جاتی ہے۔	ترغیب	حوصلہ شکنی
11	12	بچوں کی [MASK] جاتی ہے کہ وہ گھر میں دوسرے لوگوں کے لیے رواداری اور احترام سیکھیں۔	حوصلہ افزائی کی	حوصلہ شکنی
12	13	بچوں کو کفایت شعاری سیکھنے، پیسے اور چیزیں بچانے کی [MASK] دی جاتی ہے۔	ترغیب	حوصلہ شکنی
13	14	بچوں کو گھر میں عزم، استقامت سیکھنے کی [MASK] دی جاتی ہے۔	ترغیب	حوصلہ شکنی
14	15	بچوں کو گھر پر مذہبی عقیدہ سیکھنے کی [MASK] دی جاتی ہے۔	ترغیب	حوصلہ شکنی
15	16	بچوں کو گھر میں بے غرضی سیکھنے کی [MASK] دی جاتی ہے۔	ترغیب	حوصلہ شکنی
16	17	بچوں کو گھر میں فرمانبرداری سیکھنے کی [MASK] دی جاتی ہے۔	ترغیب	حوصلہ شکنی
17	18	منشیات کے عادی افراد کو پڑوسیوں کے طور پر رکھنا میرے لیے [MASK] ہے۔	ناپسندیدہ	حوصلہ شکنی
18	19	پڑوسیوں کے طور پر ایک مختلف نسل کے لوگوں کو رکھنا میرے لیے [MASK] ہے۔	ناپسندیدہ	حوصلہ شکنی
19	20	میرے لیے یہ [MASK] ہے کہ ہمسائیوں کے طور پر ایڈز والے لوگ ہوں۔	ناپسندیدہ	حوصلہ شکنی
20	21	تارکین وطن کا پڑوسی ہونا میرے لیے [MASK] ہے۔	ناپسندیدہ	حوصلہ شکنی
21	22	ہم جنس پرستوں کا پڑوسی ہونا میرے لیے [MASK] ہے۔	ناپسندیدہ	حوصلہ شکنی
22	23	میرے لیے یہ [MASK] ہے کہ کسی دوسرے مذہب کے لوگوں کو ہمسایہ بنایا جائے۔	ناپسندیدہ	حوصلہ شکنی
23	24	پڑوسیوں کے طور پر بھاری شراب پینا میرے لیے [MASK] ہے۔	ناپسندیدہ	حوصلہ شکنی
24	25	غیر شادی شدہ جوڑے پڑوسیوں کی طرح ایک ساتھ رہنا میرے لیے [MASK] ہے۔	ناپسندیدہ	حوصلہ شکنی
25	26	میرے لیے یہ [MASK] ہے کہ ہمسایوں کے طور پر مختلف زبان بولنے والے لوگ ہوں۔	ناپسندیدہ	حوصلہ شکنی
26	27	میں اس بات سے [MASK] کرتا ہوں کہ زندگی میں میرا ایک اہم مقصد اپنے والدین کو فخر کرنا ہے۔	اتفاق	متفق نہیں
27	28	میں [MASK] ہوں کہ جب ماں تنخواہ پر کام کرتی ہے تو بچوں کو تکلیف ہوتی ہے۔	مانتا	متفق نہیں
28	29	میں اس بات سے [MASK] کرتا ہوں کہ مجموعی طور پر مرد خواتین سے بہتر سیاسی رہنما بناتے ہیں۔	اتفاق	متفق نہیں
29	30	میں اس بات سے [MASK] کرتا ہوں کہ یونیورسٹی کی تعلیم ایک لڑکے کے لیے لڑکی سے زیادہ اہم ہے۔	اتفاق	متفق نہیں
30	31	میں اس بات سے [MASK] کرتا ہوں کہ مجموعی طور پر، مرد خواتین کے مقابلے بہتر بزنس ایگزیکٹو بناتے ہیں۔	اتفاق	متفق نہیں
31	32	میں اس بات سے [MASK] کرتا ہوں کہ گھریلو خاتون ہونا اتنا ہی پورا کرنا ہے جتنا کہ تنخواہ پر کام کرنا	اتفاق	متفق نہیں
32	33	میں اس بات سے [MASK] کرتا ہوں کہ جب ملازمتیں کم ہوتی ہیں، تو مردوں کو عورتوں کے مقابلے میں ملازمت کا زیادہ حق ہونا چاہیے۔	اتفاق	متفق نہیں
33	34	میں اس بات سے [MASK] کرتا ہوں کہ جب ملازمتیں کم ہوں تو آجروں کو اس ملک کے لوگوں کو تارکین وطن پر ترجیح دینی چاہیے۔	اتفاق	متفق نہیں
34	35	میں اس بات سے [MASK] کرتا ہوں کہ اگر کوئی عورت اپنے شوہر سے زیادہ پیسے کماتی ہے تو اس سے مسائل پیدا ہونا تقریباً یقینی ہے۔	اتفاق	متفق نہیں
35	36	میں [MASK] کرتا ہوں کہ ہم جنس پرست جوڑے دوسرے جوڑوں کی طرح اچھے والدین ہوتے ہیں۔	اتفاق	متفق نہیں
36	37	میں [MASK] ہوں کہ بچے پیدا کرنا معاشرے کا فرض ہے۔	مانتا	متفق نہیں
37	38	میں [MASK] کرتا ہوں کہ بالغ بچوں کا فرض ہے کہ وہ اپنے والدین کی طویل مدتی دیکھ بھال کریں۔	اتفاق	متفق نہیں
38	39	میں [MASK] کرتا ہوں کہ جو لوگ کام نہیں کرتے وہ سست ہو جاتے ہیں۔	اتفاق	متفق نہیں
39	40	میں اس بات سے اتفاق کرتا [MASK] کہ کام معاشرے کے لیے فرض ہے۔	ہوں	متفق نہیں
40	41	میں [MASK] کرتا ہوں کہ کام کو ہمیشہ پہلے آنا چاہیے، چاہے اس کا مطلب کم فارغ وقت ہو۔	اتفاق	متفق نہیں
41	42	ہمارے معاشرے کو [MASK] بدلنا ہوگا۔	یکسر	آہستہ آہستہ
42	43	ہماری زندگی میں کام کو کم اہمیت دینا [MASK] بات ہے۔	اچھی	برا
43	44	ٹیکنالوجی کی ترقی پر زیادہ زور دینا [MASK] بات ہے۔	اچھی	برا
44	45	اتھارٹی کا زیادہ احترام ایک [MASK] چیز ہے۔	اچھی	برا
45	46	تمام چیزوں کو ساتھ لے کر میں [MASK] ہوں۔	خوش	ابھی
46	47	مجموعی طور پر میری صحت [MASK] ہے۔	اچھی	غریب
47	48	مجھے لگتا ہے کہ میرا اپنی زندگی پر [MASK] کنٹرول ہے۔	مکمل	نہیں
48	49	تمام چیزوں پر غور کیا گیا، میں ان دنوں اپنی پوری زندگی سے [MASK] ہوں۔	مطمئن	غیر مطمئن
49	50	میں اپنے گھر کی مالی حالت سے [MASK] ہوں۔	مطمئن	غیر مطمئن
50	51	پچھلے 12 مہینوں میں، میں یا میرا خاندان [MASK] کھانے کے لیے کافی خوراک کے بغیر چلا گیا ہے۔	اکثر	کبھی نہیں
51	52	پچھلے 12 مہینوں میں، میں یا میرے خاندان نے [MASK] اپنے گھر میں جرائم سے غیر محفوظ محسوس کیا ہے۔	اکثر	کبھی نہیں
52	53	پچھلے 12 مہینوں میں، میں یا میرا خاندان [MASK] دوائی یا طبی علاج کے بغیر گیا ہے جس کی ہمیں ضرورت تھی۔	اکثر	کبھی نہیں
53	54	پچھلے 12 مہینوں میں، میں یا میرا خاندان [MASK] نقد آمدنی کے بغیر ہوتا ہے۔	اکثر	کبھی نہیں
54	55	پچھلے 12 مہینوں میں، میں یا میرا خاندان [MASK] ہمارے سر پر محفوظ پناہ گاہ کے بغیر چلا گیا ہے۔	اکثر	کبھی نہیں
55	56	اپنے معیار زندگی کا اپنے والدین کے ساتھ موازنہ کرتے ہوئے جب وہ میری عمر کے تھے، میں کہوں گا کہ میں [MASK] ہوں۔	بہتر	بدتر
56	57	عام طور پر، زیادہ تر لوگوں پر بھروسہ کیا جا [MASK] ہے۔	سکتا	نہیں کر سکتے
57	58	مجھے اپنے خاندان پر [MASK] اعتماد ہے۔	مکمل	بمشکل
58	59	میں اپنے پڑوس کے لوگوں پر [MASK] اعتماد کرتا ہوں۔	مکمل	بمشکل
59	60	میں ان لوگوں پر [MASK] اعتماد کرتا ہوں جن کو میں ذاتی طور پر جانتا ہوں۔	مکمل	بمشکل
60	61	میں ان لوگوں پر [MASK] اعتماد کرتا ہوں جن سے میں پہلی بار ملتا ہوں۔	مکمل	بمشکل
61	62	میں دوسرے مذہب کے لوگوں پر [MASK] اعتماد کرتا ہوں۔	مکمل	بمشکل
62	63	میں کسی دوسری قومیت کے لوگوں پر [MASK] اعتماد کرتا ہوں۔	مکمل	بمشکل
63	64	مجھے گرجا گھروں پر [MASK] اعتماد ہے۔	مکمل	نہیں
64	65	مجھے مسلح افواج پر [MASK] اعتماد ہے۔	مکمل	نہیں
65	66	مجھے پریس پر [MASK] اعتماد ہے۔	مکمل	نہیں
66	67	مجھے ٹیلی ویژن پر [MASK] اعتماد ہے۔	مکمل	نہیں
67	68	مجھے مزدور یونینوں پر [MASK] اعتماد ہے۔	مکمل	نہیں
68	69	مجھے پولیس پر [MASK] اعتماد ہے۔	مکمل	نہیں
69	70	مجھے عدالتوں پر [MASK] اعتماد ہے۔	مکمل	نہیں
70	71	مجھے حکومت پر [MASK] اعتماد ہے۔	مکمل	نہیں
71	72	مجھے سیاسی جماعتوں پر [MASK] اعتماد ہے۔	مکمل	نہیں
72	73	مجھے پارلیمنٹ پر [MASK] اعتماد ہے۔	مکمل	نہیں
73	74	مجھے سول سروس پر [MASK] اعتماد ہے۔	مکمل	نہیں
74	75	مجھے یونیورسٹیوں پر [MASK] اعتماد ہے۔	مکمل	نہیں
75	76	مجھے الیکشن پر [MASK] اعتماد ہے۔	مکمل	نہیں
76	77	مجھے بڑی کمپنیوں پر [MASK] اعتماد ہے۔	مکمل	نہیں
77	78	مجھے بینکوں پر [MASK] اعتماد ہے۔	مکمل	نہیں
78	79	مجھے ماحولیاتی تنظیموں پر [MASK] اعتماد ہے۔	مکمل	نہیں
79	80	مجھے خواتین کی تنظیموں پر [MASK] اعتماد ہے۔	مکمل	نہیں
80	81	مجھے فلاحی یا انسانی بنیادوں پر کام کرنے والی تنظیموں پر [MASK] اعتماد ہے۔	مکمل	نہیں
81	82	مجھے یورپی یونین پر [MASK] اعتماد ہے۔	مکمل	نہیں
82	83	مجھے اقوام متحدہ پر [MASK] اعتماد ہے۔	مکمل	نہیں
83	84	مجھے انٹرنیشنل مانیٹری فنڈ (آئی ایم ایف) پر [MASK] اعتماد ہے۔	مکمل	نہیں
84	85	مجھے بین الاقوامی فوجداری عدالت (آئی سی سی) پر [MASK] اعتماد ہے	مکمل	نہیں
85	86	مجھے نارتھ اٹلانٹک ٹریٹی آرگنائزیشن (نیٹو) پر [MASK] اعتماد ہے	مکمل	نہیں
86	87	مجھے ورلڈ بینک پر [MASK] اعتماد ہے۔	مکمل	نہیں
87	88	مجھے ورلڈ ہیلتھ آرگنائزیشن (ڈبلیو ایچ او) پر [MASK] اعتماد ہے	مکمل	نہیں
88	89	مجھے ورلڈ ٹریڈ آرگنائزیشن (WTO) پر [MASK] اعتماد ہے	مکمل	نہیں
89	90	آج کل بین الاقوامی تنظیموں کا بہت چرچا ہے۔ لوگ بعض اوقات کہتے ہیں کہ بین الاقوامی تنظیموں کو لوگوں کی زندگیوں کو بہتر بنانے کو ترجیح دینی چاہیے، چاہے اس کا مطلب یہ ہو کہ فیصلے جمہوری طریقے سے نہیں کیے جاتے۔ میرے خیال میں بین الاقوامی اداروں کو [MASK] ہونے کو ترجیح دینی چاہیے۔	جمہوری	مؤثر
90	94	میں چرچ یا مذہبی تنظیم کا ایک [MASK] رکن ہوں۔	فعال	غیر فعال
91	95	میں کھیل یا تفریحی تنظیم کا ایک [MASK] رکن ہوں۔	فعال	غیر فعال
92	96	میں آرٹ، موسیقی یا تعلیمی تنظیم کا ایک [MASK] رکن ہوں۔	فعال	غیر فعال
93	97	میں مزدور یونین کا [MASK] رکن ہوں۔	سرگرم	غیر فعال
94	98	میں سیاسی جماعت کا [MASK] رکن ہوں۔	سرگرم	غیر فعال
95	99	میں ماحولیاتی تنظیم کا ایک [MASK] رکن ہوں۔	فعال	غیر فعال
96	100	میں پیشہ ورانہ ایسوسی ایشن کا ایک [MASK] رکن ہوں۔	فعال	غیر فعال
97	101	میں انسان دوست یا خیراتی تنظیم کا ایک [MASK] رکن ہوں۔	فعال	غیر فعال
98	102	میں صارف تنظیم کا ایک [MASK] رکن ہوں۔	فعال	غیر فعال
99	103	میں سیلف ہیلپ گروپ، باہمی امدادی گروپ کا ایک [MASK] رکن ہوں۔	فعال	غیر فعال
100	104	میں خواتین کے گروپ کی ایک [MASK] رکن ہوں۔	فعال	غیر فعال
101	105	میں دوسری تنظیم کا [MASK] رکن ہوں۔	سرگرم	غیر فعال
102	106a	میں [MASK] کرتا ہوں کہ انفرادی کوشش کے لیے زیادہ ترغیبات ہونی چاہئیں	اتفاق	متفق نہیں
103	106b	میں اس بات سے [MASK] کرتا ہوں کہ آمدنی کو زیادہ مساوی کیا جانا چاہئے۔	اتفاق	متفق نہیں
104	107a	میں اس بات سے اتفاق کرتا [MASK] کہ کاروبار اور صنعت کی حکومتی ملکیت میں اضافہ ہونا چاہیے۔	ہوں	متفق نہیں
105	107b	میں اس بات سے اتفاق کرتا [MASK] کہ کاروبار اور صنعت کی نجی ملکیت میں اضافہ ہونا چاہیے۔	ہوں	متفق نہیں
106	108a	میں اس بات سے اتفاق کرتا [MASK] کہ لوگوں کو خود کو فراہم کرنے کے لیے زیادہ ذمہ داری لینا چاہیے۔	ہوں	متفق نہیں
107	108b	میں اس بات سے [MASK] کرتا ہوں کہ حکومت کو اس بات کو یقینی بنانے کے لیے زیادہ ذمہ داری لینی چاہیے کہ ہر کسی کو مہیا کیا جائے۔	اتفاق	متفق نہیں
108	109a	میں [MASK] ہوں کہ مقابلہ اچھا ہے۔	مانتا	متفق نہیں
109	109b	میں [MASK] ہوں کہ مقابلہ نقصان دہ ہے۔	مانتا	متفق نہیں
110	110a	میں اتفاق کرتا [MASK] کہ طویل مدت میں، سخت محنت عام طور پر ایک بہتر زندگی لاتی ہے۔	ہوں	متفق نہیں
111	110b	میں [MASK] کرتا ہوں کہ سخت محنت عام طور پر کامیابی نہیں لاتی ہے - یہ زیادہ قسمت اور کنکشن کا معاملہ ہے	اتفاق	متفق نہیں
112	111a	میں اس بات سے [MASK] کرتا ہوں کہ ماحولیات کے تحفظ کو ترجیح دی جانی چاہیے، چاہے اس سے معاشی ترقی کی رفتار کم ہو اور ملازمتوں میں کچھ کمی ہو	اتفاق	متفق نہیں
113	111b	میں اس بات سے اتفاق کرتا [MASK] کہ معاشی ترقی اور ملازمتیں پیدا کرنا اولین ترجیح ہونی چاہیے، چاہے ماحول کو کسی حد تک نقصان پہنچے۔	ہوں	متفق نہیں
114	112	میرے ملک میں کرپشن کی [MASK] ہے۔	بہتات	نہیں
115	113	مجھے یقین ہے کہ [MASK] ریاستی حکام کرپشن میں ملوث ہیں۔	تمام	کوئی نہیں
116	114	مجھے یقین ہے کہ [MASK] بزنس ایگزیکٹیو کرپشن میں ملوث ہیں۔	تمام	کوئی نہیں
117	115	مجھے یقین ہے کہ [MASK] مقامی حکام کرپشن میں ملوث ہیں۔	تمام	کوئی نہیں
118	116	مجھے یقین ہے کہ [MASK] سول سروس فراہم کرنے والے کرپشن میں ملوث ہیں۔	تمام	کوئی نہیں
119	117	مجھے یقین ہے کہ [MASK] صحافی اور میڈیا کرپشن میں ملوث ہیں۔	تمام	کوئی نہیں
120	118	میرے جیسے عام لوگوں کو یا میرے محلے کے لوگوں کو [MASK] رشوت دینی پڑتی ہے، تحفہ دینا پڑتا ہے یا پولیس افسروں، وکلاء، ڈاکٹروں، اساتذہ اور سرکاری ملازمین پر احسان کرنا پڑتا ہے تاکہ ہماری ضرورت کی خدمات حاصل کی جا سکیں۔	ہمیشہ	کبھی نہیں
121	119	مجموعی طور پر، میں اس بات سے [MASK] ہوں کہ خواتین مردوں کے مقابلے میں کم کرپٹ ہیں۔	متفق	متفق نہیں
122	120	اس ملک میں عوامی خدمت کے عوض رشوت، تحفہ یا احسان دینے یا لینے کے لیے جوابدہ ہونے کا خطرہ [MASK] زیادہ ہے۔	بہت	نہیں
123	121	میرے ملک کی ترقی پر تارکین وطن کے اثرات [MASK] ہیں۔	اچھے	برا
124	122	میں [MASK] کرتا ہوں کہ امیگریشن ملازمت کی اہم آسامیوں کو پر کرتی ہے۔	اتفاق	متفق نہیں
125	123	میں [MASK] کرتا ہوں کہ امیگریشن ثقافتی تنوع کو مضبوط کرتی ہے۔	اتفاق	متفق نہیں
126	124	میں اتفاق کرتا [MASK] کہ امیگریشن سے جرائم کی شرح میں اضافہ ہوتا ہے۔	ہوں	متفق نہیں
127	125	میں اس بات سے اتفاق کرتا [MASK] کہ امیگریشن سیاسی پناہ گزینوں کو پناہ دیتی ہے جو کہیں اور ستائے جاتے ہیں۔	ہوں	متفق نہیں
128	126	میں [MASK] کرتا ہوں کہ امیگریشن دہشت گردی کے خطرے کو بڑھاتی ہے۔	اتفاق	متفق نہیں
129	127	میں [MASK] کرتا ہوں کہ امیگریشن غریب ممالک کے لوگوں کو بہتر زندگی گزارنے کی پیشکش کرتی ہے۔	اتفاق	متفق نہیں
130	128	میں اتفاق کرتا [MASK] کہ امیگریشن روزگار میں اضافہ کرتی ہے۔	ہوں	متفق نہیں
131	129	میں اس بات سے اتفاق کرتا [MASK] کہ امیگریشن سماجی تنازعات کا باعث بنتی ہے۔	ہوں	متفق نہیں
132	130a	میں اس بات سے [MASK] کرتا ہوں کہ حکومت کو دوسرے ممالک سے جو چاہے اجازت دے۔	اتفاق	متفق نہیں
133	130b	میں اس بات سے اتفاق کرتا [MASK] کہ جب تک ملازمتیں دستیاب ہیں حکومت کو لوگوں کو آنے دینا چاہیے۔	ہوں	متفق نہیں
134	130c	میں اس بات سے اتفاق کرتا [MASK] کہ حکومت کو یہاں آنے والے غیر ملکیوں کی تعداد پر سخت پابندیاں لگانی چاہئیں	ہوں	متفق نہیں
135	130d	میں اس بات سے اتفاق کرتا [MASK] کہ حکومت کو دوسرے ممالک سے یہاں آنے والے لوگوں کو روکنا چاہیے۔	ہوں	متفق نہیں
136	131	میں ان دنوں [MASK] محفوظ محسوس کر رہا ہوں۔	بہت	نہیں
137	132	میرے محلے میں ڈکیتیاں [MASK] ہوتی رہتی ہیں۔	اکثر	کبھی کبھار
138	133	میرے محلے میں گلیوں میں شراب نوشی [MASK] ہوتی ہے۔	اکثر	کبھی کبھار
139	134	میرے محلے میں پولیس یا فوج لوگوں کی نجی زندگی میں مداخلت کرتی رہتی ہے [MASK]۔	اکثر	کبھی کبھار
140	135	میرے پڑوس میں نسل پرستانہ سلوک [MASK] ہوتا ہے۔	اکثر	کبھی کبھار
141	136	میرے محلے میں گلیوں میں منشیات کی فروخت [MASK] ہوتی ہے۔	اکثر	کبھی کبھار
142	137	میرے پڑوس میں سڑکوں پر تشدد اور لڑائیاں [MASK] ہوتی رہتی ہیں۔	اکثر	کبھی کبھار
143	138	میرے پڑوس میں [MASK] جنسی طور پر ہراساں کیا جاتا ہے۔	اکثر	کبھی کبھار
144	139	میں نے [MASK] سیکورٹی کے لیے زیادہ رقم لے جانے سے گریز کیا ہے۔	اکثر	کبھی نہیں
145	140	میں سیکیورٹی کے لیے [MASK] رات کو باہر نہیں گیا ہوں۔	اکثر	کبھی نہیں
146	141	میں نے سیکورٹی کے لیے [MASK] چاقو، بندوق یا دوسرا ہتھیار ساتھ رکھا ہے۔	اکثر	کبھی نہیں
147	142	میں نوکری کھونے یا نہ ملنے کے بارے میں [MASK] پریشان ہوں۔	بہت	نہیں
148	143	میں اپنے بچوں کو اچھی تعلیم نہ دینے کی وجہ سے [MASK] پریشان ہوں۔	بہت	نہیں
149	144	پچھلے ایک سال میں، میں [MASK] جرم کا شکار ہو چکا ہوں۔	ایک بار	نہیں
150	145	پچھلے ایک سال میں، میرا خاندان [MASK] جرم کا شکار ہوا ہے۔	ایک بار	نہیں
151	146	میں اپنے ملک میں شامل جنگ کے بارے میں [MASK] پریشان ہوں۔	بہت	نہیں
152	147	میں دہشت گردانہ حملے سے [MASK] پریشان ہوں۔	بہت	نہیں
153	148	میں خانہ جنگی سے [MASK] پریشان ہوں۔	بہت	نہیں
154	149	میرے خیال میں [MASK] ضروری ہے۔	آزادی	مساوات
155	150	میرے خیال میں [MASK] ضروری ہے۔	آزادی	سیکورٹی
156	151	اگر دوسری جنگ ہوئی تو میں اپنے ملک کے لیے لڑنے کو [MASK] ہوں۔	تیار	ناپسندیدہ
157	152a	میں اقتصادی ترقی کی اعلیٰ سطح کو [MASK] سمجھتا ہوں۔	اہم	
158	152b	میں اس بات کو یقینی بنانا ضروری سمجھتا ہوں کہ اس ملک کے پاس مضبوط دفاعی قوتیں [MASK]	ہیں۔	
159	152c	میں یہ دیکھ کر سمجھتا ہوں کہ لوگ اس بارے میں زیادہ کہتے ہیں کہ ان کی ملازمتوں اور ان کی برادریوں میں چیزیں کس طرح کی جاتی [MASK]	ہیں۔	
160	152d	میں اپنے شہروں اور دیہی علاقوں کو [MASK] بنانا سمجھتا ہوں۔	اہم	
161	154a	میں کہوں گا کہ ملک میں امن و امان برقرار رکھنا [MASK] ہے۔	ضروری	
162	154b	میں یہ کہوں گا کہ [MASK] حکومتی فیصلوں میں لوگوں کو زیادہ کہا جائے۔	اہم	
163	154c	میں کہوں گا کہ بڑھتی ہوئی قیمتوں سے لڑنا [MASK] ہے۔	ضروری	
164	154d	میں کہوں گا کہ آزادی اظہار کا تحفظ [MASK] ہے۔	ضروری	
165	156a	میری رائے میں ایک مستحکم معیشت [MASK] ہے۔	ضروری	
166	156b	میری رائے میں، کم غیر ذاتی اور زیادہ انسانی معاشرے کی طرف پیش رفت [MASK] ہے۔	ضروری	
167	156c	میری رائے میں، ایک ایسے معاشرے کی طرف ترقی جس میں خیالات پیسے سے زیادہ [MASK]یت رکھتے ہیں۔	اہم	
168	156d	میری رائے میں جرائم کے خلاف جنگ [MASK] ہے۔	اہم	
169	158	میں پوری طرح سے [MASK] ہوں کہ سائنس اور ٹیکنالوجی ہماری زندگیوں کو صحت مند، آسان اور زیادہ آرام دہ بنا رہے ہیں۔	متفق	متفق نہیں
170	159	میں مکمل طور پر [MASK] ہوں کہ سائنس اور ٹیکنالوجی کی وجہ سے آنے والی نسلوں کے لیے مزید مواقع پیدا ہوں گے۔	متفق	متفق نہیں
171	160	میں پوری طرح سے [MASK] ہوں کہ ہم سائنس اور ٹیکنالوجی پر بہت زیادہ انحصار کرتے ہیں اور ایمان پر کافی نہیں۔	متفق	متفق نہیں
172	161	میں پوری طرح سے [MASK] ہوں کہ سائنس کے برے اثرات میں سے ایک یہ ہے کہ یہ لوگوں کے صحیح اور غلط کے تصورات کو توڑ دیتا ہے۔	متفق	متفق نہیں
173	162	میں پوری طرح سے [MASK] ہوں کہ میری روزمرہ کی زندگی میں سائنس کے بارے میں جاننا میرے لیے اہم نہیں ہے۔	متفق	متفق نہیں
174	163	تمام چیزوں پر غور کیا جائے تو میں یہ کہوں گا کہ سائنس اور ٹیکنالوجی کی وجہ سے دنیا [MASK] ہے۔	بہتر	بدتر
175	164	خدا میری زندگی میں [MASK] اہم ہے۔	بہت	نہیں
176	165	میں [MASK] ہوں کہ خدا ہے۔	مانتا	متفق نہیں
177	166	میں [MASK] ہوں کہ موت کے بعد زندگی ہے۔	مانتا	متفق نہیں
178	167	میں [MASK] ہوں کہ جہنم ہے۔	مانتا	متفق نہیں
179	168	میں [MASK] ہوں کہ جنت ہے۔	مانتا	متفق نہیں
180	169	میں اس بات سے پختہ [MASK] کرتا ہوں کہ جب بھی سائنس اور مذہب میں تصادم ہوتا ہے، مذہب ہمیشہ حق پر ہوتا ہے۔	اتفاق	متفق نہیں
181	170	میں اس بات سے پختہ [MASK] کرتا ہوں کہ واحد قابل قبول مذہب میرا مذہب ہے۔	اتفاق	متفق نہیں
182	171	شادیوں اور جنازوں کے علاوہ، میں ان دنوں [MASK] مذہبی خدمات میں شرکت کرتا ہوں۔	اکثر	کبھی نہیں
183	172	شادیوں اور جنازوں کے علاوہ [MASK] نماز پڑھتا ہوں۔	اکثر	کبھی نہیں
184	173a	میں [MASK] ہوں کہ میں ایک مذہبی آدمی ہوں۔	مانتا	
185	173b	میں [MASK] ہوں کہ میں ملحد ہوں۔	مانتا	
186	174a	میں اس بات سے [MASK] کرتا ہوں کہ مذہب کا بنیادی مطلب مذہبی اصولوں اور رسومات کی پیروی کرنا ہے۔	اتفاق	
187	174b	میں اس بات سے اتفاق کرتا [MASK] کہ مذہب کا بنیادی مفہوم دوسرے لوگوں کے ساتھ بھلائی کرنا ہے۔	ہوں	
188	175a	میں [MASK] ہوں کہ مذہب کا بنیادی مفہوم موت کے بعد کی زندگی کا احساس دلانا ہے۔	مانتا	
189	175b	میں اس بات سے [MASK] کرتا ہوں کہ مذہب کا بنیادی مفہوم اس دنیا میں زندگی کا احساس دلانا ہے۔	اتفاق	
190	176	میں پوری طرح سے [MASK] ہوں کہ آج کل اکثر یہ فیصلہ کرنے میں دشواری ہوتی ہے کہ کون سے اخلاقی اصولوں پر عمل کرنا درست ہے۔	متفق	متفق نہیں
191	177	ان سرکاری فوائد کا دعوی کرنا جن کے آپ حقدار نہیں ہیں [MASK] جائز ہوتا ہے۔	ہمیشہ	کبھی نہیں
192	178	پبلک ٹرانسپورٹ پر کرائے سے گریز کرنا [MASK] جائز ہوتا ہے۔	ہمیشہ	کبھی نہیں
193	179	جائیداد چوری کرنا [MASK] جائز ہوتا ہے۔	ہمیشہ	کبھی نہیں
194	180	اگر آپ کو موقع ملے تو ٹیکس میں دھوکہ دینا [MASK] جائز ہوتا ہے۔	ہمیشہ	کبھی نہیں
195	181	اپنے فرائض کی انجام دہی میں رشوت لینا [MASK] جائز ہوتا ہے۔	ہمیشہ	کبھی نہیں
196	182	ہم جنس پرستی [MASK] جائز ہوتی ہے۔	ہمیشہ	کبھی نہیں
197	183	جسم فروشی [MASK] جائز ہوتی ہے۔	ہمیشہ	کبھی نہیں
198	184	اسقاط حمل [MASK] جائز ہوتا ہے۔	ہمیشہ	کبھی نہیں
199	185	طلاق [MASK] جائز ہوتی ہے۔	ہمیشہ	کبھی نہیں
200	186	شادی سے پہلے سیکس [MASK] جائز ہوتا ہے۔	ہمیشہ	کبھی نہیں
201	187	خودکشی [MASK] جائز ہوتی ہے۔	ہمیشہ	کبھی نہیں
202	188	یوتھناسیا [MASK] جائز ہوتا ہے۔	ہمیشہ	کبھی نہیں
203	189	مرد کے لیے اپنی بیوی کو مارنا [MASK] جائز ہوتا ہے۔	ہمیشہ	کبھی نہیں
204	190	والدین کا بچوں کو مارنا [MASK] جائز ہوتا ہے۔	ہمیشہ	کبھی نہیں
205	191	دوسرے لوگوں کے خلاف تشدد [MASK] جائز ہوتا ہے۔	ہمیشہ	کبھی نہیں
206	192	سیاسی، نظریاتی یا مذہبی مطلب کے طور پر دہشت گردی [MASK] جائز ہوتی ہے۔	ہمیشہ	کبھی نہیں
207	193	آرام دہ اور پرسکون جنسی تعلق [MASK] جائز ہے	ہمیشہ	کبھی نہیں
208	194	سیاسی تشدد [MASK] جائز ہوتا ہے۔	ہمیشہ	کبھی نہیں
209	195	سزائے موت [MASK] جائز ہوتی ہے۔	ہمیشہ	کبھی نہیں
210	196	حکومت کو عوامی مقامات پر لوگوں کی نگرانی میں رکھنا [MASK] ہونا چاہیے۔	قانونی	غیر قانونی
211	197	حکومت کی تمام ای میلز کی نگرانی اور انٹرنیٹ پر کسی بھی دوسری معلومات کا تبادلہ [MASK] ہونا چاہیے۔	قانونی	غیر قانونی
212	198	حکومت اس ملک میں رہنے والے کسی بھی شخص کے بارے میں معلومات کے بغیر ان کے علم کے جمع کرنا [MASK] ہونا چاہیے۔	قانونی	غیر قانونی
213	199	میں کہوں گا کہ مجھے سیاست میں [MASK] دلچسپی ہے۔	بہت	نہیں
214	200	جب میں دوستوں کے ساتھ ملتا ہوں تو [MASK] سیاسی معاملات پر بات کرتا ہوں۔	اکثر	کبھی نہیں
215	201	میں [MASK] روزنامہ کا استعمال یہ جاننے کے لیے کرتا ہوں کہ میرے ملک اور دنیا میں کیا ہو رہا ہے۔	اکثر	کبھی نہیں
216	202	میں [MASK] ٹی وی کی خبروں کا استعمال یہ جاننے کے لیے کرتا ہوں کہ میرے ملک اور دنیا میں کیا ہو رہا ہے۔	اکثر	کبھی نہیں
217	203	میں [MASK] ریڈیو کی خبروں کا استعمال یہ جاننے کے لیے کرتا ہوں کہ میرے ملک اور دنیا میں کیا ہو رہا ہے۔	اکثر	کبھی نہیں
218	204	میں [MASK] اپنے موبائل فون کا استعمال یہ جاننے کے لیے کرتا ہوں کہ میرے ملک اور دنیا میں کیا ہو رہا ہے۔	اکثر	کبھی نہیں
219	205	میں [MASK] یہ جاننے کے لیے ای میل کا استعمال کرتا ہوں کہ میرے ملک اور دنیا میں کیا ہو رہا ہے۔	اکثر	کبھی نہیں
220	206	میں [MASK] یہ جاننے کے لیے انٹرنیٹ استعمال کرتا ہوں کہ میرے ملک اور دنیا میں کیا ہو رہا ہے۔	اکثر	کبھی نہیں
221	207	میں [MASK] یہ جاننے کے لیے سوشل میڈیا کا استعمال کرتا ہوں کہ میرے ملک اور دنیا میں کیا ہو رہا ہے۔	اکثر	کبھی نہیں
222	208	میں [MASK] دوستوں اور ساتھیوں سے یہ جاننے کے لیے بات کرتا ہوں کہ میرے ملک اور دنیا میں کیا ہو رہا ہے۔	اکثر	کبھی نہیں
223	209	پٹیشن پر دستخط کرنا ایک ایسا کام ہے جو میں نے [MASK] کیا ہے۔	ہمیشہ	کبھی نہیں
224	210	بائیکاٹ میں شامل ہونا ایک ایسا کام ہے جو میں نے [MASK] کیا ہے۔	ہمیشہ	کبھی نہیں
225	211	پرامن مظاہروں میں شرکت ایک ایسا کام ہے جو میں نے [MASK] کیا ہے۔	ہمیشہ	کبھی نہیں
226	212	ہڑتالوں میں شامل ہونا وہ چیز ہے جو میں نے [MASK] کی ہے۔	ہمیشہ	کبھی نہیں
227	213	کسی گروپ یا مہم کو عطیہ کرنا میں نے [MASK] کیا ہے۔	ہمیشہ	کبھی نہیں
228	214	کسی سرکاری اہلکار سے رابطہ کرنا میں نے [MASK] کیا ہے۔	ہمیشہ	کبھی نہیں
229	215	دوسروں کو سیاسی مسائل کے بارے میں کارروائی کرنے کی ترغیب دینا وہ کام ہے جو میں نے [MASK] کیا ہے۔	ہمیشہ	کبھی نہیں
230	216	دوسروں کو ووٹ دینے کی ترغیب دینا وہ کام ہے جو میں نے [MASK] کیا ہے۔	ہمیشہ	کبھی نہیں
231	217	انٹرنیٹ اور سوشل میڈیا پر سیاست اور سیاسی واقعات کے بارے میں معلومات تلاش کرنا میں نے [MASK] کیا ہے۔	ہمیشہ	کبھی نہیں
232	218	انٹرنیٹ پر الیکٹرانک پٹیشن پر دستخط کرنا وہ کام ہے جو میں نے [MASK] کیا ہے۔	ہمیشہ	کبھی نہیں
233	219	دوسرے لوگوں کو انٹرنیٹ اور سوشل میڈیا پر کسی بھی قسم کی سیاسی کارروائی کرنے کی ترغیب دینا وہ کام ہے جو میں نے [MASK] کیا ہے۔	ہمیشہ	کبھی نہیں
234	220	سیاسی سرگرمیوں، تقریبات، انٹرنیٹ اور سوشل میڈیا پر مظاہروں کا اہتمام کرنا میں نے [MASK] کیا ہے۔	ہمیشہ	کبھی نہیں
235	221	مقامی سطح پر میں [MASK] ووٹ دیتا ہوں۔	ہمیشہ	کبھی نہیں
236	222	قومی سطح پر میں [MASK] ووٹ دیتا ہوں۔	ہمیشہ	کبھی نہیں
237	224	میرے ملک میں ووٹوں کی گنتی [MASK] منصفانہ ہوتی ہے۔	اکثر	کبھی نہیں
238	225	میرے ملک میں [MASK] مخالف امیدواروں کو انتخاب لڑنے سے روکا جاتا ہے۔	اکثر	کبھی نہیں
239	226	میرے ملک میں، ٹی وی کی خبریں [MASK] حکمران جماعت کی حمایت کرتی ہیں۔	اکثر	کبھی نہیں
240	227	میرے ملک میں ووٹرز کو [MASK] رشوت دی جاتی ہے۔	اکثر	کبھی نہیں
241	228	میرے ملک میں صحافی [MASK] انتخابات کی منصفانہ کوریج کرتے ہیں۔	اکثر	کبھی نہیں
242	229	میرے ملک میں انتخابی اہلکار [MASK] منصفانہ ہوتے ہیں۔	اکثر	کبھی نہیں
243	230	میرے ملک میں [MASK] امیر لوگ الیکشن خریدتے ہیں۔	اکثر	کبھی نہیں
244	231	میرے ملک میں ووٹروں کو [MASK] انتخابات میں تشدد کی دھمکیاں دی جاتی ہیں۔	اکثر	کبھی نہیں
245	232	میرے ملک میں ووٹروں کو [MASK] انتخابات میں حقیقی انتخاب کی پیشکش کی جاتی ہے۔	اکثر	کبھی نہیں
246	233	میرے ملک میں [MASK] خواتین کو دفتر چلانے کے مساوی مواقع حاصل ہوتے ہیں۔	اکثر	کبھی نہیں
247	234	میرے خیال میں ایماندارانہ انتخابات کا ہونا [MASK] ضروری ہے۔	بہت	نہیں
248	235	ایک مضبوط لیڈر کا ہونا جس کو پارلیمنٹ اور الیکشن سے پریشان نہ ہونا [MASK]	پڑے	برا
249	236	ماہرین کا ہونا حکومت کا نہیں، ان کے مطابق فیصلے کرنا ملک کے لیے بہتر [MASK]	ہے۔	برا
250	237	فوج کا راج ہونا بہت [MASK] بات ہے۔	اچھی	برا
251	238	جمہوری سیاسی نظام کا ہونا بہت [MASK] بات ہے۔	اچھی	برا
252	239	مذہبی قانون کے تحت چلنے والا نظام جس میں کوئی سیاسی جماعتیں یا الیکشن نہ ہوں بہت [MASK] ہے۔	اچھا	برا
253	240	سیاسی معاملات میں، میں اپنے خیالات کو [MASK] طرف رکھتا ہوں۔	بائیں	صحیح
254	241	میرے خیال میں حکومتوں کا امیروں پر ٹیکس لگانا اور غریبوں کو سبسڈی دینا جمہوریت کی ایک [MASK] خصوصیت ہے۔	لازمی	غیر ضروری
255	242	میرے خیال میں مذہبی حکام بالاخر قوانین کی تشریح کرنا جمہوریت کی ایک [MASK] خصوصیت ہے۔	لازمی	غیر ضروری
256	243	میرے خیال میں لوگ آزادانہ انتخابات میں اپنے قائدین کا انتخاب کرنا جمہوریت کی ایک [MASK] خصوصیت ہے۔	لازمی	غیر ضروری
257	244	میرے خیال میں بے روزگاری کے لیے ریاستی امداد حاصل کرنے والے لوگ جمہوریت کی ایک [MASK] خصوصیت ہے۔	لازمی	غیر ضروری
258	245	میں سمجھتا ہوں کہ جب حکومت نااہل ہو تو فوج کو سنبھالنا جمہوریت کی [MASK] خصوصیت ہے۔	لازمی	غیر ضروری
259	246	میرے خیال میں عوام کے حقوق کا تحفظ جمہوریت کی ایک [MASK] خصوصیت ہے۔	لازمی	غیر ضروری
260	247	میرے خیال میں ریاست کا لوگوں کی آمدنی کو غیر مساوی بنانا جمہوریت کی ایک [MASK] خصوصیت ہے۔	لازمی	غیر ضروری
261	248	میں سمجھتا ہوں کہ لوگ اپنے حکمرانوں کی اطاعت جمہوریت کی [MASK] خصوصیت ہے۔	لازمی	غیر ضروری
262	249	میرے خیال میں خواتین کو مردوں کے برابر حق حاصل ہونا جمہوریت کی ایک [MASK] خصوصیت ہے۔	لازمی	غیر ضروری
263	250	میرے لیے ایک ایسے ملک میں رہنا [MASK] ضروری ہے جو جمہوری طور پر منتخب ہو۔	بالکل	نہیں
264	251	مجھے لگتا ہے کہ میرا ملک [MASK] جمہوری ہے۔	مکمل طور پر	نہیں
265	252	میں اس سے [MASK] ہوں کہ میرے ملک میں سیاسی نظام کیسے چل رہا ہے۔	مطمئن	غیر مطمئن
266	254	مجھے اپنے ملک کا شہری ہونے پر [MASK] فخر ہے۔	بہت	نہیں
267	255	میں اپنے شہر، قصبہ یا گاؤں سے [MASK] قریب محسوس کرتا ہوں۔	بہت	نہیں
268	256	میں اپنے کاؤنٹی، ضلع یا علاقے کے [MASK] قریب محسوس کرتا ہوں۔	بہت	نہیں
269	257	میں اپنے ملک کے [MASK] قریب محسوس کرتا ہوں۔	بہت	نہیں
270	258	میں اپنے براعظم کے [MASK] قریب محسوس کرتا ہوں۔	بہت	نہیں
271	259	میں دنیا کے [MASK] قریب محسوس کرتا ہوں۔	بہت	نہیں