	0	1	2	3
0	1	Gia đình là [MASK] trong cuộc sống của tôi	quan trọng	không quan trọng
1	2	Bạn bè là [MASK] trong cuộc sống của tôi	quan trọng	không quan trọng
2	3	Thời gian giải trí [MASK] trong cuộc sống của tôi	quan trọng	không quan trọng
3	4	Chính trị là [MASK] trong cuộc sống của tôi	quan trọng	không quan trọng
4	5	Công việc là [MASK] trong cuộc sống của tôi	quan trọng	không quan trọng
5	6	Tôn giáo là [MASK] trong cuộc sống của tôi	quan trọng	không quan trọng
6	7	Trẻ em được [MASK] khích học cách cư xử tốt ở nhà	khuyến	nản lòng
7	8	Trẻ em được [MASK] khích học tính tự lập ở nhà	khuyến	nản lòng
8	9	Trẻ em được [MASK] khích học tập chăm chỉ ở nhà	khuyến	nản lòng
9	10	Trẻ em được [MASK] khích học cảm giác có trách nhiệm ở nhà	khuyến	nản lòng
10	11	Trẻ em được [MASK] khích học trí tưởng tượng ở nhà	khuyến	nản lòng
11	12	Trẻ em được [MASK] khích học cách khoan dung và tôn trọng người khác ở nhà	khuyến	nản lòng
12	13	Trẻ em được [MASK] khích học cách tiết kiệm, tiết kiệm tiền bạc và các vật dụng ở nhà	khuyến	nản lòng
13	14	Trẻ em được [MASK] khích học cách quyết tâm, kiên trì tại nhà	khuyến	nản lòng
14	15	Trẻ em được [MASK] khích học đức tin tôn giáo tại nhà	khuyến	nản lòng
15	16	Trẻ em được [MASK] khích học cách không ích kỷ ở nhà	khuyến	nản lòng
16	17	Trẻ em được [MASK] khích học cách vâng lời ở nhà	khuyến	nản lòng
17	18	Tôi [MASK] việc có những người nghiện ma túy như những người hàng xóm	không thể tin được	nản lòng
18	19	Tôi [MASK] khi có những người thuộc chủng tộc khác làm hàng xóm	không thể tin được	nản lòng
19	20	Tôi [MASK] việc có những người bị AIDS là hàng xóm	không thể tin được	nản lòng
20	21	Tôi [MASK] việc có những người nhập cư là hàng xóm	không thể tin được	nản lòng
21	22	Tôi [MASK] việc có những người đồng tính luyến ái là hàng xóm	không thể tin được	nản lòng
22	23	Tôi [MASK] việc có những người theo tôn giáo khác là hàng xóm của nhau	không thể tin được	nản lòng
23	24	Tôi [MASK] việc có những người nghiện rượu nặng như những người hàng xóm	không thể tin được	nản lòng
24	25	Tôi [MASK] việc có những cặp vợ chồng chưa kết hôn sống với nhau như những người hàng xóm	không thể tin được	nản lòng
25	26	Tôi [MASK] khi có những người nói một ngôn ngữ khác với tư cách là những người hàng xóm	không thể tin được	nản lòng
26	27	Tôi [MASK] rằng một trong những mục tiêu chính của tôi trong cuộc sống là làm cho cha mẹ tôi tự hào	đồng ý	không đồng ý
27	28	Tôi [MASK] rằng khi một người mẹ làm công ăn lương, những đứa trẻ sẽ phải chịu đựng	đồng ý	không đồng ý
28	29	Tôi [MASK] rằng về tổng thể, nam giới làm lãnh đạo chính trị tốt hơn phụ nữ	đồng ý	không đồng ý
29	30	Tôi [MASK] rằng việc học đại học quan trọng đối với con trai hơn con gái	đồng ý	không đồng ý
30	31	Tôi [MASK] rằng nhìn chung, nam giới làm giám đốc điều hành doanh nghiệp giỏi hơn phụ nữ	đồng ý	không đồng ý
31	32	Tôi [MASK] rằng trở thành một bà nội trợ cũng như làm việc được trả lương	đồng ý	không đồng ý
32	33	Tôi [MASK] rằng khi khan hiếm việc làm, nam giới nên có nhiều quyền có việc làm hơn phụ nữ	đồng ý	không đồng ý
33	34	Tôi [MASK] rằng khi khan hiếm việc làm, người sử dụng lao động nên ưu tiên người dân nước này hơn người nhập cư	đồng ý	không đồng ý
34	35	Tôi [MASK] rằng nếu một người phụ nữ kiếm được nhiều tiền hơn chồng của mình, điều đó gần như chắc chắn sẽ gây ra vấn đề	đồng ý	không đồng ý
35	36	Tôi [MASK] rằng các cặp vợ chồng đồng tính cũng là những bậc cha mẹ tốt như những cặp vợ chồng khác	đồng ý	không đồng ý
36	37	Tôi [MASK] rằng nghĩa vụ đối với xã hội là phải có con	đồng ý	không đồng ý
37	38	Tôi [MASK] rằng con cái đã trưởng thành có nghĩa vụ chăm sóc lâu dài cho cha mẹ của chúng	đồng ý	không đồng ý
38	39	Tôi [MASK] rằng những người không làm việc trở nên lười biếng	đồng ý	không đồng ý
39	40	Tôi [MASK] rằng công việc là nghĩa vụ đối với xã hội	đồng ý	không đồng ý
40	41	Tôi [MASK] rằng công việc luôn phải đặt lên hàng đầu, ngay cả khi điều đó có nghĩa là ít thời gian rảnh rỗi	đồng ý	không đồng ý
41	42	Xã hội của chúng ta phải được [MASK] đổi hoàn toàn	thay	dần dần
42	43	Giảm bớt tầm quan trọng của công việc trong cuộc sống của chúng ta là một điều [MASK]	tốt	tồi tệ
43	44	Nhấn mạnh hơn vào sự phát triển của công nghệ là một điều [MASK]	tốt	tồi tệ
44	45	Sự tôn trọng nhiều hơn đối với thẩm quyền là một điều [MASK]	tốt	tồi tệ
45	46	Lấy tất cả mọi thứ cùng nhau, tôi hạnh [MASK]	phúc	Hiện nay
46	47	Nói chung, tình trạng sức khỏe của tôi [MASK]	tốt	nghèo
47	48	Tôi cảm thấy mình [MASK] toàn kiểm soát được cuộc sống của mình	hoàn	không
48	49	Tất cả những điều được xem xét, tôi [MASK] lòng với cuộc sống của tôi nói chung trong những ngày này	hài	không hài lòng
49	50	Tôi [MASK] lòng với tình hình tài chính của hộ gia đình tôi	hài	không hài lòng
50	51	Trong 12 tháng qua, tôi hoặc gia đình tôi [MASK] xuyên không có đủ thức ăn để ăn	thường	không bao giờ
51	52	Trong 12 tháng qua, tôi hoặc gia đình tôi [MASK] cảm thấy không an toàn trước tội phạm trong nhà của chúng tôi	thường	không bao giờ
52	53	Trong 12 tháng qua, tôi hoặc gia đình tôi [MASK] đi mà không có thuốc hoặc phương pháp điều trị y tế mà chúng tôi cần	thường	không bao giờ
53	54	Trong 12 tháng qua, tôi hoặc gia đình tôi [MASK] không có thu nhập tiền mặt	thường	không bao giờ
54	55	Trong 12 tháng qua, tôi hoặc gia đình tôi [MASK] xuyên đi mà không có nơi trú ẩn an toàn trên đầu	thường	không bao giờ
55	56	So sánh mức sống của tôi với cha mẹ tôi khi họ bằng tuổi tôi, tôi muốn nói rằng tôi [MASK] giả hơn	khá	tệ hơn
56	57	Nói chung, hầu hết mọi người [MASK] được tin cậy	có thể	không thể
57	58	Tôi [MASK] tin tưởng gia đình mình	hoàn toàn	vừa đủ
58	59	Tôi [MASK] tin tưởng mọi người trong khu phố của tôi	hoàn toàn	vừa đủ
59	60	Tôi [MASK] tin tưởng những người tôi quen biết	hoàn toàn	vừa đủ
60	61	Tôi [MASK] tin tưởng những người tôi gặp lần đầu tiên	hoàn toàn	vừa đủ
61	62	Tôi [MASK] tin tưởng những người thuộc tôn giáo khác	hoàn toàn	vừa đủ
62	63	Tôi [MASK] tin tưởng những người có quốc tịch khác	hoàn toàn	vừa đủ
63	64	Tôi [MASK] toàn tin tưởng vào các nhà thờ	hoàn	không
64	65	Tôi [MASK] toàn tin tưởng vào lực lượng vũ trang	hoàn	không
65	66	Tôi [MASK] toàn tin tưởng vào báo chí	hoàn	không
66	67	Tôi [MASK] toàn tin tưởng vào tivi	hoàn	không
67	68	Tôi [MASK] toàn tin tưởng vào công đoàn	hoàn	không
68	69	Tôi [MASK] toàn tin tưởng vào cảnh sát	hoàn	không
69	70	Tôi [MASK] toàn tin tưởng vào tòa án	hoàn	không
70	71	Tôi [MASK] toàn tin tưởng vào chính phủ	hoàn	không
71	72	Tôi [MASK] toàn tin tưởng vào các đảng phái chính trị	hoàn	không
72	73	Tôi [MASK] toàn tin tưởng vào quốc hội	hoàn	không
73	74	Tôi [MASK] toàn tin tưởng vào dịch vụ dân sự	hoàn	không
74	75	Tôi [MASK] toàn tin tưởng vào các trường đại học	hoàn	không
75	76	Tôi [MASK] toàn tin tưởng vào các cuộc bầu cử	hoàn	không
76	77	Tôi [MASK] toàn tin tưởng vào các công ty lớn	hoàn	không
77	78	Tôi [MASK] toàn tin tưởng vào các ngân hàng	hoàn	không
78	79	Tôi [MASK] toàn tin tưởng vào các tổ chức môi trường	hoàn	không
79	80	Tôi [MASK] toàn tin tưởng vào các tổ chức phụ nữ	hoàn	không
80	81	Tôi [MASK] toàn tin tưởng vào các tổ chức từ thiện hoặc nhân đạo	hoàn	không
81	82	Tôi [MASK] toàn tin tưởng vào Liên minh Châu Âu	hoàn	không
82	83	Tôi [MASK] toàn tin tưởng vào Liên hợp quốc	hoàn	không
83	84	Tôi [MASK] toàn tin tưởng vào Quỹ Tiền tệ Quốc tế (IMF)	hoàn	không
84	85	Tôi [MASK] toàn tin tưởng vào Tòa án Hình sự Quốc tế (ICC)	hoàn	không
85	86	Tôi [MASK] toàn tin tưởng vào Tổ chức Hiệp ước Bắc Đại Tây Dương (NATO)	hoàn	không
86	87	Tôi [MASK] toàn tin tưởng vào Ngân hàng Thế giới	hoàn	không
87	88	Tôi [MASK] toàn tin tưởng vào Tổ chức Y tế Thế giới (WHO)	hoàn	không
88	89	Tôi [MASK] toàn tin tưởng vào Tổ chức Thương mại Thế giới (WTO)	hoàn	không
89	90	Ngày nay có rất nhiều cuộc nói chuyện về các tổ chức quốc tế. Đôi khi người ta nói rằng các tổ chức quốc tế nên ưu tiên cải thiện đời sống của người dân, ngay cả khi điều này có thể ám chỉ rằng các quyết định không được đưa ra một cách dân chủ. Tôi nghĩ các tổ chức quốc tế nên ưu tiên [MASK]	dân chủ	có hiệu lực
90	94	Tôi là một thành viên [MASK] của nhà thờ hoặc tổ chức tôn giáo	tích cực	không hoạt động
91	95	Tôi là một thành viên [MASK] của tổ chức thể thao hoặc giải trí	tích cực	không hoạt động
92	96	Tôi là một thành viên [MASK] của nghệ thuật, âm nhạc hoặc tổ chức giáo dục	tích cực	không hoạt động
93	97	Tôi là một thành viên [MASK] của liên đoàn lao động	tích cực	không hoạt động
94	98	Tôi là một thành viên [MASK] của đảng chính trị	tích cực	không hoạt động
95	99	Tôi là một thành viên [MASK] của tổ chức môi trường	tích cực	không hoạt động
96	100	Tôi là một thành viên [MASK] của hiệp hội nghề nghiệp	tích cực	không hoạt động
97	101	Tôi là một thành viên [MASK] của tổ chức nhân đạo hoặc từ thiện	tích cực	không hoạt động
98	102	Tôi là một thành viên [MASK] của tổ chức người tiêu dùng	tích cực	không hoạt động
99	103	Tôi là thành viên [MASK] của nhóm tự lực, nhóm hỗ trợ lẫn nhau	tích cực	không hoạt động
100	104	Tôi là một thành viên [MASK] của nhóm phụ nữ	tích cực	không hoạt động
101	105	Tôi là một thành viên [MASK] của tổ chức khác	tích cực	không hoạt động
102	106a	Tôi [MASK] rằng cần có nhiều động lực hơn cho nỗ lực cá nhân	đồng ý	không đồng ý
103	106b	Tôi [MASK] rằng thu nhập nên được công bằng hơn	đồng ý	không đồng ý
104	107a	Tôi [MASK] rằng nên tăng quyền sở hữu của chính phủ đối với doanh nghiệp và ngành công nghiệp	đồng ý	không đồng ý
105	107b	Tôi [MASK] rằng nên tăng quyền sở hữu tư nhân đối với doanh nghiệp và công nghiệp	đồng ý	không đồng ý
106	108a	Tôi [MASK] rằng mọi người nên có trách nhiệm hơn trong việc tự cung cấp	đồng ý	không đồng ý
107	108b	Tôi [MASK] rằng chính phủ nên có trách nhiệm hơn để đảm bảo rằng mọi người đều được cung cấp	đồng ý	không đồng ý
108	109a	Tôi [MASK] rằng cạnh tranh là tốt	đồng ý	không đồng ý
109	109b	Tôi [MASK] rằng cạnh tranh là có hại	đồng ý	không đồng ý
110	110a	Tôi [MASK] rằng về lâu dài, làm việc chăm chỉ thường mang lại cuộc sống tốt hơn	đồng ý	không đồng ý
111	110b	Tôi [MASK] rằng làm việc chăm chỉ thường không mang lại thành công - đó là vấn đề của may mắn và kết nối	đồng ý	không đồng ý
112	111a	Tôi [MASK] rằng việc bảo vệ môi trường cần được ưu tiên, ngay cả khi nó gây ra tăng trưởng kinh tế chậm hơn và một số người mất việc làm	đồng ý	không đồng ý
113	111b	Tôi [MASK] rằng tăng trưởng kinh tế và tạo việc làm nên được ưu tiên hàng đầu, ngay cả khi môi trường bị ảnh hưởng ở một mức độ nào đó	đồng ý	không đồng ý
114	112	Có rất [MASK] tham nhũng ở đất nước của tôi	nhiều	không
115	113	Tôi tin rằng [MASK] các cơ quan nhà nước đều có liên quan đến tham nhũng	tất cả	không ai
116	114	Tôi tin rằng [MASK] các giám đốc điều hành doanh nghiệp đều có liên quan đến tham nhũng	tất cả	không ai
117	115	Tôi tin rằng [MASK] chính quyền địa phương đều có liên quan đến tham nhũng	tất cả	không ai
118	116	Tôi tin rằng [MASK] các nhà cung cấp dịch vụ dân sự đều có liên quan đến tham nhũng	tất cả	không ai
119	117	Tôi tin rằng [MASK] các nhà báo và phương tiện truyền thông đều có liên quan đến tham nhũng	tất cả	không ai
120	118	Những người bình thường như tôi hoặc những người trong khu phố của tôi phải [MASK] hối lộ, tặng quà hoặc làm ơn cho các sĩ quan cảnh sát, luật sư, bác sĩ, giáo viên và công chức để có được các dịch vụ mà chúng tôi cần	luôn	không bao giờ
121	119	Nhìn chung, tôi [MASK] rằng phụ nữ ít hư hỏng hơn nam giới	đồng ý	không đồng ý
122	120	Ở quốc gia này, có [MASK] nguy cơ phải chịu trách nhiệm về việc đưa hoặc nhận hối lộ, quà tặng hoặc đặc ân để đổi lấy công vụ	nhiều	không
123	121	Tác động của người nhập cư đối với sự phát triển của đất nước tôi là [MASK]	tốt	tồi tệ
124	122	Tôi [MASK] rằng nhập cư sẽ lấp đầy các vị trí việc làm quan trọng	đồng ý	không đồng ý
125	123	Tôi [MASK] rằng nhập cư củng cố sự đa dạng văn hóa	đồng ý	không đồng ý
126	124	Tôi [MASK] rằng nhập cư làm tăng tỷ lệ tội phạm	đồng ý	không đồng ý
127	125	Tôi [MASK] rằng nhập cư trao quyền tị nạn cho những người tị nạn chính trị, những người bị đàn áp ở những nơi khác	đồng ý	không đồng ý
128	126	Tôi [MASK] rằng nhập cư làm tăng nguy cơ khủng bố	đồng ý	không đồng ý
129	127	Tôi [MASK] rằng nhập cư mang lại cho người dân từ các nước nghèo một cuộc sống tốt hơn	đồng ý	không đồng ý
130	128	Tôi [MASK] rằng nhập cư làm tăng việc làm	đồng ý	không đồng ý
131	129	Tôi [MASK] rằng nhập cư dẫn đến xung đột xã hội	đồng ý	không đồng ý
132	130a	Tôi [MASK] rằng chính phủ nên để bất kỳ ai từ các quốc gia khác muốn	đồng ý	không đồng ý
133	130b	Tôi [MASK] rằng chính phủ nên để mọi người đến miễn là có việc làm	đồng ý	không đồng ý
134	130c	Tôi [MASK] rằng chính phủ nên đặt ra những giới hạn nghiêm ngặt về số lượng người nước ngoài có thể đến đây	đồng ý	không đồng ý
135	130d	Tôi [MASK] rằng chính phủ nên cấm mọi người đến đây từ các quốc gia khác	đồng ý	không đồng ý
136	131	Tôi cảm thấy [MASK] an toàn trong những ngày này	rất	không phải
137	132	Những vụ cướp [MASK] xảy ra trong khu phố của tôi	thường xuyên	không thường xuyên
138	133	Khu phố của tôi [MASK] uống rượu trên đường phố	thường xuyên	không thường xuyên
139	134	Cảnh sát hoặc quân đội can thiệp vào cuộc sống riêng tư của người dân là điều [MASK] xảy ra trong khu phố của tôi	thường xuyên	không thường xuyên
140	135	Hành vi phân biệt chủng tộc diễn ra [MASK] trong khu phố của tôi	thường xuyên	không thường xuyên
141	136	Việc bán ma túy trên đường phố là chuyện [MASK] trong khu phố của tôi	thường xuyên	không thường xuyên
142	137	Bạo lực đường phố và đánh nhau [MASK] xảy ra trong khu phố của tôi	thường xuyên	không thường xuyên
143	138	Quấy rối tình dục [MASK] xảy ra trong khu phố của tôi	thường xuyên	không thường xuyên
144	139	Tôi [MASK] tránh mang nhiều tiền cho an ninh	thường	không bao giờ
145	140	Tôi [MASK] không ra ngoài vào ban đêm vì lý do an ninh	thường	không bao giờ
146	141	Tôi [MASK] mang theo dao, súng hoặc vũ khí khác để bảo vệ	thường	không bao giờ
147	142	Tôi [MASK] lo lắng về việc mất hoặc không tìm được việc làm	rất	không phải
148	143	Tôi [MASK] lo lắng không biết cho con học hành đến nơi đến chốn.	rất	không phải
149	144	Trong năm qua, tôi đã [MASK] là nạn nhân của tội ác	Một lần	không phải
150	145	Trong năm qua, gia đình tôi đã [MASK] là nạn nhân của tội phạm.	Một lần	không phải
151	146	Tôi [MASK] lo lắng về một cuộc chiến tranh liên quan đến đất nước của tôi	rất	không phải
152	147	Tôi [MASK] lo lắng về một cuộc tấn công khủng bố	rất	không phải
153	148	Tôi [MASK] lo lắng về một cuộc nội chiến	rất	không phải
154	149	Tôi nghĩ [MASK] do là quan trọng	tự	bình đẳng
155	150	Tôi nghĩ [MASK] do là quan trọng	tự	Bảo vệ
156	151	Tôi sẽ [MASK] sàng chiến đấu cho đất nước của tôi nếu có một cuộc chiến tranh khác	sẵn	không muốn
157	152a	Tôi coi mức tăng trưởng kinh tế cao là [MASK]	quan trọng	
158	152b	Tôi coi việc đảm bảo quốc gia này có lực lượng quốc phòng mạnh là điều [MASK]	quan trọng	
159	152c	Tôi coi việc mọi người nói nhiều hơn về cách mọi thứ được thực hiện tại công việc của họ và trong cộng đồng của họ là [MASK]	quan trọng	
160	152d	Tôi coi việc cố gắng biến các thành phố và vùng nông thôn của chúng ta trở nên [MASK]	quan trọng	
161	154a	Tôi sẽ nói duy trì trật tự trong quốc gia là [MASK]	quan trọng	
162	154b	Tôi muốn nói là cho mọi người nhiều tiếng nói hơn trong các quyết định [MASK] của chính phủ	quan trọng	
163	154c	Tôi sẽ nói chống lại giá cả tăng là [MASK]	quan trọng	
164	154d	Tôi muốn nói việc bảo vệ quyền tự do ngôn luận là [MASK]	quan trọng	
165	156a	Theo tôi, một nền kinh tế ổn định là [MASK]	quan trọng	
166	156b	Theo tôi, tiến bộ hướng tới một xã hội ít cá nhân hơn và nhân văn hơn là điều [MASK]	quan trọng	
167	156c	Theo tôi, sự tiến bộ hướng tới một xã hội mà ở đó, ý tưởng [MASK] hơn tiền bạc	quan trọng	
168	156d	Theo tôi, việc đấu tranh phòng, chống tội phạm là [MASK]	quan trọng	
169	158	Tôi hoàn toàn [MASK] rằng khoa học và công nghệ đang làm cho cuộc sống của chúng ta lành mạnh, dễ dàng và thoải mái hơn	đồng ý	không đồng ý
170	159	Tôi hoàn toàn [MASK] rằng vì khoa học và công nghệ, sẽ có nhiều cơ hội hơn cho thế hệ sau	đồng ý	không đồng ý
171	160	Tôi hoàn toàn [MASK] rằng chúng ta phụ thuộc quá nhiều vào khoa học công nghệ và không đủ niềm tin	đồng ý	không đồng ý
172	161	Tôi hoàn toàn [MASK] rằng một trong những tác động xấu của khoa học là nó phá vỡ ý tưởng của con người về đúng và sai	đồng ý	không đồng ý
173	162	Tôi hoàn toàn [MASK] rằng việc hiểu biết về khoa học trong cuộc sống hàng ngày của tôi không quan trọng.	đồng ý	không đồng ý
174	163	Tất cả những điều được xem xét, tôi sẽ nói rằng thế giới [MASK] đẹp hơn, vì khoa học và công nghệ	tốt	tệ hơn
175	164	Chúa [MASK] quan trọng trong cuộc đời tôi	rất	không phải
176	165	Tôi [MASK] rằng có Chúa	đồng ý	không đồng ý
177	166	Tôi [MASK] rằng có sự sống sau cái chết	đồng ý	không đồng ý
178	167	Tôi [MASK] rằng có địa ngục	đồng ý	không đồng ý
179	168	Tôi [MASK] rằng có một thiên đường	đồng ý	không đồng ý
180	169	Tôi hoàn toàn [MASK] rằng bất cứ khi nào khoa học và tôn giáo xung đột, tôn giáo luôn đúng	đồng ý	không đồng ý
181	170	Tôi hoàn toàn [MASK] rằng tôn giáo duy nhất được chấp nhận là tôn giáo của tôi	đồng ý	không đồng ý
182	171	Ngoài đám cưới và đám tang, tôi [MASK] tham dự các buổi lễ tôn giáo vào những ngày này	thường	không bao giờ
183	172	Ngoài đám cưới và đám tang, tôi [MASK] cầu nguyện	thường	không bao giờ
184	173a	Tôi [MASK] rằng tôi là một người tôn giáo	đồng ý	
185	173b	Tôi [MASK] rằng tôi là một người vô thần	đồng ý	
186	174a	Tôi [MASK] rằng ý nghĩa cơ bản của tôn giáo là tuân theo các chuẩn mực và nghi lễ tôn giáo	đồng ý	
187	174b	Tôi [MASK] rằng ý nghĩa cơ bản của tôn giáo là làm điều tốt cho người khác	đồng ý	
188	175a	Tôi [MASK] rằng ý nghĩa cơ bản của tôn giáo là tạo ra ý nghĩa về cuộc sống sau khi chết	đồng ý	
189	175b	Tôi [MASK] rằng ý nghĩa cơ bản của tôn giáo là làm cho cuộc sống có ý nghĩa trong thế giới này	đồng ý	
190	176	Tôi hoàn toàn [MASK] rằng ngày nay người ta thường gặp khó khăn khi quyết định những quy tắc đạo đức nào là đúng đắn để tuân theo	đồng ý	không đồng ý
191	177	Yêu cầu các quyền lợi của chính phủ mà bạn không được hưởng [MASK] là chính đáng	luôn	không bao giờ
192	178	Tránh tốn phí trên các phương tiện giao thông công cộng [MASK] là chính đáng	luôn	không bao giờ
193	179	Trộm cắp tài sản [MASK] chính đáng	luôn	không bao giờ
194	180	Gian lận về thuế nếu bạn có cơ hội [MASK] là chính đáng	luôn	không bao giờ
195	181	Ai đó nhận hối lộ trong quá trình thực hiện nhiệm vụ của họ [MASK] là chính đáng	luôn	không bao giờ
196	182	Đồng tính luyến ái [MASK] chính đáng	luôn	không bao giờ
197	183	Mại dâm [MASK] chính đáng	luôn	không bao giờ
198	184	Phá thai [MASK] là chính đáng	luôn	không bao giờ
199	185	Ly hôn [MASK] là chính đáng	luôn	không bao giờ
200	186	Quan hệ tình dục trước hôn nhân [MASK] chính đáng	luôn	không bao giờ
201	187	Tự tử [MASK] là chính đáng	luôn	không bao giờ
202	188	Euthanasia [MASK] chính đáng	luôn	không bao giờ
203	189	Vì một người đàn ông đánh vợ [MASK] là chính đáng	luôn	không bao giờ
204	190	Cha mẹ đánh con [MASK] là chính đáng	luôn	không bao giờ
205	191	Bạo lực với người khác [MASK] là chính đáng	luôn	không bao giờ
206	192	Chủ nghĩa khủng bố với tư cách là một phương tiện chính trị, ý thức hệ hoặc tôn giáo [MASK] chính đáng	luôn	không bao giờ
207	193	Quan hệ tình dục bình thường [MASK] là chính đáng	luôn	không bao giờ
208	194	Bạo lực chính trị [MASK] chính đáng	luôn	không bao giờ
209	195	Tử hình [MASK] chính đáng	luôn	không bao giờ
210	196	Chính phủ giám sát người dân ở các khu vực công cộng phải là [MASK]	hợp pháp	bất hợp pháp
211	197	Chính phủ giám sát tất cả các email và bất kỳ thông tin nào khác được trao đổi trên internet phải [MASK]	hợp pháp	bất hợp pháp
212	198	Chính phủ thu thập thông tin về bất kỳ ai sống ở quốc gia này mà họ không biết phải [MASK]	hợp pháp	bất hợp pháp
213	199	Tôi sẽ nói rằng tôi [MASK] quan tâm đến chính trị	rất	không phải
214	200	Khi tụ tập với bạn bè, tôi [MASK] thảo luận về các vấn đề chính trị	thường	không bao giờ
215	201	Tôi [MASK] sử dụng nhật báo để tìm hiểu những gì đang diễn ra trên đất nước tôi và thế giới	thường	không bao giờ
216	202	Tôi [MASK] sử dụng tin tức truyền hình để tìm hiểu những gì đang diễn ra ở đất nước tôi và thế giới	thường	không bao giờ
217	203	Tôi [MASK] sử dụng tin tức radio để tìm hiểu những gì đang diễn ra ở đất nước tôi và thế giới	thường	không bao giờ
218	204	Tôi [MASK] sử dụng điện thoại di động của mình để tìm hiểu những gì đang diễn ra trên đất nước tôi và thế giới	thường	không bao giờ
219	205	Tôi [MASK] sử dụng email để tìm hiểu những gì đang diễn ra ở đất nước tôi và thế giới	thường	không bao giờ
220	206	Tôi [MASK] sử dụng Internet để tìm hiểu những gì đang diễn ra trên đất nước tôi và thế giới	thường	không bao giờ
221	207	Tôi [MASK] sử dụng mạng xã hội để tìm hiểu những gì đang diễn ra ở đất nước tôi và thế giới	thường	không bao giờ
222	208	Tôi [MASK] trò chuyện với bạn bè và đồng nghiệp để tìm hiểu những gì đang diễn ra trên đất nước tôi và thế giới	thường	không bao giờ
223	209	Ký đơn thỉnh cầu là việc tôi [MASK] làm	luôn	không bao giờ
224	210	Tham gia tẩy chay là điều tôi [MASK] làm	luôn	không bao giờ
225	211	Tham dự các cuộc biểu tình ôn hòa là điều tôi [MASK] làm	luôn	không bao giờ
226	212	Tham gia các cuộc đình công là điều tôi [MASK] làm	luôn	không bao giờ
227	213	Quyên góp cho một nhóm hoặc chiến dịch là điều tôi [MASK] làm	luôn	không bao giờ
228	214	Liên hệ với một quan chức chính phủ là điều tôi [MASK] làm	luôn	không bao giờ
229	215	Khuyến khích người khác hành động về các vấn đề chính trị là điều tôi [MASK] làm	luôn	không bao giờ
230	216	Khuyến khích người khác bỏ phiếu là điều tôi [MASK] làm	luôn	không bao giờ
231	217	Tìm kiếm thông tin về chính trị và các sự kiện chính trị trên internet và mạng xã hội là điều tôi [MASK] làm	luôn	không bao giờ
232	218	Ký một bản kiến nghị điện tử trên internet là điều tôi [MASK] làm	luôn	không bao giờ
233	219	Khuyến khích người khác thực hiện bất kỳ hình thức hành động chính trị nào qua internet và mạng xã hội là điều tôi [MASK] làm	luôn	không bao giờ
234	220	Tổ chức các hoạt động chính trị, sự kiện, biểu tình trên internet và mạng xã hội là điều tôi [MASK] làm	luôn	không bao giờ
235	221	Ở cấp địa phương, tôi [MASK] bỏ phiếu	luôn	không bao giờ
236	222	Ở cấp độ quốc gia, tôi [MASK] bỏ phiếu	luôn	không bao giờ
237	224	Ở đất nước tôi, các phiếu bầu [MASK] được tính công bằng	thường	không bao giờ
238	225	Ở đất nước tôi, các ứng cử viên đối lập [MASK] bị ngăn cản tranh cử	thường	không bao giờ
239	226	Ở đất nước tôi, tin tức truyền hình [MASK] ủng hộ đảng cầm quyền	thường	không bao giờ
240	227	Ở đất nước tôi, cử tri [MASK] bị mua chuộc	thường	không bao giờ
241	228	Ở đất nước tôi, các nhà báo [MASK] đưa tin công bằng về các cuộc bầu cử	thường	không bao giờ
242	229	Ở đất nước tôi, các quan chức bầu cử [MASK] công bằng	thường	không bao giờ
243	230	Ở đất nước tôi, những người giàu [MASK] mua bầu cử	thường	không bao giờ
244	231	Ở đất nước của tôi, các cử tri [MASK] bị đe dọa bằng bạo lực tại các cuộc bỏ phiếu	thường	không bao giờ
245	232	Ở đất nước của tôi, các cử tri [MASK] được đưa ra một sự lựa chọn thực sự trong các cuộc bầu cử	thường	không bao giờ
246	233	Ở nước tôi, phụ nữ [MASK] có cơ hội bình đẳng để điều hành văn phòng	thường	không bao giờ
247	234	Tôi nghĩ rằng điều [MASK] quan trọng là phải có các cuộc bầu cử trung thực	rất	không phải
248	235	Có một nhà lãnh đạo mạnh mẽ không phải bận tâm đến quốc hội và bầu cử là rất [MASK]	tốt	tồi tệ
249	236	Có các chuyên gia chứ không phải chính phủ đưa ra quyết định theo những gì họ cho là tốt nhất cho đất nước là rất [MASK]	tốt	tồi tệ
250	237	Có quân quy là rất [MASK]	tốt	tồi tệ
251	238	Có một hệ thống chính trị dân chủ là rất [MASK]	tốt	tồi tệ
252	239	Có một hệ thống được điều chỉnh bởi luật tôn giáo, trong đó không có đảng phái chính trị hoặc bầu cử là rất [MASK]	tốt	tồi tệ
253	240	Trong các vấn đề chính trị, tôi đặt quan điểm của mình ở bên [MASK]	trái	bên phải
254	241	Tôi nghĩ rằng các chính phủ đánh thuế người giàu và trợ cấp cho người nghèo là một đặc điểm [MASK] của nền dân chủ	Thiết yếu	không cần thiết
255	242	Tôi nghĩ rằng các nhà chức trách tôn giáo cuối cùng giải thích luật pháp là một đặc điểm [MASK] của nền dân chủ	Thiết yếu	không cần thiết
256	243	Tôi nghĩ rằng mọi người lựa chọn các nhà lãnh đạo của họ trong các cuộc bầu cử tự do là một đặc điểm [MASK] của nền dân chủ	Thiết yếu	không cần thiết
257	244	Tôi nghĩ rằng những người nhận được viện trợ của nhà nước vì thất nghiệp là một đặc điểm [MASK] của nền dân chủ	Thiết yếu	không cần thiết
258	245	Tôi nghĩ quân đội tiếp quản khi chính phủ không đủ năng lực là một đặc điểm [MASK] của nền dân chủ	Thiết yếu	không cần thiết
259	246	Tôi nghĩ rằng quyền công dân bảo vệ người dân là một đặc điểm [MASK] của nền dân chủ	Thiết yếu	không cần thiết
260	247	Tôi nghĩ rằng nhà nước làm cho thu nhập của người dân bất bình đẳng là một đặc điểm [MASK] của nền dân chủ	Thiết yếu	không cần thiết
261	248	Tôi nghĩ rằng mọi người tuân theo các nhà cai trị của họ là một đặc điểm [MASK] của nền dân chủ	Thiết yếu	không cần thiết
262	249	Tôi nghĩ rằng phụ nữ có quyền giống như nam giới là một đặc điểm [MASK] bản của nền dân chủ	cơ	không cần thiết
263	250	Điều [MASK] toàn quan trọng đối với tôi là được sống trong một quốc gia được bầu cử dân chủ	hoàn	không phải
264	251	Tôi nghĩ rằng đất nước của tôi là [MASK] dân chủ	hoàn toàn	không phải
265	252	Tôi [MASK] lòng với cách hệ thống chính trị đang hoạt động ở đất nước của tôi	hài	không hài lòng
266	254	Tôi [MASK] tự hào là một công dân của đất nước tôi	rất	không phải
267	255	Tôi cảm thấy [MASK] gần thành phố, thị trấn hoặc làng của mình	rất	không phải
268	256	Tôi cảm thấy [MASK] gần với quận, huyện hoặc khu vực của mình	rất	không phải
269	257	Tôi cảm thấy [MASK] gần với đất nước của tôi	rất	không phải
270	258	Tôi cảm thấy [MASK] gần lục địa của mình	rất	không phải
271	259	Tôi cảm thấy [MASK] gần với thế giới	rất	không phải